weather_station_epw_filepath,simulation_control_daylight_saving_enabled,site_time_zone_utc_offset,geometry_building_num_units,geometry_unit_type,geometry_average_ceiling_height,geometry_unit_aspect_ratio,geometry_unit_orientation,geometry_overhangs_front_depth,geometry_overhangs_front_distance_to_top_of_window,geometry_overhangs_front_distance_to_bottom_of_window,geometry_overhangs_back_depth,geometry_overhangs_back_distance_to_top_of_window,geometry_overhangs_back_distance_to_bottom_of_window,geometry_overhangs_left_depth,geometry_overhangs_left_distance_to_top_of_window,geometry_overhangs_left_distance_to_bottom_of_window,geometry_overhangs_right_depth,geometry_overhangs_right_distance_to_top_of_window,geometry_overhangs_right_distance_to_bottom_of_window,geometry_unit_cfa,year_built,geometry_unit_num_bedrooms,geometry_unit_num_occupants,geometry_attic_type,geometry_roof_type,geometry_roof_pitch,geometry_unit_num_floors_above_grade,geometry_foundation_type,geometry_foundation_height,geometry_foundation_height_above_grade,geometry_rim_joist_height,window_ufactor,window_shgc,skylight_ufactor,skylight_shgc,wall_type,wall_assembly_r,ceiling_assembly_r,foundation_wall_type,foundation_wall_insulation_r,foundation_wall_insulation_location,foundation_wall_insulation_distance_to_top,floor_type,floor_over_foundation_assembly_r,floor_over_garage_assembly_r,wall_siding_type,wall_color,geometry_garage_protrusion,geometry_garage_width,geometry_garage_depth,geometry_garage_position,air_leakage_units,air_leakage_house_pressure,air_leakage_value,air_leakage_type,site_shielding_of_home,rim_joist_assembly_r,geometry_unit_left_wall_is_adiabatic,geometry_unit_right_wall_is_adiabatic,geometry_unit_front_wall_is_adiabatic,geometry_unit_back_wall_is_adiabatic,heating_system_type,heating_system_heating_efficiency,heating_system_fraction_heat_load_served,heat_pump_type,heat_pump_heating_efficiency_type,heat_pump_heating_efficiency,heat_pump_cooling_efficiency_type,heat_pump_cooling_efficiency,heat_pump_sizing_methodology,heat_pump_sizing_is_duct_limited,heat_pump_fraction_heat_load_served,heat_pump_fraction_cool_load_served,heat_pump_backup_use_existing_system,heat_pump_backup_type,heat_pump_backup_fuel,heat_pump_backup_heating_efficiency,geothermal_loop_configuration,heating_system_fuel,cooling_system_type,cooling_system_cooling_compressor_type,misc_plug_loads_vehicle_present,misc_plug_loads_vehicle_usage_multiplier,misc_plug_loads_vehicle_2_usage_multiplier,permanent_spa_present,permanent_spa_heater_type,pool_present,pool_heater_type,pool_heater_usage_multiplier,pool_pump_usage_multiplier,water_heater_fuel_type,water_heater_efficiency_type,water_heater_efficiency,water_heater_recovery_efficiency,water_heater_standby_loss,water_heater_jacket_rvalue,water_heater_setpoint_temperature,water_heater_type,water_heater_location,clothes_dryer_present,clothes_dryer_fuel_type,clothes_dryer_efficiency_type,clothes_dryer_efficiency,clothes_dryer_usage_multiplier,clothes_washer_efficiency_type,clothes_washer_efficiency,clothes_washer_rated_annual_kwh,clothes_washer_label_electric_rate,clothes_washer_label_gas_rate,clothes_washer_label_annual_gas_cost,clothes_washer_label_usage,clothes_washer_capacity,clothes_washer_present,clothes_washer_usage_multiplier,cooking_range_oven_present,cooking_range_oven_fuel_type,cooking_range_oven_is_induction,cooking_range_oven_usage_multiplier,dishwasher_present,dishwasher_efficiency_type,dishwasher_efficiency,dishwasher_label_electric_rate,dishwasher_label_gas_rate,dishwasher_label_annual_gas_cost,dishwasher_label_usage,dishwasher_place_setting_capacity,refrigerator_present,refrigerator_rated_annual_kwh,extra_refrigerator_present,extra_refrigerator_rated_annual_kwh,extra_refrigerator_usage_multiplier,freezer_present,freezer_rated_annual_kwh,freezer_usage_multiplier,lighting_present,lighting_interior_fraction_cfl,lighting_interior_fraction_lfl,lighting_interior_fraction_led,lighting_exterior_fraction_cfl,lighting_exterior_fraction_lfl,lighting_exterior_fraction_led,lighting_garage_fraction_cfl,lighting_garage_fraction_lfl,lighting_garage_fraction_led,lighting_interior_usage_multiplier,door_rvalue,door_area,hvac_control_heating_weekday_setpoint,hvac_control_heating_weekend_setpoint,hvac_control_cooling_weekday_setpoint,hvac_control_cooling_weekend_setpoint,mech_vent_fan_type,mech_vent_flow_rate,mech_vent_hours_in_operation,mech_vent_recovery_efficiency_type,mech_vent_total_recovery_efficiency,mech_vent_sensible_recovery_efficiency,mech_vent_fan_power,mech_vent_num_units_served,mech_vent_2_fan_type,mech_vent_2_flow_rate,mech_vent_2_hours_in_operation,mech_vent_2_recovery_efficiency_type,mech_vent_2_total_recovery_efficiency,mech_vent_2_sensible_recovery_efficiency,mech_vent_2_fan_power,whole_house_fan_present,whole_house_fan_flow_rate,whole_house_fan_power,window_fraction_operable,water_heater_tank_volume,overhangs_front_depth,overhangs_front_distance_to_top_of_window,heat_pump_is_ducted,heat_pump_compressor_lockout_temp,heat_pump_cooling_compressor_type,heat_pump_heating_capacity_retention_fraction,heat_pump_heating_capacity_retention_temp,geothermal_loop_grout_type,geothermal_loop_pipe_type,simulation_control_ground_to_air_heat_pump_model_type,permanent_spa_pump_annual_kwh,permanent_spa_heater_annual_kwh,misc_plug_loads_vehicle_annual_kwh
2020s_CAN_QC_Montreal-McTavish.716120_CWEC2016.epw,True,-5,116,apartment unit,8,0.5556,315,0,0,4,0,0,4,0,0,4,0,0,4,2115,2005,3,1,VentedAttic,gable,6:12,1,SlabOnGrade,0,0,0.0,0.38,0.44,0.37,0.3,WoodStud,18.9,31.4,solid concrete,17.1,interior,0,WoodFrame,0.0,5.3,none,medium,0.5,0.0,0.0,Right,ACH,50,1.6047153569243466,unit exterior only,normal,0.0,False,True,True,False,Boiler,1.0,1.0,none,HSPF,0.0,SEER,0.0,ACCA,false,1.0,1.0,false,none,electricity,1.0,none,electricity,central air conditioner,single stage,False,0,0.0,False,none,False,,1.0,1.0,electricity,EnergyFactor,0.92,0.0,0,0,125,storage water heater,conditioned space,True,electricity,CombinedEnergyFactor,2.7,0.8,IntegratedModifiedEnergyFactor,0.95,387,0.1065,1.218,24,7.538462,3.5,True,0.8,True,electricity,False,0.8,False,RatedAnnualkWh,0,0.0,0.0,0,0,0,True,727,False,0,0.0,True,935,0.342,True,0,0.0,0.75,0,0,0.75,0,0,0.75,1.0,5,20,"62.6,62.6,62.6,62.6,62.6,62.6,62.6,71.6,71.6,69.8,69.8,69.8,69.8,69.8,69.8,69.8,69.8,69.8,71.6,71.6,71.6,71.6,71.6,62.6","62.6,62.6,62.6,62.6,62.6,62.6,62.6,71.6,71.6,69.8,69.8,69.8,69.8,69.8,69.8,69.8,69.8,69.8,71.6,71.6,71.6,71.6,71.6,62.6","71.6,71.6,71.6,71.6,71.6,71.6,71.6,71.6,71.6,71.6,71.6,71.6,71.6,71.6,71.6,71.6,71.6,71.6,71.6,71.6,71.6,71.6,71.6,71.6","71.6,71.6,71.6,71.6,71.6,71.6,71.6,71.6,71.6,71.6,71.6,71.6,71.6,71.6,71.6,71.6,71.6,71.6,71.6,71.6,71.6,71.6,71.6,71.6",none,0,0,Unadjusted,0,0,0,0,none,0,0,Unadjusted,0,0,0,False,0,0,0.67,,,,,,,,,,,,,,
2020s_CAN_QC_Montreal-McTavish.716120_CWEC2016.epw,True,-5,1,single-family detached,8,1.8,0,0,0,4,0,0,4,0,0,4,0,0,4,1698,2005,4,2,VentedAttic,gable,6:12,2,ConditionedBasement,8,1,9.25,0.49,0.56,0.37,0.3,WoodStud,20.7,32.5,solid concrete,17.1,interior,0,WoodFrame,5.3,5.3,none,medium,1.0,12.0,22.0,Right,ACH,50,7.0,unit exterior only,normal,18.35,False,False,False,False,ElectricResistance,1.0,1.0,none,HSPF,0.0,SEER,0.0,ACCA,false,1.0,1.0,false,none,electricity,1.0,none,electricity,mini-split,variable speed,False,0,0.0,False,none,False,,1.0,1.0,electricity,EnergyFactor,0.92,0.0,0,0,125,storage water heater,conditioned space,True,electricity,CombinedEnergyFactor,2.7,1.0,IntegratedModifiedEnergyFactor,0.95,387,0.1065,1.218,24,7.538462,3.5,True,1.0,True,electricity,False,1.0,True,RatedAnnualkWh,290,0.12,1.09,23,4,12,True,748,True,1139,1.0,False,0,0.0,True,0,0.0,0.0,0,0,0.0,0,0,0.0,1.0,5,20,"66.2,66.2,66.2,66.2,66.2,68.0,68.0,68.0,68.0,68.0,68.0,68.0,68.0,68.0,68.0,68.0,68.0,68.0,68.0,68.0,68.0,68.0,68.0,68.0","66.2,66.2,66.2,66.2,66.2,68.0,68.0,68.0,68.0,68.0,68.0,68.0,68.0,68.0,68.0,68.0,68.0,68.0,68.0,68.0,68.0,68.0,68.0,68.0","68.0,68.0,68.0,68.0,68.0,68.0,68.0,68.0,68.0,68.0,68.0,68.0,68.0,68.0,68.0,68.0,68.0,68.0,68.0,68.0,68.0,68.0,68.0,68.0","68.0,68.0,68.0,68.0,68.0,68.0,68.0,68.0,68.0,68.0,68.0,68.0,68.0,68.0,68.0,68.0,68.0,68.0,68.0,68.0,68.0,68.0,68.0,68.0",none,0,0,Unadjusted,0,0,0,0,none,0,0,Unadjusted,0,0,0,False,0,0,0.67,40.0,,,,,,,,,,,,,
2020s_CAN_QC_Montreal-McTavish.716120_CWEC2016.epw,True,-5,2,apartment unit,8,0.5556,0,0,0,4,0,0,4,0,0,4,0,0,4,1682,1940,3,1,VentedAttic,gable,6:12,1,SlabOnGrade,0,0,0.0,0.49,0.56,0.37,0.3,WoodStud,12.2,14.1,solid concrete,10.1,interior,0,WoodFrame,0.0,5.3,none,medium,0.5,0.0,0.0,Right,ACH,50,15.0,unit exterior only,normal,0.0,False,False,False,False,none,0.0,1.0,mini-split,HSPF2,10.3,SEER2,22.7,ACCA,false,1.0,1.0,false,integrated,electricity,1.0,none,electricity,none,,False,0,0.0,False,none,True,,1.0,0.45,electricity,EnergyFactor,0.92,0.0,0,0,125,storage water heater,conditioned space,True,electricity,CombinedEnergyFactor,2.7,1.2,IntegratedModifiedEnergyFactor,0.95,387,0.1065,1.218,24,7.538462,3.5,True,1.2,True,electricity,False,1.2,False,RatedAnnualkWh,0,0.0,0.0,0,0,0,True,348,False,0,0.0,False,0,0.0,True,0,0.0,0.12,0,0,0.12,0,0,0.12,1.0,5,20,"71.6,71.6,71.6,71.6,71.6,71.6,71.6,71.6,73.4,73.4,71.6,71.6,71.6,71.6,71.6,71.6,73.4,73.4,73.4,73.4,73.4,73.4,73.4,73.4","71.6,71.6,71.6,71.6,71.6,71.6,71.6,71.6,73.4,73.4,71.6,71.6,71.6,71.6,71.6,71.6,73.4,73.4,73.4,73.4,73.4,73.4,73.4,73.4","66.2,66.2,66.2,66.2,66.2,66.2,66.2,66.2,66.2,66.2,66.2,66.2,66.2,66.2,66.2,66.2,66.2,66.2,66.2,66.2,66.2,66.2,66.2,66.2","66.2,66.2,66.2,66.2,66.2,66.2,66.2,66.2,66.2,66.2,66.2,66.2,66.2,66.2,66.2,66.2,66.2,66.2,66.2,66.2,66.2,66.2,66.2,66.2",none,0,0,Unadjusted,0,0,0,0,none,0,0,Unadjusted,0,0,0,False,0,0,0.67,,10.0,1.0,false,-15.0,variable speed,,,,,,,,
2020s_CAN_QC_Montreal-McTavish.716120_CWEC2016.epw,True,-5,2,single-family attached,8,0.5556,270,0,0,4,0,0,4,0,0,4,0,0,4,2152,2015,4,3,VentedAttic,gable,6:12,3,ConditionedBasement,8,1,9.25,0.29,0.26,0.37,0.3,WoodStud,24.5,42.6,solid concrete,17.0,interior,0,WoodFrame,5.3,5.3,none,medium,1.0,0.0,0.0,Right,ACH,50,4.0,unit exterior only,normal,18.25,False,True,False,False,ElectricResistance,1.0,1.0,none,HSPF,0.0,SEER,0.0,ACCA,false,1.0,1.0,false,none,electricity,1.0,none,electricity,mini-split,variable speed,False,0,0.0,False,none,False,,1.0,1.0,electricity,EnergyFactor,0.92,0.0,0,0,125,storage water heater,conditioned space,True,electricity,CombinedEnergyFactor,2.7,1.2,IntegratedModifiedEnergyFactor,0.95,387,0.1065,1.218,24,7.538462,3.5,True,1.2,True,electricity,False,1.2,True,RatedAnnualkWh,318,0.12,1.09,25,4,12,True,383,False,0,0.0,False,0,0.0,True,0,0.0,0.75,0,0,0.75,0,0,0.75,1.0,5,20,"60.8,60.8,60.8,60.8,60.8,60.8,60.8,64.4,64.4,60.8,60.8,60.8,60.8,60.8,60.8,60.8,60.8,60.8,64.4,64.4,64.4,64.4,60.8,60.8","60.8,60.8,60.8,60.8,60.8,60.8,60.8,64.4,64.4,60.8,60.8,60.8,60.8,60.8,60.8,60.8,60.8,60.8,64.4,64.4,64.4,64.4,60.8,60.8","73.4,73.4,73.4,73.4,73.4,73.4,73.4,73.4,73.4,73.4,73.4,73.4,73.4,73.4,73.4,73.4,73.4,73.4,73.4,73.4,73.4,73.4,73.4,73.4","73.4,73.4,73.4,73.4,73.4,73.4,73.4,73.4,73.4,73.4,73.4,73.4,73.4,73.4,73.4,73.4,73.4,73.4,73.4,73.4,73.4,73.4,73.4,73.4",none,0,0,Unadjusted,0,0,0,0,none,0,0,Unadjusted,0,0,0,False,0,0,0.67,,,,,,,,,,,,,,
2020s_CAN_QC_Montreal-McTavish.716120_CWEC2016.epw,True,-5,1,single-family detached,8,1.8,90,0,0,4,0,0,4,0,0,4,0,0,4,3750,1975,5,3,VentedAttic,gable,6:12,3,ConditionedBasement,8,1,9.25,0.49,0.56,0.37,0.3,WoodStud,17.2,28.9,solid concrete,14.4,interior,0,WoodFrame,5.3,5.3,none,medium,1.0,0.0,0.0,Right,ACH,50,6.0,unit exterior only,normal,15.650000000000002,False,False,False,False,none,0.0,1.0,mini-split,HSPF,12.7,SEER,25.0,ACCA,false,1.0,1.0,false,integrated,electricity,1.0,none,electricity,none,,False,0,0.0,False,none,False,,1.0,1.0,electricity,EnergyFactor,0.92,0.0,0,0,125,storage water heater,conditioned space,False,natural gas,CombinedEnergyFactor,2.7,1.2,IntegratedModifiedEnergyFactor,0.95,387,0.1065,1.218,24,7.538462,3.5,True,1.2,False,natural gas,False,1.2,True,RatedAnnualkWh,318,0.12,1.09,25,4,12,True,383,False,0,0.0,False,0,0.0,True,0,0.0,0.0,0,0,0.0,0,0,0.0,1.0,5,20,"64.4,64.4,64.4,64.4,64.4,64.4,64.4,66.2,66.2,66.2,66.2,66.2,66.2,66.2,66.2,66.2,66.2,64.4,64.4,64.4,64.4,64.4,64.4,64.4","64.4,64.4,64.4,64.4,64.4,64.4,64.4,66.2,66.2,66.2,66.2,66.2,66.2,66.2,66.2,66.2,66.2,64.4,64.4,64.4,64.4,64.4,64.4,64.4","71.6,71.6,71.6,71.6,71.6,71.6,71.6,71.6,71.6,71.6,71.6,71.6,71.6,71.6,71.6,71.6,71.6,71.6,71.6,71.6,71.6,71.6,71.6,71.6","71.6,71.6,71.6,71.6,71.6,71.6,71.6,71.6,71.6,71.6,71.6,71.6,71.6,71.6,71.6,71.6,71.6,71.6,71.6,71.6,71.6,71.6,71.6,71.6",none,0,0,Unadjusted,0,0,0,0,none,0,0,Unadjusted,0,0,0,False,0,0,0.67,60.0,,,false,,variable speed,0.5,-15.0,,,,,,
2020s_CAN_QC_Montreal-McTavish.716120_CWEC2016.epw,True,-5,2,apartment unit,8,0.5556,0,0,0,4,0,0,4,0,0,4,0,0,4,3250,1985,2,1,VentedAttic,gable,6:12,1,SlabOnGrade,0,0,0.0,0.49,0.56,0.37,0.3,WoodStud,18.9,31.4,solid concrete,17.1,interior,0,WoodFrame,0.0,5.3,none,medium,0.5,0.0,0.0,Right,ACH,50,6.0,unit exterior only,normal,0.0,False,False,False,False,ElectricResistance,1.0,1.0,none,HSPF,0.0,SEER,0.0,ACCA,false,1.0,1.0,false,none,electricity,1.0,none,electricity,none,,False,0,0.0,False,none,False,,1.0,1.0,electricity,EnergyFactor,0.92,0.0,0,0,125,storage water heater,other multifamily buffer space,True,electricity,CombinedEnergyFactor,2.7,0.8,IntegratedModifiedEnergyFactor,0.95,387,0.1065,1.218,24,7.538462,3.5,True,0.8,True,electricity,False,0.8,False,RatedAnnualkWh,0,0.0,0.0,0,0,0,True,1139,True,348,1.0,False,0,0.0,True,0,0.0,0.0,0,0,0.0,0,0,0.0,1.0,5,20,"71.6,71.6,71.6,71.6,71.6,71.6,71.6,71.6,71.6,71.6,71.6,71.6,71.6,71.6,71.6,71.6,71.6,71.6,71.6,71.6,71.6,71.6,71.6,71.6","71.6,71.6,71.6,71.6,71.6,71.6,71.6,71.6,71.6,71.6,71.6,71.6,71.6,71.6,71.6,71.6,71.6,71.6,71.6,71.6,71.6,71.6,71.6,71.6","71.6,71.6,71.6,71.6,71.6,71.6,71.6,71.6,71.6,71.6,71.6,71.6,71.6,71.6,71.6,71.6,71.6,71.6,71.6,71.6,71.6,71.6,71.6,71.6","71.6,71.6,71.6,71.6,71.6,71.6,71.6,71.6,71.6,71.6,71.6,71.6,71.6,71.6,71.6,71.6,71.6,71.6,71.6,71.6,71.6,71.6,71.6,71.6",none,0,0,Unadjusted,0,0,0,0,none,0,0,Unadjusted,0,0,0,False,0,0,0.67,,10.0,1.0,,,,,,,,,,,
2020s_CAN_QC_Montreal-McTavish.716120_CWEC2016.epw,True,-5,10,apartment unit,8,0.5556,315,0,0,4,0,0,4,0,0,4,0,0,4,322,1940,2,4,VentedAttic,gable,6:12,1,SlabOnGrade,0,0,0.0,0.29,0.26,0.37,0.3,WoodStud,12.2,14.1,solid concrete,10.1,interior,0,WoodFrame,0.0,5.3,none,medium,0.75,0.0,0.0,Right,ACH,50,11.47536146355857,unit exterior only,normal,0.0,False,True,True,False,ElectricResistance,1.0,1.0,none,HSPF,0.0,SEER,0.0,ACCA,false,1.0,1.0,false,none,electricity,1.0,none,electricity,central air conditioner,single stage,False,0,0.0,False,none,False,,1.0,1.0,electricity,,0.92,0.0,0,0,125,storage water heater,other multifamily buffer space,True,electricity,CombinedEnergyFactor,2.7,1.2,IntegratedModifiedEnergyFactor,0.95,387,0.1065,1.218,24,7.538462,3.5,True,1.2,True,electricity,False,1.2,True,RatedAnnualkWh,290,0.12,1.09,23,4,12,True,383,False,0,0.0,False,0,0.0,True,0,0.0,0.75,0,0,0.75,0,0,0.75,1.0,5,20,"60.8,60.8,60.8,60.8,60.8,60.8,60.8,60.8,68.0,68.0,66.2,66.2,66.2,66.2,66.2,66.2,68.0,68.0,68.0,68.0,68.0,60.8,60.8,60.8","60.8,60.8,60.8,60.8,60.8,60.8,60.8,60.8,68.0,68.0,66.2,66.2,66.2,66.2,66.2,66.2,68.0,68.0,68.0,68.0,68.0,60.8,60.8,60.8","69.8,69.8,69.8,69.8,69.8,69.8,69.8,69.8,69.8,69.8,69.8,69.8,69.8,69.8,69.8,69.8,69.8,69.8,69.8,69.8,69.8,69.8,69.8,69.8","69.8,69.8,69.8,69.8,69.8,69.8,69.8,69.8,69.8,69.8,69.8,69.8,69.8,69.8,69.8,69.8,69.8,69.8,69.8,69.8,69.8,69.8,69.8,69.8",none,0,0,Unadjusted,0,0,0,0,none,0,0,Unadjusted,0,0,0,False,0,0,0.67,,,,,,,,,,,,,,
2020s_CAN_QC_Montreal-McTavish.716120_CWEC2016.epw,True,-5,326,apartment unit,8,0.5556,270,0,0,4,0,0,4,0,0,4,0,0,4,750,1985,2,1,VentedAttic,gable,6:12,1,SlabOnGrade,0,0,0.0,0.29,0.26,0.37,0.3,WoodStud,18.9,31.4,solid concrete,17.1,interior,0,WoodFrame,0.0,5.3,none,medium,0.5,0.0,0.0,Right,ACH,50,8.701328382640089,unit exterior only,normal,0.0,True,False,True,False,Boiler,1.0,1.0,none,HSPF,0.0,SEER,0.0,ACCA,false,1.0,1.0,false,none,electricity,1.0,none,electricity,mini-split,variable speed,False,0,0.0,False,none,False,,1.0,1.0,electricity,,0.92,0.0,0,0,125,,other multifamily buffer space,True,electricity,CombinedEnergyFactor,2.7,1.0,IntegratedModifiedEnergyFactor,0.95,387,0.1065,1.218,24,7.538462,3.5,True,1.0,True,electricity,False,1.0,True,RatedAnnualkWh,290,0.12,1.09,23,4,12,True,480,False,0,0.0,False,0,0.0,True,0,0.0,0.0,0,0,0.0,0,0,0.0,1.0,5,20,"62.6,62.6,62.6,62.6,62.6,62.6,62.6,62.6,68.0,68.0,62.6,62.6,62.6,62.6,62.6,62.6,62.6,62.6,68.0,68.0,68.0,62.6,62.6,62.6","62.6,62.6,62.6,62.6,62.6,62.6,62.6,62.6,68.0,68.0,62.6,62.6,62.6,62.6,62.6,62.6,62.6,62.6,68.0,68.0,68.0,62.6,62.6,62.6","73.4,73.4,73.4,73.4,73.4,73.4,73.4,73.4,73.4,73.4,73.4,73.4,73.4,73.4,73.4,73.4,73.4,73.4,73.4,73.4,73.4,73.4,73.4,73.4","73.4,73.4,73.4,73.4,73.4,73.4,73.4,73.4,73.4,73.4,73.4,73.4,73.4,73.4,73.4,73.4,73.4,73.4,73.4,73.4,73.4,73.4,73.4,73.4",none,0,0,Unadjusted,0,0,0,0,none,0,0,Unadjusted,0,0,0,False,0,0,0.67,,,,,,,,,,,,,,
2020s_CAN_QC_Montreal-McTavish.716120_CWEC2016.epw,True,-5,3,apartment unit,8,0.5556,135,0,0,4,0,0,4,0,0,4,0,0,4,6348,1940,3,4,VentedAttic,gable,6:12,1,SlabOnGrade,0,0,0.0,0.49,0.56,0.37,0.3,WoodStud,12.2,14.1,solid concrete,10.1,interior,0,WoodFrame,0.0,5.3,none,medium,0.5,0.0,0.0,Right,ACH,50,10.0,unit exterior only,normal,0.0,False,False,False,False,ElectricResistance,1.0,1.0,none,HSPF,0.0,SEER,0.0,ACCA,false,1.0,1.0,false,none,electricity,1.0,none,electricity,none,,False,0,0.0,False,none,False,,1.0,1.0,electricity,EnergyFactor,0.92,0.0,0,0,125,storage water heater,conditioned space,True,electricity,CombinedEnergyFactor,2.7,1.0,IntegratedModifiedEnergyFactor,0.95,387,0.1065,1.218,24,7.538462,3.5,True,1.0,True,electricity,False,1.0,False,RatedAnnualkWh,0,0.0,0.0,0,0,0,True,748,False,0,0.0,False,0,0.0,True,0,0.0,0.37,0,0,0.37,0,0,0.37,1.0,5,20,"62.6,62.6,62.6,62.6,62.6,62.6,71.6,71.6,71.6,69.8,69.8,69.8,69.8,69.8,69.8,69.8,71.6,71.6,71.6,71.6,71.6,62.6,62.6,62.6","62.6,62.6,62.6,62.6,62.6,62.6,71.6,71.6,71.6,69.8,69.8,69.8,69.8,69.8,69.8,69.8,71.6,71.6,71.6,71.6,71.6,62.6,62.6,62.6","71.6,71.6,71.6,71.6,71.6,71.6,71.6,71.6,71.6,71.6,71.6,71.6,71.6,71.6,71.6,71.6,71.6,71.6,71.6,71.6,71.6,71.6,71.6,71.6","71.6,71.6,71.6,71.6,71.6,71.6,71.6,71.6,71.6,71.6,71.6,71.6,71.6,71.6,71.6,71.6,71.6,71.6,71.6,71.6,71.6,71.6,71.6,71.6",none,0,0,Unadjusted,0,0,0,0,none,0,0,Unadjusted,0,0,0,False,0,0,0.67,40.0,10.0,1.0,,,,,,,,,,,
2020s_CAN_QC_Montreal-McTavish.716120_CWEC2016.epw,True,-5,20,apartment unit,8,0.5556,180,0,0,4,0,0,4,0,0,4,0,0,4,2115,1940,2,2,VentedAttic,gable,6:12,1,SlabOnGrade,0,0,0.0,0.49,0.56,0.37,0.3,WoodStud,12.2,14.1,solid concrete,10.1,interior,0,WoodFrame,0.0,5.3,none,medium,0.5,0.0,0.0,Right,ACH,50,3.8463136033229484,unit exterior only,normal,0.0,True,True,True,False,WallFurnace,1.0,1.0,none,HSPF,0.0,SEER,0.0,ACCA,false,1.0,1.0,false,none,electricity,1.0,none,electricity,none,,False,0,0.0,False,none,False,,1.0,1.0,electricity,EnergyFactor,0.92,0.0,0,0,125,storage water heater,conditioned space,False,natural gas,CombinedEnergyFactor,2.7,1.0,IntegratedModifiedEnergyFactor,0.95,387,0.1065,1.218,24,7.538462,3.5,True,1.0,True,electricity,False,1.0,False,RatedAnnualkWh,0,0.0,0.0,0,0,0,True,480,True,348,1.0,False,0,0.0,True,0,0.0,0.75,0,0,0.75,0,0,0.75,1.0,5,20,"60.8,60.8,60.8,60.8,60.8,60.8,60.8,60.8,60.8,60.8,60.8,60.8,60.8,60.8,60.8,60.8,60.8,60.8,60.8,60.8,60.8,60.8,60.8,60.8","60.8,60.8,60.8,60.8,60.8,60.8,60.8,60.8,60.8,60.8,60.8,60.8,60.8,60.8,60.8,60.8,60.8,60.8,60.8,60.8,60.8,60.8,60.8,60.8","66.2,66.2,66.2,66.2,66.2,66.2,66.2,66.2,66.2,66.2,66.2,66.2,66.2,66.2,66.2,66.2,66.2,66.2,66.2,66.2,66.2,66.2,66.2,66.2","66.2,66.2,66.2,66.2,66.2,66.2,66.2,66.2,66.2,66.2,66.2,66.2,66.2,66.2,66.2,66.2,66.2,66.2,66.2,66.2,66.2,66.2,66.2,66.2",none,0,0,Unadjusted,0,0,0,0,none,0,0,Unadjusted,0,0,0,False,0,0,0.67,,,,,,,,,,,,,,
2020s_CAN_QC_Montreal-McTavish.716120_CWEC2016.epw,True,-5,1,single-family detached,8,1.8,180,0,0,4,0,0,4,0,0,4,0,0,4,2179,1965,4,1,VentedAttic,gable,6:12,2,ConditionedBasement,8,1,9.25,0.49,0.56,0.37,0.3,WoodStud,14.0,26.2,solid concrete,12.0,interior,0,WoodFrame,5.3,5.3,none,medium,1.0,0.0,0.0,Right,ACH,50,10.0,unit exterior only,normal,13.25,False,False,False,False,Boiler,0.72,1.0,none,HSPF,0.0,SEER,0.0,ACCA,false,1.0,1.0,false,none,electricity,1.0,none,wood,central air conditioner,single stage,False,0,0.0,False,none,True,heat pump,0.3,1.0,electricity,EnergyFactor,0.92,0.0,0,0,125,storage water heater,conditioned space,True,electricity,CombinedEnergyFactor,2.7,1.2,IntegratedModifiedEnergyFactor,0.95,387,0.1065,1.218,24,7.538462,3.5,True,1.2,False,natural gas,False,1.2,True,RatedAnnualkWh,318,0.12,1.09,25,4,12,True,433,False,0,0.0,False,0,0.0,True,0,0.0,0.75,0,0,0.75,0,0,0.75,1.0,5,20,"66.2,66.2,66.2,66.2,66.2,66.2,66.2,66.2,69.8,69.8,69.8,68.0,68.0,68.0,68.0,68.0,69.8,69.8,69.8,69.8,66.2,66.2,66.2,66.2","66.2,66.2,66.2,66.2,66.2,66.2,66.2,66.2,69.8,69.8,69.8,68.0,68.0,68.0,68.0,68.0,69.8,69.8,69.8,69.8,66.2,66.2,66.2,66.2","69.8,69.8,69.8,69.8,69.8,69.8,69.8,69.8,69.8,69.8,69.8,69.8,69.8,69.8,69.8,69.8,69.8,69.8,69.8,69.8,69.8,69.8,69.8,69.8","69.8,69.8,69.8,69.8,69.8,69.8,69.8,69.8,69.8,69.8,69.8,69.8,69.8,69.8,69.8,69.8,69.8,69.8,69.8,69.8,69.8,69.8,69.8,69.8",none,0,0,Unadjusted,0,0,0,0,none,0,0,Unadjusted,0,0,0,False,0,0,0.67,60.0,,,,,,,,,,,,,
2020s_CAN_QC_Montreal-McTavish.716120_CWEC2016.epw,True,-5,1,single-family detached,8,1.8,270,0,0,4,0,0,4,0,0,4,0,0,4,750,2005,2,2,VentedAttic,gable,6:12,1,ConditionedBasement,8,1,9.25,0.49,0.56,0.37,0.3,WoodStud,20.7,32.5,solid concrete,17.1,interior,0,WoodFrame,5.3,5.3,none,medium,0.5,0.0,0.0,Right,ACH,50,4.0,unit exterior only,normal,18.35,False,False,False,False,none,0.0,1.0,ground-to-air,COP,4.4,EER,30.9,MaxLoad,false,1.0,1.0,false,none,electricity,1.0,vertical,electricity,none,,False,0,0.0,False,none,False,,1.0,1.0,electricity,EnergyFactor,0.92,0.0,0,0,125,storage water heater,conditioned space,True,electricity,CombinedEnergyFactor,2.7,1.0,IntegratedModifiedEnergyFactor,0.95,387,0.1065,1.218,24,7.538462,3.5,True,1.0,True,electricity,False,1.0,True,RatedAnnualkWh,318,0.12,1.09,25,4,12,True,748,True,727,1.0,False,0,0.0,True,0,0.0,0.12,0,0,0.12,0,0,0.12,1.0,5,20,"66.2,66.2,66.2,66.2,66.2,66.2,68.0,68.0,68.0,66.2,66.2,66.2,66.2,66.2,66.2,66.2,68.0,68.0,68.0,68.0,68.0,68.0,68.0,68.0","66.2,66.2,66.2,66.2,66.2,66.2,68.0,68.0,68.0,66.2,66.2,66.2,66.2,66.2,66.2,66.2,68.0,68.0,68.0,68.0,68.0,68.0,68.0,68.0","75.2,75.2,75.2,75.2,75.2,75.2,75.2,75.2,75.2,75.2,75.2,75.2,75.2,75.2,75.2,75.2,75.2,75.2,75.2,75.2,75.2,75.2,75.2,75.2","75.2,75.2,75.2,75.2,75.2,75.2,75.2,75.2,75.2,75.2,75.2,75.2,75.2,75.2,75.2,75.2,75.2,75.2,75.2,75.2,75.2,75.2,75.2,75.2",none,0,0,Unadjusted,0,0,0,0,none,0,0,Unadjusted,0,0,0,False,0,0,0.67,60.0,,,true,,variable speed,,,thermally enhanced,thermally enhanced,experimental,,,
2020s_CAN_QC_Quebec-Lesage.Intl.AP.717140_CWEC2016.epw,True,-5,326,apartment unit,8,0.5556,0,0,0,4,0,0,4,0,0,4,0,0,4,2115,2015,3,3,VentedAttic,gable,6:12,1,SlabOnGrade,0,0,0.0,0.49,0.56,0.37,0.3,WoodStud,24.5,42.6,solid concrete,17.0,interior,0,WoodFrame,0.0,5.3,none,medium,0.5,0.0,0.0,Right,ACH,50,3.276429323425239,unit exterior only,normal,0.0,True,True,True,False,ElectricResistance,1.0,1.0,none,HSPF,0.0,SEER,0.0,ACCA,false,1.0,1.0,false,none,electricity,1.0,none,electricity,mini-split,variable speed,False,0,0.0,False,none,False,,1.0,1.0,electricity,EnergyFactor,0.92,0.0,0,0,125,storage water heater,conditioned space,True,electricity,CombinedEnergyFactor,2.7,1.0,IntegratedModifiedEnergyFactor,0.95,387,0.1065,1.218,24,7.538462,3.5,True,1.0,True,electricity,False,1.0,True,RatedAnnualkWh,290,0.12,1.09,23,4,12,True,727,False,0,0.0,True,935,0.342,True,0,0.0,0.12,0,0,0.12,0,0,0.12,1.0,5,20,"73.4,73.4,73.4,73.4,73.4,73.4,73.4,73.4,73.4,73.4,73.4,73.4,73.4,73.4,73.4,73.4,73.4,73.4,73.4,73.4,73.4,73.4,73.4,73.4","73.4,73.4,73.4,73.4,73.4,73.4,73.4,73.4,73.4,73.4,73.4,73.4,73.4,73.4,73.4,73.4,73.4,73.4,73.4,73.4,73.4,73.4,73.4,73.4","71.6,71.6,71.6,71.6,71.6,71.6,71.6,71.6,71.6,71.6,71.6,71.6,71.6,71.6,71.6,71.6,71.6,71.6,71.6,71.6,71.6,71.6,71.6,71.6","71.6,71.6,71.6,71.6,71.6,71.6,71.6,71.6,71.6,71.6,71.6,71.6,71.6,71.6,71.6,71.6,71.6,71.6,71.6,71.6,71.6,71.6,71.6,71.6",none,0,0,Unadjusted,0,0,0,0,none,0,0,Unadjusted,0,0,0,False,0,0,0.67,,,,,,,,,,,,,,
2020s_CAN_QC_Montreal-McTavish.716120_CWEC2016.epw,True,-5,1,single-family detached,8,1.8,180,0,0,4,0,0,4,0,0,4,0,0,4,1698,1995,3,2,VentedAttic,gable,6:12,1,SlabOnGrade,0,0,0.0,0.37,0.3,0.37,0.3,WoodStud,20.7,32.5,solid concrete,17.1,interior,0,WoodFrame,0.0,5.3,none,medium,0.5,20.0,12.0,Right,ACH,50,4.0,unit exterior only,normal,0.0,False,False,False,False,ElectricResistance,1.0,1.0,none,HSPF,0.0,SEER,0.0,ACCA,false,1.0,1.0,false,none,electricity,1.0,none,electricity,central air conditioner,single stage,False,0,0.0,True,electric resistance,False,,1.0,1.0,electricity,EnergyFactor,0.92,0.0,0,0,125,storage water heater,conditioned space,True,electricity,CombinedEnergyFactor,2.7,0.8,IntegratedModifiedEnergyFactor,0.95,387,0.1065,1.218,24,7.538462,3.5,True,0.8,True,electricity,False,0.8,True,RatedAnnualkWh,318,0.12,1.09,25,4,12,True,433,False,0,0.0,True,935,0.342,True,0,0.0,0.12,0,0,0.12,0,0,0.12,1.0,5,20,"68.0,68.0,68.0,68.0,68.0,68.0,68.0,68.0,68.0,68.0,68.0,68.0,68.0,68.0,68.0,68.0,68.0,68.0,68.0,68.0,68.0,68.0,68.0,68.0","68.0,68.0,68.0,68.0,68.0,68.0,68.0,68.0,68.0,68.0,68.0,68.0,68.0,68.0,68.0,68.0,68.0,68.0,68.0,68.0,68.0,68.0,68.0,68.0","69.8,69.8,69.8,69.8,69.8,69.8,69.8,69.8,69.8,69.8,69.8,69.8,69.8,69.8,69.8,69.8,69.8,69.8,69.8,69.8,69.8,69.8,69.8,69.8","69.8,69.8,69.8,69.8,69.8,69.8,69.8,69.8,69.8,69.8,69.8,69.8,69.8,69.8,69.8,69.8,69.8,69.8,69.8,69.8,69.8,69.8,69.8,69.8",none,0,0,Unadjusted,0,0,0,0,none,0,0,Unadjusted,0,0,0,False,0,0,0.67,60.0,,,,,,,,,,,0.0,991.3248697916665,
2020s_CAN_QC_Montreal-McTavish.716120_CWEC2016.epw,True,-5,67,apartment unit,8,0.5556,0,0,0,4,0,0,4,0,0,4,0,0,4,1138,2005,2,1,VentedAttic,gable,6:12,1,SlabOnGrade,0,0,0.0,0.49,0.56,0.37,0.3,WoodStud,18.9,31.4,solid concrete,17.1,interior,0,WoodFrame,0.0,5.3,none,medium,0.5,0.0,0.0,Right,ACH,50,3.6480272828835183,unit exterior only,normal,0.0,True,True,True,False,ElectricResistance,1.0,1.0,none,HSPF,0.0,SEER,0.0,ACCA,false,1.0,1.0,false,none,electricity,1.0,none,electricity,none,,False,0,0.0,False,none,False,,1.0,1.0,electricity,EnergyFactor,0.92,0.0,0,0,125,storage water heater,conditioned space,True,electricity,CombinedEnergyFactor,2.7,1.2,IntegratedModifiedEnergyFactor,0.95,387,0.1065,1.218,24,7.538462,3.5,True,1.2,True,electricity,False,1.2,False,RatedAnnualkWh,0,0.0,0.0,0,0,0,True,1139,False,0,0.0,True,935,0.342,True,0,0.0,0.75,0,0,0.75,0,0,0.75,1.0,5,20,"64.4,64.4,64.4,64.4,64.4,64.4,64.4,68.0,68.0,68.0,68.0,68.0,68.0,68.0,68.0,68.0,68.0,68.0,68.0,64.4,64.4,64.4,64.4,64.4","64.4,64.4,64.4,64.4,64.4,64.4,64.4,68.0,68.0,68.0,68.0,68.0,68.0,68.0,68.0,68.0,68.0,68.0,68.0,64.4,64.4,64.4,64.4,64.4","75.2,75.2,75.2,75.2,75.2,75.2,75.2,75.2,75.2,75.2,75.2,75.2,75.2,75.2,75.2,75.2,75.2,75.2,75.2,75.2,75.2,75.2,75.2,75.2","75.2,75.2,75.2,75.2,75.2,75.2,75.2,75.2,75.2,75.2,75.2,75.2,75.2,75.2,75.2,75.2,75.2,75.2,75.2,75.2,75.2,75.2,75.2,75.2",none,0,0,Unadjusted,0,0,0,0,none,0,0,Unadjusted,0,0,0,False,0,0,0.67,70.0,,,,,,,,,,,,,
2020s_CAN_QC_Quebec-Lesage.Intl.AP.717140_CWEC2016.epw,True,-5,183,apartment unit,8,0.5556,90,0,0,4,0,0,4,0,0,4,0,0,4,750,1965,2,2,VentedAttic,gable,6:12,1,SlabOnGrade,0,0,0.0,0.38,0.44,0.37,0.3,WoodStud,12.6,19.9,solid concrete,12.0,interior,0,WoodFrame,0.0,5.3,none,medium,0.5,0.0,0.0,Right,ACH,50,14.086291741199,unit exterior only,normal,0.0,False,True,True,False,ElectricResistance,1.0,1.0,none,HSPF,0.0,SEER,0.0,ACCA,false,1.0,1.0,false,none,electricity,1.0,none,electricity,central air conditioner,single stage,False,0,0.0,False,none,False,,1.0,1.0,electricity,EnergyFactor,0.92,0.0,0,0,125,storage water heater,conditioned space,True,electricity,CombinedEnergyFactor,2.7,0.8,IntegratedModifiedEnergyFactor,0.95,387,0.1065,1.218,24,7.538462,3.5,True,0.8,True,electricity,False,0.8,False,RatedAnnualkWh,0,0.0,0.0,0,0,0,True,433,False,0,0.0,False,0,0.0,True,0,0.0,0.0,0,0,0.0,0,0,0.0,1.0,5,20,"68.0,68.0,68.0,68.0,68.0,68.0,68.0,69.8,69.8,69.8,69.8,69.8,69.8,69.8,69.8,69.8,69.8,69.8,69.8,69.8,68.0,68.0,68.0,68.0","68.0,68.0,68.0,68.0,68.0,68.0,68.0,69.8,69.8,69.8,69.8,69.8,69.8,69.8,69.8,69.8,69.8,69.8,69.8,69.8,68.0,68.0,68.0,68.0","69.8,69.8,69.8,69.8,69.8,69.8,69.8,69.8,69.8,69.8,69.8,69.8,69.8,69.8,69.8,69.8,69.8,69.8,69.8,69.8,69.8,69.8,69.8,69.8","69.8,69.8,69.8,69.8,69.8,69.8,69.8,69.8,69.8,69.8,69.8,69.8,69.8,69.8,69.8,69.8,69.8,69.8,69.8,69.8,69.8,69.8,69.8,69.8",none,0,0,Unadjusted,0,0,0,0,none,0,0,Unadjusted,0,0,0,False,0,0,0.67,,,,,,,,,,,,,,
2020s_CAN_QC_Quebec-Lesage.Intl.AP.717140_CWEC2016.epw,True,-5,3,apartment unit,8,0.5556,90,0,0,4,0,0,4,0,0,4,0,0,4,1682,1965,3,1,VentedAttic,gable,6:12,1,SlabOnGrade,0,0,0.0,0.49,0.56,0.37,0.3,WoodStud,12.6,19.9,solid concrete,12.0,interior,0,WoodFrame,0.0,5.3,none,medium,0.5,0.0,0.0,Right,ACH,50,6.0,unit exterior only,normal,0.0,False,False,False,False,ElectricResistance,1.0,1.0,none,HSPF,0.0,SEER,0.0,ACCA,false,1.0,1.0,false,none,electricity,1.0,none,electricity,none,,False,0,0.0,False,none,False,,1.0,1.0,electricity,EnergyFactor,0.92,0.0,0,0,125,storage water heater,conditioned space,True,electricity,CombinedEnergyFactor,2.7,1.2,IntegratedModifiedEnergyFactor,0.95,387,0.1065,1.218,24,7.538462,3.5,True,1.2,False,natural gas,False,1.2,True,RatedAnnualkWh,290,0.12,1.09,23,4,12,True,480,False,0,0.0,False,0,0.0,True,0,0.0,0.0,0,0,0.0,0,0,0.0,1.0,5,20,"59.0,59.0,59.0,59.0,59.0,59.0,59.0,66.2,66.2,66.2,66.2,66.2,66.2,66.2,66.2,66.2,66.2,66.2,66.2,66.2,66.2,59.0,59.0,59.0","59.0,59.0,59.0,59.0,59.0,59.0,59.0,66.2,66.2,66.2,66.2,66.2,66.2,66.2,66.2,66.2,66.2,66.2,66.2,66.2,66.2,59.0,59.0,59.0","73.4,73.4,73.4,73.4,73.4,73.4,73.4,73.4,73.4,73.4,73.4,73.4,73.4,73.4,73.4,73.4,73.4,73.4,73.4,73.4,73.4,73.4,73.4,73.4","73.4,73.4,73.4,73.4,73.4,73.4,73.4,73.4,73.4,73.4,73.4,73.4,73.4,73.4,73.4,73.4,73.4,73.4,73.4,73.4,73.4,73.4,73.4,73.4",none,0,0,Unadjusted,0,0,0,0,none,0,0,Unadjusted,0,0,0,False,0,0,0.67,,10.0,1.0,,,,,,,,,,,
2020s_CAN_QC_Montreal-McTavish.716120_CWEC2016.epw,True,-5,1,single-family detached,8,1.8,180,0,0,4,0,0,4,0,0,4,0,0,4,2179,1975,5,2,VentedAttic,gable,6:12,3,ConditionedBasement,8,1,9.25,0.49,0.56,0.37,0.3,WoodStud,17.2,28.9,solid concrete,14.4,interior,0,WoodFrame,5.3,5.3,none,medium,1.0,0.0,0.0,Right,ACH,50,7.0,unit exterior only,normal,15.650000000000002,False,False,False,False,ElectricResistance,1.0,1.0,none,HSPF,0.0,SEER,0.0,ACCA,false,1.0,1.0,false,none,electricity,1.0,none,electricity,central air conditioner,single stage,False,0,0.0,False,none,False,,1.0,1.0,electricity,EnergyFactor,0.92,0.0,0,0,125,storage water heater,conditioned space,True,electricity,CombinedEnergyFactor,2.7,1.0,IntegratedModifiedEnergyFactor,0.95,387,0.1065,1.218,24,7.538462,3.5,True,1.0,True,electricity,False,1.0,True,RatedAnnualkWh,318,0.12,1.09,25,4,12,True,383,False,0,0.0,False,0,0.0,True,0,0.0,0.12,0,0,0.12,0,0,0.12,1.0,5,20,"68.0,68.0,68.0,68.0,68.0,69.8,68.0,68.0,68.0,68.0,68.0,68.0,68.0,68.0,68.0,69.8,69.8,69.8,69.8,69.8,69.8,69.8,68.0,68.0","68.0,68.0,68.0,68.0,68.0,69.8,68.0,68.0,68.0,68.0,68.0,68.0,68.0,68.0,68.0,69.8,69.8,69.8,69.8,69.8,69.8,69.8,68.0,68.0","73.4,73.4,73.4,73.4,73.4,73.4,73.4,73.4,73.4,73.4,73.4,73.4,73.4,73.4,73.4,73.4,73.4,73.4,73.4,73.4,73.4,73.4,73.4,73.4","73.4,73.4,73.4,73.4,73.4,73.4,73.4,73.4,73.4,73.4,73.4,73.4,73.4,73.4,73.4,73.4,73.4,73.4,73.4,73.4,73.4,73.4,73.4,73.4",none,0,0,Unadjusted,0,0,0,0,none,0,0,Unadjusted,0,0,0,False,0,0,0.67,60.0,,,,,,,,,,,,,
2020s_CAN_QC_Montreal-McTavish.716120_CWEC2016.epw,True,-5,116,apartment unit,8,0.5556,180,0,0,4,0,0,4,0,0,4,0,0,4,1138,2015,2,2,VentedAttic,gable,6:12,1,SlabOnGrade,0,0,0.0,0.49,0.56,0.37,0.3,WoodStud,24.5,42.6,solid concrete,17.0,interior,0,WoodFrame,0.0,5.3,none,medium,0.5,0.0,0.0,Right,ACH,50,1.6603646556106675,unit exterior only,normal,0.0,True,True,True,False,ElectricResistance,1.0,1.0,none,HSPF,0.0,SEER,0.0,ACCA,false,1.0,1.0,false,none,electricity,1.0,none,electricity,central air conditioner,single stage,False,0,0.0,False,none,False,,1.0,1.0,electricity,EnergyFactor,0.92,0.0,0,0,125,storage water heater,conditioned space,True,electricity,CombinedEnergyFactor,2.7,1.2,IntegratedModifiedEnergyFactor,0.95,387,0.1065,1.218,24,7.538462,3.5,True,1.2,True,electricity,False,1.2,False,RatedAnnualkWh,0,0.0,0.0,0,0,0,True,433,False,0,0.0,False,0,0.0,True,0,0.0,0.75,0,0,0.75,0,0,0.75,1.0,5,20,"60.8,60.8,60.8,60.8,71.6,71.6,71.6,68.0,68.0,68.0,68.0,68.0,68.0,68.0,68.0,68.0,68.0,68.0,68.0,71.6,71.6,71.6,71.6,60.8","60.8,60.8,60.8,60.8,71.6,71.6,71.6,68.0,68.0,68.0,68.0,68.0,68.0,68.0,68.0,68.0,68.0,68.0,68.0,71.6,71.6,71.6,71.6,60.8","71.6,71.6,71.6,71.6,71.6,71.6,71.6,71.6,71.6,71.6,71.6,71.6,71.6,71.6,71.6,71.6,71.6,71.6,71.6,71.6,71.6,71.6,71.6,71.6","71.6,71.6,71.6,71.6,71.6,71.6,71.6,71.6,71.6,71.6,71.6,71.6,71.6,71.6,71.6,71.6,71.6,71.6,71.6,71.6,71.6,71.6,71.6,71.6",none,0,0,Unadjusted,0,0,0,0,none,0,0,Unadjusted,0,0,0,False,0,0,0.67,,,,,,,,,,,,,,
2020s_CAN_QC_Montreal-McTavish.716120_CWEC2016.epw,True,-5,183,apartment unit,8,0.5556,90,0,0,4,0,0,4,0,0,4,0,0,4,1138,2005,2,1,VentedAttic,gable,6:12,1,SlabOnGrade,0,0,0.0,0.37,0.3,0.37,0.3,WoodStud,18.9,31.4,solid concrete,17.1,interior,0,WoodFrame,0.0,5.3,none,medium,0.5,0.0,0.0,Right,ACH,50,2.093872104166266,unit exterior only,normal,0.0,True,True,True,False,ElectricResistance,1.0,1.0,none,HSPF,0.0,SEER,0.0,ACCA,false,1.0,1.0,false,none,electricity,1.0,none,electricity,central air conditioner,single stage,False,0,0.0,False,none,False,,1.0,1.0,electricity,EnergyFactor,0.92,0.0,0,0,125,storage water heater,other multifamily buffer space,True,electricity,CombinedEnergyFactor,2.7,1.0,IntegratedModifiedEnergyFactor,0.95,387,0.1065,1.218,24,7.538462,3.5,True,1.0,True,electricity,False,1.0,True,RatedAnnualkWh,290,0.12,1.09,23,4,12,True,727,False,0,0.0,False,0,0.0,True,0,0.0,0.0,0,0,0.0,0,0,0.0,1.0,5,20,"64.4,64.4,64.4,64.4,64.4,64.4,66.2,66.2,66.2,68.0,68.0,68.0,68.0,68.0,68.0,68.0,68.0,68.0,68.0,66.2,66.2,66.2,66.2,64.4","64.4,64.4,64.4,64.4,64.4,64.4,66.2,66.2,66.2,68.0,68.0,68.0,68.0,68.0,68.0,68.0,68.0,68.0,68.0,66.2,66.2,66.2,66.2,64.4","71.6,71.6,71.6,71.6,71.6,71.6,71.6,71.6,71.6,71.6,71.6,71.6,71.6,71.6,71.6,71.6,71.6,71.6,71.6,71.6,71.6,71.6,71.6,71.6","71.6,71.6,71.6,71.6,71.6,71.6,71.6,71.6,71.6,71.6,71.6,71.6,71.6,71.6,71.6,71.6,71.6,71.6,71.6,71.6,71.6,71.6,71.6,71.6",none,0,0,Unadjusted,0,0,0,0,none,0,0,Unadjusted,0,0,0,False,0,0,0.67,,,,,,,,,,,,,,
2020s_CAN_QC_Montreal-McTavish.716120_CWEC2016.epw,True,-5,6,apartment unit,8,0.5556,315,0,0,4,0,0,4,0,0,4,0,0,4,750,2015,2,1,VentedAttic,gable,6:12,1,SlabOnGrade,0,0,0.0,0.49,0.56,0.37,0.3,WoodStud,24.5,42.6,solid concrete,17.0,interior,0,WoodFrame,0.0,5.3,none,medium,0.5,0.0,0.0,Right,ACH,50,1.0,unit exterior only,normal,0.0,False,False,False,False,ElectricResistance,1.0,1.0,none,HSPF,0.0,SEER,0.0,ACCA,false,1.0,1.0,false,none,electricity,1.0,none,electricity,central air conditioner,single stage,False,0,0.0,False,none,False,,1.0,1.0,electricity,,0.92,0.0,0,0,125,,other multifamily buffer space,True,electricity,CombinedEnergyFactor,2.7,1.0,IntegratedModifiedEnergyFactor,0.95,387,0.1065,1.218,24,7.538462,3.5,True,1.0,True,electricity,False,1.0,False,RatedAnnualkWh,0,0.0,0.0,0,0,0,True,348,False,0,0.0,False,0,0.0,True,0,0.0,0.75,0,0,0.75,0,0,0.75,1.0,5,20,"69.8,69.8,69.8,69.8,69.8,69.8,69.8,69.8,69.8,69.8,69.8,69.8,69.8,69.8,69.8,69.8,69.8,69.8,69.8,69.8,69.8,69.8,69.8,69.8","69.8,69.8,69.8,69.8,69.8,69.8,69.8,69.8,69.8,69.8,69.8,69.8,69.8,69.8,69.8,69.8,69.8,69.8,69.8,69.8,69.8,69.8,69.8,69.8","66.2,66.2,66.2,66.2,66.2,66.2,66.2,66.2,66.2,66.2,66.2,66.2,66.2,66.2,66.2,66.2,66.2,66.2,66.2,66.2,66.2,66.2,66.2,66.2","66.2,66.2,66.2,66.2,66.2,66.2,66.2,66.2,66.2,66.2,66.2,66.2,66.2,66.2,66.2,66.2,66.2,66.2,66.2,66.2,66.2,66.2,66.2,66.2",none,0,0,Unadjusted,0,0,0,0,none,0,0,Unadjusted,0,0,0,False,0,0,0.67,,,,,,,,,,,,,,
2020s_CAN_QC_Quebec-Lesage.Intl.AP.717140_CWEC2016.epw,True,-5,1,single-family detached,8,1.8,0,0,0,4,0,0,4,0,0,4,0,0,4,750,1975,2,1,VentedAttic,gable,6:12,2,ConditionedBasement,8,1,9.25,0.37,0.3,0.37,0.3,WoodStud,17.2,28.9,solid concrete,14.4,interior,0,WoodFrame,5.3,5.3,none,medium,1.0,0.0,0.0,Right,ACH,50,3.0,unit exterior only,normal,15.650000000000002,False,False,False,False,Boiler,0.72,1.0,none,HSPF,0.0,SEER,0.0,ACCA,false,1.0,1.0,false,none,electricity,1.0,none,wood,mini-split,variable speed,False,0,0.0,False,none,False,,1.0,1.0,electricity,EnergyFactor,0.92,0.0,0,0,125,storage water heater,conditioned space,False,natural gas,CombinedEnergyFactor,2.7,0.8,IntegratedModifiedEnergyFactor,0.95,387,0.1065,1.218,24,7.538462,3.5,True,0.8,True,electricity,False,0.8,False,RatedAnnualkWh,0,0.0,0.0,0,0,0,True,748,False,0,0.0,True,935,0.342,True,0,0.0,0.75,0,0,0.75,0,0,0.75,1.0,5,20,"64.4,64.4,64.4,64.4,64.4,64.4,64.4,69.8,69.8,69.8,69.8,69.8,69.8,69.8,69.8,69.8,69.8,69.8,69.8,69.8,69.8,69.8,69.8,69.8","64.4,64.4,64.4,64.4,64.4,64.4,64.4,69.8,69.8,69.8,69.8,69.8,69.8,69.8,69.8,69.8,69.8,69.8,69.8,69.8,69.8,69.8,69.8,69.8","73.4,73.4,73.4,73.4,73.4,73.4,73.4,73.4,73.4,73.4,73.4,73.4,73.4,73.4,73.4,73.4,73.4,73.4,73.4,73.4,73.4,73.4,73.4,73.4","73.4,73.4,73.4,73.4,73.4,73.4,73.4,73.4,73.4,73.4,73.4,73.4,73.4,73.4,73.4,73.4,73.4,73.4,73.4,73.4,73.4,73.4,73.4,73.4",none,0,0,Unadjusted,0,0,0,0,none,0,0,Unadjusted,0,0,0,False,0,0,0.67,,,,,,,,,,,,,,
2020s_CAN_QC_Montreal-McTavish.716120_CWEC2016.epw,True,-5,1,single-family detached,8,1.8,315,0,0,4,0,0,4,0,0,4,0,0,4,2179,1965,4,2,VentedAttic,gable,6:12,2,ConditionedBasement,8,1,9.25,0.49,0.56,0.37,0.3,WoodStud,14.0,26.2,solid concrete,12.0,interior,0,WoodFrame,5.3,5.3,none,medium,1.0,12.0,22.0,Right,ACH,50,6.0,unit exterior only,normal,13.25,False,False,False,False,none,0.0,1.0,air-to-air,HSPF,7.7,SEER,13.0,ACCA,false,1.0,1.0,false,integrated,fuel oil,0.8,none,natural gas,none,,False,0,0.0,False,none,True,,1.0,1.0,electricity,EnergyFactor,0.92,0.0,0,0,125,storage water heater,conditioned space,True,electricity,CombinedEnergyFactor,2.7,0.8,IntegratedModifiedEnergyFactor,0.95,387,0.1065,1.218,24,7.538462,3.5,True,0.8,True,electricity,False,0.8,False,RatedAnnualkWh,0,0.0,0.0,0,0,0,True,348,False,0,0.0,True,935,0.342,True,0,0.0,0.0,0,0,0.0,0,0,0.0,1.0,5,20,"71.6,71.6,71.6,71.6,71.6,71.6,71.6,71.6,71.6,71.6,71.6,71.6,71.6,71.6,71.6,71.6,71.6,71.6,71.6,71.6,71.6,71.6,71.6,71.6","71.6,71.6,71.6,71.6,71.6,71.6,71.6,71.6,71.6,71.6,71.6,71.6,71.6,71.6,71.6,71.6,71.6,71.6,71.6,71.6,71.6,71.6,71.6,71.6","71.6,71.6,71.6,71.6,71.6,71.6,71.6,71.6,71.6,71.6,71.6,71.6,71.6,71.6,71.6,71.6,71.6,71.6,71.6,71.6,71.6,71.6,71.6,71.6","71.6,71.6,71.6,71.6,71.6,71.6,71.6,71.6,71.6,71.6,71.6,71.6,71.6,71.6,71.6,71.6,71.6,71.6,71.6,71.6,71.6,71.6,71.6,71.6",none,0,0,Unadjusted,0,0,0,0,none,0,0,Unadjusted,0,0,0,False,0,0,0.67,40.0,,,true,10.4,single stage,,,,,,,,
2020s_CAN_QC_Quebec-Lesage.Intl.AP.717140_CWEC2016.epw,True,-5,1,single-family detached,8,1.8,0,0,0,4,0,0,4,0,0,4,0,0,4,750,1995,3,4,VentedAttic,gable,6:12,3,ConditionedBasement,8,1,9.25,0.38,0.44,0.37,0.3,WoodStud,20.7,32.5,solid concrete,17.1,interior,0,WoodFrame,5.3,5.3,none,medium,1.0,7.654655446197431,13.778379803155378,Right,ACH,50,6.0,unit exterior only,normal,18.35,False,False,False,False,ElectricResistance,1.0,1.0,none,HSPF,0.0,SEER,0.0,ACCA,false,1.0,1.0,false,none,electricity,1.0,none,electricity,none,,False,0,0.0,False,none,False,,1.0,1.0,electricity,EnergyFactor,0.92,0.0,0,0,125,storage water heater,conditioned space,True,electricity,CombinedEnergyFactor,2.7,1.2,IntegratedModifiedEnergyFactor,0.95,387,0.1065,1.218,24,7.538462,3.5,True,1.2,True,electricity,False,1.2,True,RatedAnnualkWh,290,0.12,1.09,23,4,12,True,727,False,0,0.0,True,935,0.342,True,0,0.0,0.0,0,0,0.0,0,0,0.0,1.0,5,20,"64.4,64.4,64.4,64.4,64.4,71.6,71.6,71.6,71.6,71.6,71.6,71.6,71.6,71.6,71.6,71.6,71.6,71.6,71.6,71.6,71.6,71.6,71.6,71.6","64.4,64.4,64.4,64.4,64.4,71.6,71.6,71.6,71.6,71.6,71.6,71.6,71.6,71.6,71.6,71.6,71.6,71.6,71.6,71.6,71.6,71.6,71.6,71.6","73.4,73.4,73.4,73.4,73.4,73.4,73.4,73.4,73.4,73.4,73.4,73.4,73.4,73.4,73.4,73.4,73.4,73.4,73.4,73.4,73.4,73.4,73.4,73.4","73.4,73.4,73.4,73.4,73.4,73.4,73.4,73.4,73.4,73.4,73.4,73.4,73.4,73.4,73.4,73.4,73.4,73.4,73.4,73.4,73.4,73.4,73.4,73.4",none,0,0,Unadjusted,0,0,0,0,none,0,0,Unadjusted,0,0,0,False,0,0,0.67,40.0,,,,,,,,,,,,,
2020s_CAN_QC_Saguenay-Bagotville.AP-CFB.Bagotville.717270_CWEC2016.epw,True,-5,1,single-family detached,8,1.8,180,0,0,4,0,0,4,0,0,4,0,0,4,1698,1985,3,2,VentedAttic,gable,6:12,2,ConditionedBasement,8,1,9.25,0.37,0.3,0.37,0.3,WoodStud,20.7,32.5,solid concrete,17.1,interior,0,WoodFrame,5.3,5.3,none,medium,1.0,0.0,0.0,Right,ACH,50,6.0,unit exterior only,normal,18.35,False,False,False,False,ElectricResistance,1.0,1.0,none,HSPF,0.0,SEER,0.0,ACCA,false,1.0,1.0,false,none,electricity,1.0,none,electricity,none,,False,0,0.0,False,none,False,,1.0,1.0,electricity,EnergyFactor,0.92,0.0,0,0,125,storage water heater,conditioned space,True,electricity,CombinedEnergyFactor,2.7,0.8,IntegratedModifiedEnergyFactor,0.95,387,0.1065,1.218,24,7.538462,3.5,True,0.8,True,electricity,False,0.8,True,RatedAnnualkWh,318,0.12,1.09,25,4,12,True,433,False,0,0.0,True,935,0.342,True,0,0.0,0.75,0,0,0.75,0,0,0.75,1.0,5,20,"69.8,69.8,69.8,69.8,69.8,69.8,69.8,69.8,69.8,69.8,69.8,69.8,69.8,69.8,69.8,69.8,69.8,69.8,69.8,69.8,69.8,69.8,69.8,69.8","69.8,69.8,69.8,69.8,69.8,69.8,69.8,69.8,69.8,69.8,69.8,69.8,69.8,69.8,69.8,69.8,69.8,69.8,69.8,69.8,69.8,69.8,69.8,69.8","66.2,66.2,66.2,66.2,66.2,66.2,66.2,66.2,66.2,66.2,66.2,66.2,66.2,66.2,66.2,66.2,66.2,66.2,66.2,66.2,66.2,66.2,66.2,66.2","66.2,66.2,66.2,66.2,66.2,66.2,66.2,66.2,66.2,66.2,66.2,66.2,66.2,66.2,66.2,66.2,66.2,66.2,66.2,66.2,66.2,66.2,66.2,66.2",none,0,0,Unadjusted,0,0,0,0,none,0,0,Unadjusted,0,0,0,False,0,0,0.67,,,,,,,,,,,,,,
2020s_CAN_QC_Montreal-McTavish.716120_CWEC2016.epw,True,-5,1,single-family detached,8,1.8,0,0,0,4,0,0,4,0,0,4,0,0,4,1698,1985,4,5,VentedAttic,gable,6:12,3,ConditionedBasement,8,1,9.25,0.37,0.3,0.37,0.3,WoodStud,20.7,32.5,solid concrete,17.1,interior,0,WoodFrame,5.3,5.3,none,medium,1.0,0.0,0.0,Right,ACH,50,4.0,unit exterior only,normal,18.35,False,False,False,False,none,0.0,1.0,air-to-air,HSPF,7.7,SEER,13.0,ACCA,false,1.0,1.0,false,integrated,electricity,1.0,none,electricity,none,,False,0,0.0,False,none,True,,0.3,0.45,electricity,EnergyFactor,0.92,0.0,0,0,125,storage water heater,conditioned space,False,natural gas,CombinedEnergyFactor,2.7,1.0,IntegratedModifiedEnergyFactor,0.95,387,0.1065,1.218,24,7.538462,3.5,True,1.0,True,electricity,False,1.0,False,RatedAnnualkWh,0,0.0,0.0,0,0,0,True,480,False,0,0.0,True,935,0.342,True,0,0.0,0.75,0,0,0.75,0,0,0.75,1.0,5,20,"69.8,69.8,69.8,69.8,69.8,69.8,69.8,69.8,69.8,69.8,69.8,69.8,69.8,69.8,69.8,69.8,69.8,69.8,69.8,69.8,69.8,69.8,69.8,69.8","69.8,69.8,69.8,69.8,69.8,69.8,69.8,69.8,69.8,69.8,69.8,69.8,69.8,69.8,69.8,69.8,69.8,69.8,69.8,69.8,69.8,69.8,69.8,69.8","75.2,75.2,75.2,75.2,75.2,75.2,75.2,75.2,75.2,75.2,75.2,75.2,75.2,75.2,75.2,75.2,75.2,75.2,75.2,75.2,75.2,75.2,75.2,75.2","75.2,75.2,75.2,75.2,75.2,75.2,75.2,75.2,75.2,75.2,75.2,75.2,75.2,75.2,75.2,75.2,75.2,75.2,75.2,75.2,75.2,75.2,75.2,75.2",none,0,0,Unadjusted,0,0,0,0,none,0,0,Unadjusted,0,0,0,False,0,0,0.67,40.0,,,true,,single stage,,,,,,,,
2020s_CAN_QC_Montreal-McTavish.716120_CWEC2016.epw,True,-5,2,apartment unit,8,0.5556,0,0,0,4,0,0,4,0,0,4,0,0,4,3250,1975,5,2,VentedAttic,gable,6:12,1,SlabOnGrade,0,0,0.0,0.37,0.3,0.37,0.3,WoodStud,12.6,19.9,solid concrete,14.4,interior,0,WoodFrame,0.0,5.3,none,medium,0.5,0.0,0.0,Right,ACH,50,5.0,unit exterior only,normal,0.0,False,False,False,False,none,0.0,1.0,air-to-air,HSPF,7.7,SEER,13.0,ACCA,false,1.0,1.0,false,integrated,fuel oil,0.8,none,natural gas,none,,True,1,,False,none,False,,1.0,1.0,natural gas,EnergyFactor,0.59,0.76,0,0,125,storage water heater,conditioned space,True,electricity,CombinedEnergyFactor,2.7,1.0,IntegratedModifiedEnergyFactor,0.95,387,0.1065,1.218,24,7.538462,3.5,True,1.0,False,natural gas,False,1.0,False,RatedAnnualkWh,0,0.0,0.0,0,0,0,True,480,False,0,0.0,True,935,0.342,True,0,0.0,0.75,0,0,0.75,0,0,0.75,1.0,5,20,"68.0,68.0,68.0,68.0,68.0,68.0,68.0,68.0,68.0,68.0,68.0,68.0,68.0,68.0,68.0,68.0,68.0,68.0,68.0,68.0,68.0,68.0,68.0,68.0","68.0,68.0,68.0,68.0,68.0,68.0,68.0,68.0,68.0,68.0,68.0,68.0,68.0,68.0,68.0,68.0,68.0,68.0,68.0,68.0,68.0,68.0,68.0,68.0","73.4,73.4,73.4,73.4,73.4,73.4,73.4,73.4,73.4,73.4,73.4,73.4,73.4,73.4,73.4,73.4,73.4,73.4,73.4,73.4,73.4,73.4,73.4,73.4","73.4,73.4,73.4,73.4,73.4,73.4,73.4,73.4,73.4,73.4,73.4,73.4,73.4,73.4,73.4,73.4,73.4,73.4,73.4,73.4,73.4,73.4,73.4,73.4",none,0,0,Unadjusted,0,0,0,0,none,0,0,Unadjusted,0,0,0,False,0,0,0.67,40.0,10.0,1.0,true,10.4,single stage,,,,,,,,2248.0
2020s_CAN_QC_Montreal-McTavish.716120_CWEC2016.epw,True,-5,116,apartment unit,8,0.5556,270,0,0,4,0,0,4,0,0,4,0,0,4,750,1995,2,1,VentedAttic,gable,6:12,1,SlabOnGrade,0,0,0.0,0.49,0.56,0.37,0.3,WoodStud,18.9,31.4,solid concrete,17.1,interior,0,WoodFrame,0.0,5.3,none,medium,0.5,0.0,0.0,Right,ACH,50,8.699888147491032,unit exterior only,normal,0.0,True,False,True,False,Furnace,1.0,1.0,none,HSPF,0.0,SEER,0.0,ACCA,false,1.0,1.0,false,none,electricity,1.0,none,electricity,central air conditioner,single stage,False,0,0.0,False,none,False,,1.0,1.0,electricity,EnergyFactor,0.92,0.0,0,0,125,storage water heater,conditioned space,False,natural gas,CombinedEnergyFactor,2.7,1.2,IntegratedModifiedEnergyFactor,0.95,387,0.1065,1.218,24,7.538462,3.5,True,1.2,True,electricity,False,1.2,True,RatedAnnualkWh,318,0.12,1.09,25,4,12,True,383,False,0,0.0,False,0,0.0,True,0,0.0,0.0,0,0,0.0,0,0,0.0,1.0,5,20,"69.8,69.8,69.8,69.8,69.8,69.8,69.8,69.8,69.8,69.8,68.0,68.0,68.0,68.0,68.0,68.0,68.0,69.8,69.8,69.8,69.8,69.8,69.8,69.8","69.8,69.8,69.8,69.8,69.8,69.8,69.8,69.8,69.8,69.8,68.0,68.0,68.0,68.0,68.0,68.0,68.0,69.8,69.8,69.8,69.8,69.8,69.8,69.8","75.2,75.2,75.2,75.2,75.2,75.2,75.2,75.2,75.2,75.2,75.2,75.2,75.2,75.2,75.2,75.2,75.2,75.2,75.2,75.2,75.2,75.2,75.2,75.2","75.2,75.2,75.2,75.2,75.2,75.2,75.2,75.2,75.2,75.2,75.2,75.2,75.2,75.2,75.2,75.2,75.2,75.2,75.2,75.2,75.2,75.2,75.2,75.2",none,0,0,Unadjusted,0,0,0,0,none,0,0,Unadjusted,0,0,0,False,0,0,0.67,,,,,,,,,,,,,,
2020s_CAN_QC_Montreal-McTavish.716120_CWEC2016.epw,True,-5,1,single-family detached,8,1.8,180,0,0,4,0,0,4,0,0,4,0,0,4,2179,1985,6,4,VentedAttic,gable,6:12,3,ConditionedBasement,8,1,9.25,0.37,0.3,0.37,0.3,WoodStud,20.7,32.5,solid concrete,17.1,interior,0,WoodFrame,5.3,5.3,none,medium,1.0,0.0,0.0,Right,ACH,50,4.0,unit exterior only,normal,18.35,False,False,False,False,ElectricResistance,1.0,1.0,none,HSPF,0.0,SEER,0.0,ACCA,false,1.0,1.0,false,none,electricity,1.0,none,electricity,none,,False,0,0.0,False,none,True,,1.0,1.0,electricity,EnergyFactor,0.92,0.0,0,0,125,storage water heater,conditioned space,True,electricity,CombinedEnergyFactor,2.7,1.0,IntegratedModifiedEnergyFactor,0.95,387,0.1065,1.218,24,7.538462,3.5,True,1.0,True,electricity,False,1.0,True,RatedAnnualkWh,290,0.12,1.09,23,4,12,True,727,False,0,0.0,True,935,0.342,True,0,0.0,0.12,0,0,0.12,0,0,0.12,1.0,5,20,"64.4,64.4,64.4,64.4,64.4,64.4,64.4,64.4,64.4,69.8,69.8,69.8,69.8,69.8,69.8,69.8,69.8,69.8,69.8,69.8,69.8,69.8,69.8,69.8","64.4,64.4,64.4,64.4,64.4,64.4,64.4,64.4,64.4,69.8,69.8,69.8,69.8,69.8,69.8,69.8,69.8,69.8,69.8,69.8,69.8,69.8,69.8,69.8","69.8,69.8,69.8,69.8,69.8,69.8,69.8,69.8,69.8,69.8,69.8,69.8,69.8,69.8,69.8,69.8,69.8,69.8,69.8,69.8,69.8,69.8,69.8,69.8","69.8,69.8,69.8,69.8,69.8,69.8,69.8,69.8,69.8,69.8,69.8,69.8,69.8,69.8,69.8,69.8,69.8,69.8,69.8,69.8,69.8,69.8,69.8,69.8",none,0,0,Unadjusted,0,0,0,0,none,0,0,Unadjusted,0,0,0,False,0,0,0.67,60.0,,,,,,,,,,,,,
2020s_CAN_QC_Quebec-Lesage.Intl.AP.717140_CWEC2016.epw,True,-5,1,single-family detached,8,1.8,45,0,0,4,0,0,4,0,0,4,0,0,4,1228,2005,4,2,VentedAttic,gable,6:12,2,ConditionedBasement,8,1,9.25,0.49,0.56,0.37,0.3,WoodStud,20.7,32.5,solid concrete,17.1,interior,0,WoodFrame,5.3,5.3,none,medium,1.0,12.0,22.0,Right,ACH,50,8.0,unit exterior only,normal,18.35,False,False,False,False,Boiler,0.72,1.0,none,HSPF,0.0,SEER,0.0,ACCA,false,1.0,1.0,false,none,electricity,1.0,none,wood,mini-split,variable speed,False,0,0.0,False,none,False,,1.0,1.0,electricity,EnergyFactor,0.92,0.0,0,0,125,storage water heater,conditioned space,True,electricity,CombinedEnergyFactor,2.7,1.0,IntegratedModifiedEnergyFactor,0.95,387,0.1065,1.218,24,7.538462,3.5,True,1.0,True,electricity,False,1.0,True,RatedAnnualkWh,318,0.12,1.09,25,4,12,True,727,False,0,0.0,True,935,0.342,True,0,0.0,0.37,0,0,0.37,0,0,0.37,1.0,5,20,"69.8,69.8,69.8,69.8,69.8,69.8,69.8,69.8,69.8,69.8,69.8,69.8,69.8,69.8,69.8,69.8,69.8,69.8,69.8,69.8,69.8,69.8,69.8,69.8","69.8,69.8,69.8,69.8,69.8,69.8,69.8,69.8,69.8,69.8,69.8,69.8,69.8,69.8,69.8,69.8,69.8,69.8,69.8,69.8,69.8,69.8,69.8,69.8","73.4,73.4,73.4,73.4,73.4,73.4,73.4,73.4,73.4,73.4,73.4,73.4,73.4,73.4,73.4,73.4,73.4,73.4,73.4,73.4,73.4,73.4,73.4,73.4","73.4,73.4,73.4,73.4,73.4,73.4,73.4,73.4,73.4,73.4,73.4,73.4,73.4,73.4,73.4,73.4,73.4,73.4,73.4,73.4,73.4,73.4,73.4,73.4",none,0,0,Unadjusted,0,0,0,0,none,0,0,Unadjusted,0,0,0,False,0,0,0.67,40.0,,,,,,,,,,,,,
2020s_CAN_QC_Quebec-Lesage.Intl.AP.717140_CWEC2016.epw,True,-5,1,single-family detached,8,1.8,270,0,0,4,0,0,4,0,0,4,0,0,4,1228,1940,2,1,VentedAttic,gable,6:12,1,SlabOnGrade,0,0,0.0,0.49,0.56,0.37,0.3,WoodStud,14.5,21.2,solid concrete,10.1,interior,0,WoodFrame,0.0,5.3,none,medium,0.5,0.0,0.0,Right,ACH,50,7.0,unit exterior only,normal,0.0,False,False,False,False,none,0.0,1.0,air-to-air,HSPF,7.7,SEER,13.0,ACCA,false,1.0,1.0,false,integrated,electricity,1.0,none,electricity,none,,False,0,0.0,False,none,True,,1.0,0.45,electricity,EnergyFactor,0.92,0.0,0,0,125,storage water heater,conditioned space,True,electricity,CombinedEnergyFactor,2.7,0.8,IntegratedModifiedEnergyFactor,0.95,387,0.1065,1.218,24,7.538462,3.5,True,0.8,True,electricity,False,0.8,False,RatedAnnualkWh,0,0.0,0.0,0,0,0,True,348,True,748,1.0,True,935,0.342,True,0,0.0,0.37,0,0,0.37,0,0,0.37,1.0,5,20,"64.4,64.4,64.4,64.4,64.4,64.4,66.2,66.2,66.2,66.2,66.2,66.2,66.2,66.2,66.2,66.2,66.2,66.2,66.2,66.2,66.2,66.2,66.2,64.4","64.4,64.4,64.4,64.4,64.4,64.4,66.2,66.2,66.2,66.2,66.2,66.2,66.2,66.2,66.2,66.2,66.2,66.2,66.2,66.2,66.2,66.2,66.2,64.4","71.6,71.6,71.6,71.6,71.6,71.6,71.6,71.6,71.6,71.6,71.6,71.6,71.6,71.6,71.6,71.6,71.6,71.6,71.6,71.6,71.6,71.6,71.6,71.6","71.6,71.6,71.6,71.6,71.6,71.6,71.6,71.6,71.6,71.6,71.6,71.6,71.6,71.6,71.6,71.6,71.6,71.6,71.6,71.6,71.6,71.6,71.6,71.6",none,0,0,Unadjusted,0,0,0,0,none,0,0,Unadjusted,0,0,0,False,0,0,0.67,60.0,,,true,,single stage,,,,,,,,
2020s_CAN_QC_Quebec-Lesage.Intl.AP.717140_CWEC2016.epw,True,-5,1,single-family detached,8,1.8,90,0,0,4,0,0,4,0,0,4,0,0,4,2179,1965,5,4,VentedAttic,gable,6:12,2,ConditionedBasement,8,1,9.25,0.76,0.67,0.37,0.3,WoodStud,14.0,26.2,solid concrete,12.0,interior,0,WoodFrame,5.3,5.3,none,medium,1.0,12.0,22.0,Right,ACH,50,5.0,unit exterior only,normal,13.25,False,False,False,False,none,0.0,1.0,air-to-air,HSPF,7.7,SEER,13.0,ACCA,false,1.0,1.0,false,integrated,fuel oil,0.8,none,natural gas,none,,False,0,0.0,False,none,False,,1.0,1.0,electricity,EnergyFactor,0.92,0.0,0,0,125,storage water heater,conditioned space,True,electricity,CombinedEnergyFactor,2.7,1.0,IntegratedModifiedEnergyFactor,0.95,387,0.1065,1.218,24,7.538462,3.5,True,1.0,True,electricity,False,1.0,True,RatedAnnualkWh,290,0.12,1.09,23,4,12,True,727,False,0,0.0,True,935,0.342,True,0,0.0,0.75,0,0,0.75,0,0,0.75,1.0,5,20,"64.4,64.4,64.4,64.4,64.4,64.4,64.4,64.4,64.4,68.0,68.0,68.0,68.0,68.0,68.0,68.0,68.0,68.0,68.0,68.0,68.0,68.0,68.0,64.4","64.4,64.4,64.4,64.4,64.4,64.4,64.4,64.4,64.4,68.0,68.0,68.0,68.0,68.0,68.0,68.0,68.0,68.0,68.0,68.0,68.0,68.0,68.0,64.4","66.2,66.2,66.2,66.2,66.2,66.2,66.2,66.2,66.2,66.2,66.2,66.2,66.2,66.2,66.2,66.2,66.2,66.2,66.2,66.2,66.2,66.2,66.2,66.2","66.2,66.2,66.2,66.2,66.2,66.2,66.2,66.2,66.2,66.2,66.2,66.2,66.2,66.2,66.2,66.2,66.2,66.2,66.2,66.2,66.2,66.2,66.2,66.2",none,0,0,Unadjusted,0,0,0,0,none,0,0,Unadjusted,0,0,0,False,0,0,0.67,40.0,,,true,10.4,single stage,,,,,,,,
2020s_CAN_QC_Montreal-McTavish.716120_CWEC2016.epw,True,-5,5,apartment unit,8,0.5556,0,0,0,4,0,0,4,0,0,4,0,0,4,750,1995,2,1,VentedAttic,gable,6:12,1,SlabOnGrade,0,0,0.0,0.49,0.56,0.37,0.3,WoodStud,18.9,31.4,solid concrete,17.1,interior,0,WoodFrame,0.0,5.3,none,medium,0.5,0.0,0.0,Right,ACH,50,5.523231477605693,unit exterior only,normal,0.0,False,True,False,False,ElectricResistance,1.0,1.0,none,HSPF,0.0,SEER,0.0,ACCA,false,1.0,1.0,false,none,electricity,1.0,none,electricity,central air conditioner,single stage,False,0,0.0,False,none,False,,1.0,1.0,electricity,EnergyFactor,0.92,0.0,0,0,125,storage water heater,conditioned space,True,electricity,CombinedEnergyFactor,2.7,1.2,IntegratedModifiedEnergyFactor,0.95,387,0.1065,1.218,24,7.538462,3.5,True,1.2,True,electricity,False,1.2,False,RatedAnnualkWh,0,0.0,0.0,0,0,0,True,433,False,0,0.0,True,935,0.342,True,0,0.0,0.0,0,0,0.0,0,0,0.0,1.0,5,20,"66.2,66.2,66.2,66.2,66.2,66.2,66.2,69.8,69.8,69.8,69.8,69.8,69.8,69.8,69.8,69.8,69.8,69.8,69.8,69.8,69.8,69.8,69.8,66.2","66.2,66.2,66.2,66.2,66.2,66.2,66.2,69.8,69.8,69.8,69.8,69.8,69.8,69.8,69.8,69.8,69.8,69.8,69.8,69.8,69.8,69.8,69.8,66.2","73.4,73.4,73.4,73.4,73.4,73.4,73.4,73.4,73.4,73.4,73.4,73.4,73.4,73.4,73.4,73.4,73.4,73.4,73.4,73.4,73.4,73.4,73.4,73.4","73.4,73.4,73.4,73.4,73.4,73.4,73.4,73.4,73.4,73.4,73.4,73.4,73.4,73.4,73.4,73.4,73.4,73.4,73.4,73.4,73.4,73.4,73.4,73.4",none,0,0,Unadjusted,0,0,0,0,none,0,0,Unadjusted,0,0,0,False,0,0,0.67,,,,,,,,,,,,,,
2020s_CAN_QC_Montreal-McTavish.716120_CWEC2016.epw,True,-5,1,single-family detached,8,1.8,90,0,0,4,0,0,4,0,0,4,0,0,4,4250,1995,5,2,VentedAttic,gable,6:12,2,ConditionedBasement,8,1,9.25,0.49,0.56,0.37,0.3,WoodStud,20.7,32.5,solid concrete,17.1,interior,0,WoodFrame,5.3,5.3,none,medium,1.0,0.0,0.0,Right,ACH,50,4.0,unit exterior only,normal,18.35,False,False,False,False,ElectricResistance,1.0,1.0,none,HSPF,0.0,SEER,0.0,ACCA,false,1.0,1.0,false,none,electricity,1.0,none,electricity,mini-split,variable speed,False,0,0.0,False,none,False,,1.0,1.0,electricity,EnergyFactor,0.92,0.0,0,0,125,storage water heater,conditioned space,True,electricity,CombinedEnergyFactor,2.7,1.0,IntegratedModifiedEnergyFactor,0.95,387,0.1065,1.218,24,7.538462,3.5,True,1.0,True,electricity,False,1.0,True,RatedAnnualkWh,290,0.12,1.09,23,4,12,True,480,True,383,1.0,True,935,0.342,True,0,0.0,0.0,0,0,0.0,0,0,0.0,1.0,5,20,"64.4,64.4,64.4,64.4,64.4,64.4,64.4,64.4,71.6,71.6,71.6,68.0,68.0,68.0,68.0,71.6,71.6,71.6,71.6,71.6,71.6,71.6,71.6,64.4","64.4,64.4,64.4,64.4,64.4,64.4,64.4,64.4,71.6,71.6,71.6,68.0,68.0,68.0,68.0,71.6,71.6,71.6,71.6,71.6,71.6,71.6,71.6,64.4","71.6,71.6,71.6,71.6,71.6,71.6,71.6,71.6,71.6,71.6,71.6,71.6,71.6,71.6,71.6,71.6,71.6,71.6,71.6,71.6,71.6,71.6,71.6,71.6","71.6,71.6,71.6,71.6,71.6,71.6,71.6,71.6,71.6,71.6,71.6,71.6,71.6,71.6,71.6,71.6,71.6,71.6,71.6,71.6,71.6,71.6,71.6,71.6",none,0,0,Unadjusted,0,0,0,0,none,0,0,Unadjusted,0,0,0,False,0,0,0.67,40.0,,,,,,,,,,,,,
2020s_CAN_QC_Montreal-McTavish.716120_CWEC2016.epw,True,-5,1,single-family detached,8,1.8,90,0,0,4,0,0,4,0,0,4,0,0,4,3750,1975,4,2,VentedAttic,gable,6:12,3,ConditionedBasement,8,1,9.25,0.76,0.67,0.37,0.3,WoodStud,17.2,28.9,solid concrete,14.4,interior,0,WoodFrame,5.3,5.3,none,medium,1.0,0.0,0.0,Right,ACH,50,3.0,unit exterior only,normal,15.650000000000002,False,False,False,False,ElectricResistance,1.0,1.0,none,HSPF,0.0,SEER,0.0,ACCA,false,1.0,1.0,false,none,electricity,1.0,none,electricity,none,,False,0,0.0,False,none,True,heat pump,1.0,0.45,electricity,EnergyFactor,0.92,0.0,0,0,125,storage water heater,conditioned space,False,natural gas,CombinedEnergyFactor,2.7,0.8,IntegratedModifiedEnergyFactor,0.95,387,0.1065,1.218,24,7.538462,3.5,True,0.8,True,electricity,False,0.8,True,RatedAnnualkWh,290,0.12,1.09,23,4,12,True,1139,False,0,0.0,False,0,0.0,True,0,0.0,0.75,0,0,0.75,0,0,0.75,1.0,5,20,"64.4,64.4,64.4,64.4,64.4,64.4,64.4,64.4,68.0,64.4,64.4,64.4,64.4,64.4,64.4,64.4,64.4,68.0,68.0,68.0,68.0,64.4,64.4,64.4","64.4,64.4,64.4,64.4,64.4,64.4,64.4,64.4,68.0,64.4,64.4,64.4,64.4,64.4,64.4,64.4,64.4,68.0,68.0,68.0,68.0,64.4,64.4,64.4","69.8,69.8,69.8,69.8,69.8,69.8,69.8,69.8,69.8,69.8,69.8,69.8,69.8,69.8,69.8,69.8,69.8,69.8,69.8,69.8,69.8,69.8,69.8,69.8","69.8,69.8,69.8,69.8,69.8,69.8,69.8,69.8,69.8,69.8,69.8,69.8,69.8,69.8,69.8,69.8,69.8,69.8,69.8,69.8,69.8,69.8,69.8,69.8",none,0,0,Unadjusted,0,0,0,0,none,0,0,Unadjusted,0,0,0,False,0,0,0.67,50.0,,,,,,,,,,,,,
2020s_CAN_QC_Quebec-Lesage.Intl.AP.717140_CWEC2016.epw,True,-5,326,apartment unit,8,0.5556,225,0,0,4,0,0,4,0,0,4,0,0,4,322,2015,1,1,VentedAttic,gable,6:12,1,SlabOnGrade,0,0,0.0,0.49,0.56,0.37,0.3,WoodStud,24.5,42.6,solid concrete,17.0,interior,0,WoodFrame,0.0,5.3,none,medium,0.75,0.0,0.0,Right,ACH,50,0.6936340213291995,unit exterior only,normal,0.0,True,True,True,False,ElectricResistance,1.0,1.0,none,HSPF,0.0,SEER,0.0,ACCA,false,1.0,1.0,false,none,electricity,1.0,none,electricity,central air conditioner,single stage,False,0,0.0,False,none,False,,1.0,1.0,electricity,EnergyFactor,0.92,0.0,0,0,125,storage water heater,conditioned space,True,electricity,CombinedEnergyFactor,2.7,0.8,IntegratedModifiedEnergyFactor,0.95,387,0.1065,1.218,24,7.538462,3.5,True,0.8,True,electricity,False,0.8,False,RatedAnnualkWh,0,0.0,0.0,0,0,0,True,383,False,0,0.0,False,0,0.0,True,0,0.0,0.37,0,0,0.37,0,0,0.37,1.0,5,20,"68.0,68.0,68.0,68.0,68.0,68.0,68.0,68.0,68.0,69.8,71.6,71.6,71.6,71.6,71.6,71.6,71.6,71.6,69.8,69.8,69.8,69.8,69.8,69.8","68.0,68.0,68.0,68.0,68.0,68.0,68.0,68.0,68.0,69.8,71.6,71.6,71.6,71.6,71.6,71.6,71.6,71.6,69.8,69.8,69.8,69.8,69.8,69.8","78.8,78.8,78.8,78.8,78.8,78.8,78.8,78.8,78.8,78.8,78.8,78.8,78.8,78.8,78.8,78.8,78.8,78.8,78.8,78.8,78.8,78.8,78.8,78.8","78.8,78.8,78.8,78.8,78.8,78.8,78.8,78.8,78.8,78.8,78.8,78.8,78.8,78.8,78.8,78.8,78.8,78.8,78.8,78.8,78.8,78.8,78.8,78.8",none,0,0,Unadjusted,0,0,0,0,none,0,0,Unadjusted,0,0,0,False,0,0,0.67,,,,,,,,,,,,,,
2020s_CAN_QC_Quebec-Lesage.Intl.AP.717140_CWEC2016.epw,True,-5,1,single-family detached,8,1.8,90,0,0,4,0,0,4,0,0,4,0,0,4,1698,1955,5,2,VentedAttic,gable,6:12,2,ConditionedBasement,8,1,9.25,0.37,0.3,0.37,0.3,WoodStud,14.0,26.2,solid concrete,12.0,interior,0,WoodFrame,5.3,5.3,none,medium,1.0,0.0,0.0,Right,ACH,50,8.0,unit exterior only,normal,13.25,False,False,False,False,none,0.0,1.0,air-to-air,HSPF,8.5,SEER,15.0,ACCA,false,1.0,1.0,false,integrated,electricity,1.0,none,electricity,none,,False,0,0.0,False,none,True,heat pump,1.0,0.45,electricity,EnergyFactor,0.92,0.0,0,0,125,storage water heater,conditioned space,True,electricity,CombinedEnergyFactor,2.7,1.0,IntegratedModifiedEnergyFactor,0.95,387,0.1065,1.218,24,7.538462,3.5,True,1.0,True,electricity,False,1.0,True,RatedAnnualkWh,290,0.12,1.09,23,4,12,True,383,False,0,0.0,True,935,0.342,True,0,0.0,0.75,0,0,0.75,0,0,0.75,1.0,5,20,"50.0,50.0,50.0,50.0,50.0,50.0,50.0,50.0,51.8,51.8,51.8,66.2,66.2,66.2,66.2,66.2,51.8,51.8,51.8,51.8,51.8,51.8,50.0,50.0","50.0,50.0,50.0,50.0,50.0,50.0,50.0,50.0,51.8,51.8,51.8,66.2,66.2,66.2,66.2,66.2,51.8,51.8,51.8,51.8,51.8,51.8,50.0,50.0","68.0,68.0,68.0,68.0,68.0,68.0,68.0,68.0,68.0,68.0,68.0,68.0,68.0,68.0,68.0,68.0,68.0,68.0,68.0,68.0,68.0,68.0,68.0,68.0","68.0,68.0,68.0,68.0,68.0,68.0,68.0,68.0,68.0,68.0,68.0,68.0,68.0,68.0,68.0,68.0,68.0,68.0,68.0,68.0,68.0,68.0,68.0,68.0",none,0,0,Unadjusted,0,0,0,0,none,0,0,Unadjusted,0,0,0,False,0,0,0.67,60.0,,,true,,single stage,,,,,,,,
2020s_CAN_QC_Quebec-Lesage.Intl.AP.717140_CWEC2016.epw,True,-5,1,single-family detached,8,1.8,225,0,0,4,0,0,4,0,0,4,0,0,4,4250,1965,4,3,VentedAttic,gable,6:12,2,SlabOnGrade,0,0,0.0,0.49,0.56,0.37,0.3,WoodStud,14.0,26.2,solid concrete,12.0,interior,0,WoodFrame,0.0,5.3,none,medium,1.0,0.0,0.0,Right,ACH,50,7.0,unit exterior only,normal,0.0,False,False,False,False,Boiler,0.72,1.0,none,HSPF,0.0,SEER,0.0,ACCA,false,1.0,1.0,false,none,electricity,1.0,none,wood,none,,False,0,0.0,False,none,False,,1.0,1.0,electricity,EnergyFactor,0.92,0.0,0,0,125,storage water heater,conditioned space,True,electricity,CombinedEnergyFactor,2.7,0.8,IntegratedModifiedEnergyFactor,0.95,387,0.1065,1.218,24,7.538462,3.5,True,0.8,True,electricity,False,0.8,True,RatedAnnualkWh,318,0.12,1.09,25,4,12,True,348,False,0,0.0,True,935,0.342,True,0,0.0,0.75,0,0,0.75,0,0,0.75,1.0,5,20,"62.6,62.6,62.6,62.6,62.6,62.6,62.6,62.6,71.6,66.2,66.2,66.2,66.2,66.2,66.2,66.2,66.2,71.6,71.6,71.6,71.6,62.6,62.6,62.6","62.6,62.6,62.6,62.6,62.6,62.6,62.6,62.6,71.6,66.2,66.2,66.2,66.2,66.2,66.2,66.2,66.2,71.6,71.6,71.6,71.6,62.6,62.6,62.6","69.8,69.8,69.8,69.8,69.8,69.8,69.8,69.8,69.8,69.8,69.8,69.8,69.8,69.8,69.8,69.8,69.8,69.8,69.8,69.8,69.8,69.8,69.8,69.8","69.8,69.8,69.8,69.8,69.8,69.8,69.8,69.8,69.8,69.8,69.8,69.8,69.8,69.8,69.8,69.8,69.8,69.8,69.8,69.8,69.8,69.8,69.8,69.8",none,0,0,Unadjusted,0,0,0,0,none,0,0,Unadjusted,0,0,0,False,0,0,0.67,,,,,,,,,,,,,,
2020s_CAN_QC_Montreal-McTavish.716120_CWEC2016.epw,True,-5,1,single-family detached,8,1.8,135,0,0,4,0,0,4,0,0,4,0,0,4,2678,2015,3,2,VentedAttic,gable,6:12,2,UnconditionedBasement,8,1,9.25,0.49,0.56,0.37,0.3,WoodStud,24.5,42.6,solid concrete,17.0,interior,0,WoodFrame,22.6,22.6,none,medium,1.0,0.0,0.0,Right,ACH,50,1.0,unit exterior only,normal,18.25,False,False,False,False,ElectricResistance,1.0,1.0,none,HSPF,0.0,SEER,0.0,ACCA,false,1.0,1.0,false,none,electricity,1.0,none,electricity,mini-split,variable speed,False,0,0.0,False,none,True,,0.3,1.0,electricity,EnergyFactor,0.92,0.0,0,0,125,storage water heater,conditioned space,True,electricity,CombinedEnergyFactor,2.7,1.2,IntegratedModifiedEnergyFactor,0.95,387,0.1065,1.218,24,7.538462,3.5,True,1.2,False,natural gas,False,1.2,False,RatedAnnualkWh,0,0.0,0.0,0,0,0,True,433,True,1139,1.0,True,935,0.342,True,0,0.0,0.75,0,0,0.75,0,0,0.75,1.0,5,20,"69.8,69.8,69.8,69.8,69.8,69.8,69.8,69.8,69.8,69.8,69.8,69.8,69.8,69.8,69.8,69.8,69.8,69.8,69.8,69.8,69.8,69.8,69.8,69.8","69.8,69.8,69.8,69.8,69.8,69.8,69.8,69.8,69.8,69.8,69.8,69.8,69.8,69.8,69.8,69.8,69.8,69.8,69.8,69.8,69.8,69.8,69.8,69.8","71.6,71.6,71.6,71.6,71.6,71.6,71.6,71.6,71.6,71.6,71.6,71.6,71.6,71.6,71.6,71.6,71.6,71.6,71.6,71.6,71.6,71.6,71.6,71.6","71.6,71.6,71.6,71.6,71.6,71.6,71.6,71.6,71.6,71.6,71.6,71.6,71.6,71.6,71.6,71.6,71.6,71.6,71.6,71.6,71.6,71.6,71.6,71.6",none,0,0,Unadjusted,0,0,0,0,none,0,0,Unadjusted,0,0,0,False,0,0,0.67,60.0,,,,,,,,,,,,,
2020s_CAN_QC_Quebec-Lesage.Intl.AP.717140_CWEC2016.epw,True,-5,1,single-family detached,8,1.8,270,0,0,4,0,0,4,0,0,4,0,0,4,1698,2005,5,2,VentedAttic,gable,6:12,3,ConditionedBasement,8,1,9.25,0.76,0.67,0.37,0.3,WoodStud,20.7,32.5,solid concrete,17.1,interior,0,WoodFrame,5.3,5.3,none,medium,1.0,12.0,22.0,Right,ACH,50,3.0,unit exterior only,normal,18.35,False,False,False,False,none,0.0,1.0,air-to-air,HSPF,7.7,SEER,13.0,ACCA,false,1.0,1.0,false,integrated,electricity,1.0,none,electricity,none,,False,0,0.0,False,none,True,,1.0,0.45,electricity,EnergyFactor,0.92,0.0,0,0,125,storage water heater,conditioned space,True,electricity,CombinedEnergyFactor,2.7,1.0,IntegratedModifiedEnergyFactor,0.95,387,0.1065,1.218,24,7.538462,3.5,True,1.0,True,electricity,False,1.0,True,RatedAnnualkWh,318,0.12,1.09,25,4,12,True,748,False,0,0.0,False,0,0.0,True,0,0.0,0.0,0,0,0.0,0,0,0.0,1.0,5,20,"66.2,66.2,66.2,66.2,66.2,66.2,66.2,66.2,69.8,69.8,69.8,69.8,69.8,69.8,69.8,69.8,69.8,69.8,69.8,69.8,69.8,69.8,69.8,66.2","66.2,66.2,66.2,66.2,66.2,66.2,66.2,66.2,69.8,69.8,69.8,69.8,69.8,69.8,69.8,69.8,69.8,69.8,69.8,69.8,69.8,69.8,69.8,66.2","73.4,73.4,73.4,73.4,73.4,73.4,73.4,73.4,73.4,73.4,73.4,73.4,73.4,73.4,73.4,73.4,73.4,73.4,73.4,73.4,73.4,73.4,73.4,73.4","73.4,73.4,73.4,73.4,73.4,73.4,73.4,73.4,73.4,73.4,73.4,73.4,73.4,73.4,73.4,73.4,73.4,73.4,73.4,73.4,73.4,73.4,73.4,73.4",none,0,0,Unadjusted,0,0,0,0,none,0,0,Unadjusted,0,0,0,False,0,0,0.67,40.0,,,true,,single stage,,,,,,,,
2020s_CAN_QC_Montreal-McTavish.716120_CWEC2016.epw,True,-5,183,apartment unit,8,0.5556,135,0,0,4,0,0,4,0,0,4,0,0,4,750,1985,2,4,VentedAttic,gable,6:12,1,SlabOnGrade,0,0,0.0,0.38,0.44,0.37,0.3,WoodStud,18.9,31.4,solid concrete,17.1,interior,0,WoodFrame,0.0,5.3,none,medium,0.5,0.0,0.0,Right,ACH,50,1.8054552788397387,unit exterior only,normal,0.0,False,True,True,False,ElectricResistance,1.0,1.0,none,HSPF,0.0,SEER,0.0,ACCA,false,1.0,1.0,false,none,electricity,1.0,none,electricity,central air conditioner,single stage,False,0,0.0,False,none,False,,1.0,1.0,electricity,EnergyFactor,0.92,0.0,0,0,125,storage water heater,conditioned space,True,electricity,CombinedEnergyFactor,2.7,1.0,IntegratedModifiedEnergyFactor,0.95,387,0.1065,1.218,24,7.538462,3.5,True,1.0,True,electricity,False,1.0,True,RatedAnnualkWh,290,0.12,1.09,23,4,12,True,748,False,0,0.0,True,935,0.342,True,0,0.0,0.75,0,0,0.75,0,0,0.75,1.0,5,20,"66.2,66.2,66.2,66.2,66.2,68.0,68.0,68.0,66.2,66.2,66.2,66.2,66.2,66.2,66.2,66.2,66.2,68.0,68.0,68.0,68.0,68.0,68.0,68.0","66.2,66.2,66.2,66.2,66.2,68.0,68.0,68.0,66.2,66.2,66.2,66.2,66.2,66.2,66.2,66.2,66.2,68.0,68.0,68.0,68.0,68.0,68.0,68.0","75.2,75.2,75.2,75.2,75.2,75.2,75.2,75.2,75.2,75.2,75.2,75.2,75.2,75.2,75.2,75.2,75.2,75.2,75.2,75.2,75.2,75.2,75.2,75.2","75.2,75.2,75.2,75.2,75.2,75.2,75.2,75.2,75.2,75.2,75.2,75.2,75.2,75.2,75.2,75.2,75.2,75.2,75.2,75.2,75.2,75.2,75.2,75.2",none,0,0,Unadjusted,0,0,0,0,none,0,0,Unadjusted,0,0,0,False,0,0,0.67,,,,,,,,,,,,,,
2020s_CAN_QC_Montreal-McTavish.716120_CWEC2016.epw,True,-5,1,single-family detached,8,1.8,270,0,0,4,0,0,4,0,0,4,0,0,4,3250,1940,6,4,VentedAttic,gable,6:12,2,ConditionedBasement,8,1,9.25,0.37,0.3,0.37,0.3,WoodStud,14.5,21.2,solid concrete,10.1,interior,0,WoodFrame,5.3,5.3,none,medium,1.0,12.0,22.0,Right,ACH,50,7.0,unit exterior only,normal,11.35,False,False,False,False,ElectricResistance,1.0,1.0,none,HSPF,0.0,SEER,0.0,ACCA,false,1.0,1.0,false,none,electricity,1.0,none,electricity,central air conditioner,single stage,False,0,0.0,False,none,False,,1.0,1.0,electricity,EnergyFactor,0.92,0.0,0,0,125,storage water heater,conditioned space,True,electricity,CombinedEnergyFactor,2.7,1.0,IntegratedModifiedEnergyFactor,0.95,387,0.1065,1.218,24,7.538462,3.5,True,1.0,True,electricity,False,1.0,True,RatedAnnualkWh,318,0.12,1.09,25,4,12,True,383,False,0,0.0,True,935,0.342,True,0,0.0,0.75,0,0,0.75,0,0,0.75,1.0,5,20,"68.0,68.0,68.0,68.0,68.0,68.0,68.0,68.0,68.0,68.0,68.0,68.0,68.0,68.0,68.0,68.0,68.0,68.0,68.0,68.0,68.0,68.0,68.0,68.0","68.0,68.0,68.0,68.0,68.0,68.0,68.0,68.0,68.0,68.0,68.0,68.0,68.0,68.0,68.0,68.0,68.0,68.0,68.0,68.0,68.0,68.0,68.0,68.0","71.6,71.6,71.6,71.6,71.6,71.6,71.6,71.6,71.6,71.6,71.6,71.6,71.6,71.6,71.6,71.6,71.6,71.6,71.6,71.6,71.6,71.6,71.6,71.6","71.6,71.6,71.6,71.6,71.6,71.6,71.6,71.6,71.6,71.6,71.6,71.6,71.6,71.6,71.6,71.6,71.6,71.6,71.6,71.6,71.6,71.6,71.6,71.6",none,0,0,Unadjusted,0,0,0,0,none,0,0,Unadjusted,0,0,0,False,0,0,0.67,60.0,,,,,,,,,,,,,
2020s_CAN_QC_Montreal-McTavish.716120_CWEC2016.epw,True,-5,1,single-family detached,8,1.8,0,0,0,4,0,0,4,0,0,4,0,0,4,2179,1985,3,2,VentedAttic,gable,6:12,2,ConditionedBasement,8,1,9.25,0.37,0.3,0.37,0.3,WoodStud,20.7,32.5,solid concrete,17.1,interior,0,WoodFrame,5.3,5.3,none,medium,1.0,12.0,22.0,Right,ACH,50,4.0,unit exterior only,normal,18.35,False,False,False,False,none,0.0,1.0,mini-split,HSPF,12.7,SEER,25.0,ACCA,false,1.0,1.0,false,integrated,electricity,1.0,none,electricity,none,,True,1,,False,none,False,,1.0,1.0,electricity,EnergyFactor,0.92,0.0,0,0,125,storage water heater,conditioned space,True,electricity,CombinedEnergyFactor,2.7,1.0,IntegratedModifiedEnergyFactor,0.95,387,0.1065,1.218,24,7.538462,3.5,True,1.0,True,electricity,False,1.0,True,RatedAnnualkWh,290,0.12,1.09,23,4,12,True,348,False,0,0.0,True,935,0.342,True,0,0.0,0.12,0,0,0.12,0,0,0.12,1.0,5,20,"62.6,62.6,62.6,62.6,62.6,62.6,68.0,68.0,68.0,68.0,68.0,68.0,68.0,68.0,68.0,68.0,68.0,68.0,68.0,68.0,68.0,68.0,68.0,62.6","62.6,62.6,62.6,62.6,62.6,62.6,68.0,68.0,68.0,68.0,68.0,68.0,68.0,68.0,68.0,68.0,68.0,68.0,68.0,68.0,68.0,68.0,68.0,62.6","75.2,75.2,75.2,75.2,75.2,75.2,75.2,75.2,75.2,75.2,75.2,75.2,75.2,75.2,75.2,75.2,75.2,75.2,75.2,75.2,75.2,75.2,75.2,75.2","75.2,75.2,75.2,75.2,75.2,75.2,75.2,75.2,75.2,75.2,75.2,75.2,75.2,75.2,75.2,75.2,75.2,75.2,75.2,75.2,75.2,75.2,75.2,75.2",none,0,0,Unadjusted,0,0,0,0,none,0,0,Unadjusted,0,0,0,False,0,0,0.67,60.0,,,false,,variable speed,0.5,-15.0,,,,,,2248.0
2020s_CAN_QC_Quebec-Lesage.Intl.AP.717140_CWEC2016.epw,True,-5,2,apartment unit,8,0.5556,0,0,0,4,0,0,4,0,0,4,0,0,4,1138,1995,3,3,VentedAttic,gable,6:12,1,SlabOnGrade,0,0,0.0,0.49,0.56,0.37,0.3,WoodStud,18.9,31.4,solid concrete,17.1,interior,0,WoodFrame,0.0,5.3,none,medium,0.5,0.0,0.0,Right,ACH,50,4.0,unit exterior only,normal,0.0,False,False,False,False,ElectricResistance,1.0,1.0,none,HSPF,0.0,SEER,0.0,ACCA,false,1.0,1.0,false,none,electricity,1.0,none,electricity,mini-split,variable speed,False,0,0.0,False,none,False,,1.0,1.0,electricity,EnergyFactor,0.92,0.0,0,0,125,storage water heater,conditioned space,True,electricity,CombinedEnergyFactor,2.7,0.8,IntegratedModifiedEnergyFactor,0.95,387,0.1065,1.218,24,7.538462,3.5,True,0.8,True,electricity,False,0.8,False,RatedAnnualkWh,0,0.0,0.0,0,0,0,True,383,False,0,0.0,False,0,0.0,True,0,0.0,0.0,0,0,0.0,0,0,0.0,1.0,5,20,"60.8,60.8,60.8,60.8,60.8,60.8,60.8,60.8,60.8,60.8,50.0,50.0,50.0,50.0,50.0,50.0,50.0,60.8,60.8,60.8,60.8,60.8,60.8,60.8","60.8,60.8,60.8,60.8,60.8,60.8,60.8,60.8,60.8,60.8,50.0,50.0,50.0,50.0,50.0,50.0,50.0,60.8,60.8,60.8,60.8,60.8,60.8,60.8","71.6,71.6,71.6,71.6,71.6,71.6,71.6,71.6,71.6,71.6,71.6,71.6,71.6,71.6,71.6,71.6,71.6,71.6,71.6,71.6,71.6,71.6,71.6,71.6","71.6,71.6,71.6,71.6,71.6,71.6,71.6,71.6,71.6,71.6,71.6,71.6,71.6,71.6,71.6,71.6,71.6,71.6,71.6,71.6,71.6,71.6,71.6,71.6",none,0,0,Unadjusted,0,0,0,0,none,0,0,Unadjusted,0,0,0,False,0,0,0.67,40.0,10.0,1.0,,,,,,,,,,,
2020s_CAN_QC_Montreal-McTavish.716120_CWEC2016.epw,True,-5,1,single-family detached,8,1.8,135,0,0,4,0,0,4,0,0,4,0,0,4,4250,1965,5,2,VentedAttic,gable,6:12,3,ConditionedBasement,8,1,9.25,0.49,0.56,0.37,0.3,WoodStud,14.0,26.2,solid concrete,12.0,interior,0,WoodFrame,5.3,5.3,none,medium,1.0,0.0,0.0,Right,ACH,50,8.0,unit exterior only,normal,13.25,False,False,False,False,WallFurnace,1.0,1.0,none,HSPF,0.0,SEER,0.0,ACCA,false,1.0,1.0,false,none,electricity,1.0,none,electricity,none,,False,0,0.0,True,electric resistance,False,,1.0,1.0,electricity,EnergyFactor,0.92,0.0,0,0,125,storage water heater,conditioned space,True,electricity,CombinedEnergyFactor,2.7,0.8,IntegratedModifiedEnergyFactor,0.95,387,0.1065,1.218,24,7.538462,3.5,True,0.8,True,electricity,False,0.8,True,RatedAnnualkWh,290,0.12,1.09,23,4,12,True,383,True,383,1.0,True,935,0.342,True,0,0.0,0.75,0,0,0.75,0,0,0.75,1.0,5,20,"71.6,71.6,71.6,71.6,71.6,71.6,71.6,71.6,71.6,71.6,71.6,71.6,71.6,71.6,71.6,71.6,71.6,71.6,71.6,71.6,71.6,71.6,71.6,71.6","71.6,71.6,71.6,71.6,71.6,71.6,71.6,71.6,71.6,71.6,71.6,71.6,71.6,71.6,71.6,71.6,71.6,71.6,71.6,71.6,71.6,71.6,71.6,71.6","71.6,71.6,71.6,71.6,71.6,71.6,71.6,71.6,71.6,71.6,71.6,71.6,71.6,71.6,71.6,71.6,71.6,71.6,71.6,71.6,71.6,71.6,71.6,71.6","71.6,71.6,71.6,71.6,71.6,71.6,71.6,71.6,71.6,71.6,71.6,71.6,71.6,71.6,71.6,71.6,71.6,71.6,71.6,71.6,71.6,71.6,71.6,71.6",none,0,0,Unadjusted,0,0,0,0,none,0,0,Unadjusted,0,0,0,False,0,0,0.67,60.0,,,,,,,,,,,0.0,1500.6781684027778,
2020s_CAN_QC_Montreal-McTavish.716120_CWEC2016.epw,True,-5,1,single-family detached,8,1.8,270,0,0,4,0,0,4,0,0,4,0,0,4,1698,1995,4,2,VentedAttic,gable,6:12,3,ConditionedBasement,8,1,9.25,0.49,0.56,0.37,0.3,WoodStud,20.7,32.5,solid concrete,17.1,interior,0,WoodFrame,5.3,5.3,none,medium,1.0,0.0,0.0,Right,ACH,50,8.0,unit exterior only,normal,18.35,False,False,False,False,ElectricResistance,1.0,1.0,none,HSPF,0.0,SEER,0.0,ACCA,false,1.0,1.0,false,none,electricity,1.0,none,electricity,mini-split,variable speed,False,0,0.0,False,none,True,electric resistance,0.3,0.45,electricity,EnergyFactor,0.92,0.0,0,0,125,storage water heater,conditioned space,True,electricity,CombinedEnergyFactor,2.7,1.0,IntegratedModifiedEnergyFactor,0.95,387,0.1065,1.218,24,7.538462,3.5,True,1.0,True,electricity,False,1.0,False,RatedAnnualkWh,0,0.0,0.0,0,0,0,True,383,False,0,0.0,True,935,0.342,True,0,0.0,0.75,0,0,0.75,0,0,0.75,1.0,5,20,"68.0,68.0,68.0,68.0,68.0,68.0,68.0,68.0,68.0,68.0,68.0,68.0,68.0,68.0,68.0,68.0,68.0,68.0,68.0,68.0,68.0,68.0,68.0,68.0","68.0,68.0,68.0,68.0,68.0,68.0,68.0,68.0,68.0,68.0,68.0,68.0,68.0,68.0,68.0,68.0,68.0,68.0,68.0,68.0,68.0,68.0,68.0,68.0","71.6,71.6,71.6,71.6,71.6,71.6,71.6,71.6,71.6,71.6,71.6,71.6,71.6,71.6,71.6,71.6,71.6,71.6,71.6,71.6,71.6,71.6,71.6,71.6","71.6,71.6,71.6,71.6,71.6,71.6,71.6,71.6,71.6,71.6,71.6,71.6,71.6,71.6,71.6,71.6,71.6,71.6,71.6,71.6,71.6,71.6,71.6,71.6",none,0,0,Unadjusted,0,0,0,0,none,0,0,Unadjusted,0,0,0,False,0,0,0.67,,,,,,,,,,,,,,
2020s_CAN_QC_Montreal-McTavish.716120_CWEC2016.epw,True,-5,1,single-family detached,8,1.8,270,0,0,4,0,0,4,0,0,4,0,0,4,1698,1985,5,4,VentedAttic,gable,6:12,3,ConditionedBasement,8,1,9.25,0.49,0.56,0.37,0.3,WoodStud,20.7,32.5,solid concrete,17.1,interior,0,WoodFrame,5.3,5.3,none,medium,1.0,12.0,22.0,Right,ACH,50,6.0,unit exterior only,normal,18.35,False,False,False,False,WallFurnace,1.0,1.0,none,HSPF,0.0,SEER,0.0,ACCA,false,1.0,1.0,false,none,electricity,1.0,none,electricity,central air conditioner,single stage,False,0,0.0,False,none,False,,1.0,1.0,electricity,EnergyFactor,0.92,0.0,0,0,125,storage water heater,conditioned space,True,electricity,CombinedEnergyFactor,2.7,1.0,IntegratedModifiedEnergyFactor,0.95,387,0.1065,1.218,24,7.538462,3.5,True,1.0,True,electricity,False,1.0,False,RatedAnnualkWh,0,0.0,0.0,0,0,0,True,1139,False,0,0.0,True,935,0.342,True,0,0.0,0.75,0,0,0.75,0,0,0.75,1.0,5,20,"64.4,64.4,64.4,64.4,64.4,64.4,64.4,64.4,64.4,64.4,64.4,64.4,64.4,64.4,64.4,64.4,64.4,64.4,64.4,64.4,64.4,64.4,64.4,64.4","64.4,64.4,64.4,64.4,64.4,64.4,64.4,64.4,64.4,64.4,64.4,64.4,64.4,64.4,64.4,64.4,64.4,64.4,64.4,64.4,64.4,64.4,64.4,64.4","69.8,69.8,69.8,69.8,69.8,69.8,69.8,69.8,69.8,69.8,69.8,69.8,69.8,69.8,69.8,69.8,69.8,69.8,69.8,69.8,69.8,69.8,69.8,69.8","69.8,69.8,69.8,69.8,69.8,69.8,69.8,69.8,69.8,69.8,69.8,69.8,69.8,69.8,69.8,69.8,69.8,69.8,69.8,69.8,69.8,69.8,69.8,69.8",none,0,0,Unadjusted,0,0,0,0,none,0,0,Unadjusted,0,0,0,False,0,0,0.67,,,,,,,,,,,,,,
2020s_CAN_QC_Montreal-McTavish.716120_CWEC2016.epw,True,-5,3,apartment unit,8,0.5556,90,0,0,4,0,0,4,0,0,4,0,0,4,750,1955,2,2,VentedAttic,gable,6:12,1,SlabOnGrade,0,0,0.0,0.49,0.56,0.37,0.3,WoodStud,12.6,19.9,solid concrete,12.0,interior,0,WoodFrame,0.0,5.3,none,medium,0.5,0.0,0.0,Right,ACH,50,7.0,unit exterior only,normal,0.0,False,False,False,False,ElectricResistance,1.0,1.0,none,HSPF,0.0,SEER,0.0,ACCA,false,1.0,1.0,false,none,electricity,1.0,none,electricity,central air conditioner,single stage,False,0,0.0,False,none,False,,1.0,1.0,electricity,EnergyFactor,0.92,0.0,0,0,125,storage water heater,conditioned space,True,electricity,CombinedEnergyFactor,2.7,1.2,IntegratedModifiedEnergyFactor,0.95,387,0.1065,1.218,24,7.538462,3.5,True,1.2,True,electricity,False,1.2,True,RatedAnnualkWh,318,0.12,1.09,25,4,12,True,727,False,0,0.0,False,0,0.0,True,0,0.0,0.0,0,0,0.0,0,0,0.0,1.0,5,20,"64.4,64.4,64.4,64.4,64.4,64.4,66.2,66.2,68.0,68.0,68.0,68.0,68.0,68.0,68.0,68.0,68.0,66.2,66.2,66.2,66.2,66.2,66.2,66.2","64.4,64.4,64.4,64.4,64.4,64.4,66.2,66.2,68.0,68.0,68.0,68.0,68.0,68.0,68.0,68.0,68.0,66.2,66.2,66.2,66.2,66.2,66.2,66.2","66.2,66.2,66.2,66.2,66.2,66.2,66.2,66.2,66.2,66.2,66.2,66.2,66.2,66.2,66.2,66.2,66.2,66.2,66.2,66.2,66.2,66.2,66.2,66.2","66.2,66.2,66.2,66.2,66.2,66.2,66.2,66.2,66.2,66.2,66.2,66.2,66.2,66.2,66.2,66.2,66.2,66.2,66.2,66.2,66.2,66.2,66.2,66.2",none,0,0,Unadjusted,0,0,0,0,none,0,0,Unadjusted,0,0,0,False,0,0,0.67,,10.0,1.0,,,,,,,,,,,
2020s_CAN_QC_Montreal-McTavish.716120_CWEC2016.epw,True,-5,116,apartment unit,8,0.5556,180,0,0,4,0,0,4,0,0,4,0,0,4,750,2015,2,2,VentedAttic,gable,6:12,1,SlabOnGrade,0,0,0.0,0.49,0.56,0.37,0.3,WoodStud,24.5,42.6,solid concrete,17.0,interior,0,WoodFrame,0.0,5.3,none,medium,0.5,0.0,0.0,Right,ACH,50,0.44617361349564133,unit exterior only,normal,0.0,True,True,True,False,ElectricResistance,1.0,1.0,none,HSPF,0.0,SEER,0.0,ACCA,false,1.0,1.0,false,none,electricity,1.0,none,electricity,central air conditioner,single stage,False,0,0.0,False,none,False,,1.0,1.0,electricity,EnergyFactor,0.92,0.0,0,0,125,storage water heater,conditioned space,True,electricity,CombinedEnergyFactor,2.7,1.0,IntegratedModifiedEnergyFactor,0.95,387,0.1065,1.218,24,7.538462,3.5,True,1.0,True,electricity,False,1.0,True,RatedAnnualkWh,290,0.12,1.09,23,4,12,True,748,False,0,0.0,False,0,0.0,True,0,0.0,0.0,0,0,0.0,0,0,0.0,1.0,5,20,"64.4,64.4,64.4,64.4,64.4,64.4,64.4,64.4,64.4,64.4,64.4,64.4,64.4,64.4,64.4,64.4,64.4,64.4,64.4,64.4,64.4,64.4,64.4,64.4","64.4,64.4,64.4,64.4,64.4,64.4,64.4,64.4,64.4,64.4,64.4,64.4,64.4,64.4,64.4,64.4,64.4,64.4,64.4,64.4,64.4,64.4,64.4,64.4","66.2,66.2,66.2,66.2,66.2,66.2,66.2,66.2,66.2,66.2,66.2,66.2,66.2,66.2,66.2,66.2,66.2,66.2,66.2,66.2,66.2,66.2,66.2,66.2","66.2,66.2,66.2,66.2,66.2,66.2,66.2,66.2,66.2,66.2,66.2,66.2,66.2,66.2,66.2,66.2,66.2,66.2,66.2,66.2,66.2,66.2,66.2,66.2",none,0,0,Unadjusted,0,0,0,0,none,0,0,Unadjusted,0,0,0,False,0,0,0.67,40.0,,,,,,,,,,,,,
2020s_CAN_QC_Montreal-McTavish.716120_CWEC2016.epw,True,-5,1,single-family detached,8,1.8,180,0,0,4,0,0,4,0,0,4,0,0,4,2179,1975,4,1,VentedAttic,gable,6:12,2,UnventedCrawlspace,4,1,9.25,0.49,0.56,0.37,0.3,WoodStud,17.2,28.9,solid concrete,14.4,interior,0,WoodFrame,5.3,5.3,none,medium,1.0,0.0,0.0,Right,ACH,50,5.0,unit exterior only,normal,15.650000000000002,False,False,False,False,none,0.0,1.0,mini-split,HSPF,12.7,SEER,25.0,ACCA,false,1.0,1.0,false,integrated,electricity,1.0,none,electricity,none,,False,0,0.0,False,none,False,,1.0,1.0,electricity,EnergyFactor,0.92,0.0,0,0,125,storage water heater,conditioned space,True,electricity,CombinedEnergyFactor,2.7,0.8,IntegratedModifiedEnergyFactor,0.95,387,0.1065,1.218,24,7.538462,3.5,True,0.8,True,electricity,False,0.8,False,RatedAnnualkWh,0,0.0,0.0,0,0,0,True,1139,False,0,0.0,True,935,0.342,True,0,0.0,0.75,0,0,0.75,0,0,0.75,1.0,5,20,"60.8,60.8,60.8,60.8,60.8,60.8,60.8,60.8,69.8,69.8,69.8,69.8,69.8,69.8,69.8,69.8,69.8,69.8,69.8,69.8,69.8,69.8,69.8,69.8","60.8,60.8,60.8,60.8,60.8,60.8,60.8,60.8,69.8,69.8,69.8,69.8,69.8,69.8,69.8,69.8,69.8,69.8,69.8,69.8,69.8,69.8,69.8,69.8","68.0,68.0,68.0,68.0,68.0,68.0,68.0,68.0,68.0,68.0,68.0,68.0,68.0,68.0,68.0,68.0,68.0,68.0,68.0,68.0,68.0,68.0,68.0,68.0","68.0,68.0,68.0,68.0,68.0,68.0,68.0,68.0,68.0,68.0,68.0,68.0,68.0,68.0,68.0,68.0,68.0,68.0,68.0,68.0,68.0,68.0,68.0,68.0",none,0,0,Unadjusted,0,0,0,0,none,0,0,Unadjusted,0,0,0,False,0,0,0.67,40.0,,,false,,variable speed,0.5,-15.0,,,,,,
2020s_CAN_QC_Montreal-McTavish.716120_CWEC2016.epw,True,-5,67,apartment unit,8,0.5556,0,0,0,4,0,0,4,0,0,4,0,0,4,750,2015,2,1,VentedAttic,gable,6:12,1,SlabOnGrade,0,0,0.0,0.49,0.56,0.37,0.3,WoodStud,24.5,42.6,solid concrete,17.0,interior,0,WoodFrame,0.0,5.3,none,medium,0.5,0.0,0.0,Right,ACH,50,9.106582414740359,unit exterior only,normal,0.0,False,True,True,False,ElectricResistance,1.0,1.0,none,HSPF,0.0,SEER,0.0,ACCA,false,1.0,1.0,false,none,electricity,1.0,none,electricity,mini-split,variable speed,False,0,0.0,False,none,False,,1.0,1.0,electricity,EnergyFactor,0.92,0.0,0,0,125,storage water heater,conditioned space,True,electricity,CombinedEnergyFactor,2.7,1.2,IntegratedModifiedEnergyFactor,0.95,387,0.1065,1.218,24,7.538462,3.5,True,1.2,True,electricity,False,1.2,True,RatedAnnualkWh,290,0.12,1.09,23,4,12,True,480,False,0,0.0,False,0,0.0,True,0,0.0,0.0,0,0,0.0,0,0,0.0,1.0,5,20,"62.6,62.6,62.6,62.6,62.6,68.0,68.0,68.0,68.0,68.0,68.0,68.0,68.0,68.0,68.0,68.0,68.0,68.0,68.0,68.0,68.0,68.0,62.6,62.6","62.6,62.6,62.6,62.6,62.6,68.0,68.0,68.0,68.0,68.0,68.0,68.0,68.0,68.0,68.0,68.0,68.0,68.0,68.0,68.0,68.0,68.0,62.6,62.6","71.6,71.6,71.6,71.6,71.6,71.6,71.6,71.6,71.6,71.6,71.6,71.6,71.6,71.6,71.6,71.6,71.6,71.6,71.6,71.6,71.6,71.6,71.6,71.6","71.6,71.6,71.6,71.6,71.6,71.6,71.6,71.6,71.6,71.6,71.6,71.6,71.6,71.6,71.6,71.6,71.6,71.6,71.6,71.6,71.6,71.6,71.6,71.6",none,0,0,Unadjusted,0,0,0,0,none,0,0,Unadjusted,0,0,0,False,0,0,0.67,60.0,,,,,,,,,,,,,
2020s_CAN_QC_Saguenay-Bagotville.AP-CFB.Bagotville.717270_CWEC2016.epw,True,-5,1,single-family detached,8,1.8,180,0,0,4,0,0,4,0,0,4,0,0,4,3750,1985,5,3,VentedAttic,gable,6:12,2,ConditionedBasement,8,1,9.25,0.49,0.56,0.37,0.3,WoodStud,20.7,32.5,solid concrete,17.1,interior,0,WoodFrame,5.3,5.3,none,medium,1.0,12.0,22.0,Right,ACH,50,3.0,unit exterior only,normal,18.35,False,False,False,False,ElectricResistance,1.0,1.0,none,HSPF,0.0,SEER,0.0,ACCA,false,1.0,1.0,false,none,electricity,1.0,none,electricity,mini-split,variable speed,False,0,0.0,False,none,False,,1.0,1.0,electricity,EnergyFactor,0.92,0.0,0,0,125,storage water heater,conditioned space,True,electricity,CombinedEnergyFactor,2.7,0.8,IntegratedModifiedEnergyFactor,0.95,387,0.1065,1.218,24,7.538462,3.5,True,0.8,True,electricity,False,0.8,True,RatedAnnualkWh,318,0.12,1.09,25,4,12,True,727,False,0,0.0,True,935,0.342,True,0,0.0,0.75,0,0,0.75,0,0,0.75,1.0,5,20,"66.2,66.2,66.2,66.2,68.0,68.0,68.0,64.4,64.4,64.4,64.4,64.4,64.4,64.4,64.4,64.4,64.4,64.4,68.0,68.0,68.0,68.0,68.0,68.0","66.2,66.2,66.2,66.2,68.0,68.0,68.0,64.4,64.4,64.4,64.4,64.4,64.4,64.4,64.4,64.4,64.4,64.4,68.0,68.0,68.0,68.0,68.0,68.0","75.2,75.2,75.2,75.2,75.2,75.2,75.2,75.2,75.2,75.2,75.2,75.2,75.2,75.2,75.2,75.2,75.2,75.2,75.2,75.2,75.2,75.2,75.2,75.2","75.2,75.2,75.2,75.2,75.2,75.2,75.2,75.2,75.2,75.2,75.2,75.2,75.2,75.2,75.2,75.2,75.2,75.2,75.2,75.2,75.2,75.2,75.2,75.2",none,0,0,Unadjusted,0,0,0,0,none,0,0,Unadjusted,0,0,0,False,0,0,0.67,40.0,,,,,,,,,,,,,
2020s_CAN_QC_Montreal-McTavish.716120_CWEC2016.epw,True,-5,1,single-family detached,8,1.8,135,0,0,4,0,0,4,0,0,4,0,0,4,3250,1965,5,2,VentedAttic,gable,6:12,2,UnventedCrawlspace,4,1,9.25,0.49,0.56,0.37,0.3,WoodStud,14.0,26.2,solid concrete,12.0,interior,0,WoodFrame,5.3,5.3,none,medium,1.0,0.0,0.0,Right,ACH,50,7.0,unit exterior only,normal,13.25,False,False,False,False,ElectricResistance,1.0,1.0,none,HSPF,0.0,SEER,0.0,ACCA,false,1.0,1.0,false,none,electricity,1.0,none,electricity,mini-split,variable speed,False,0,0.0,False,none,False,,1.0,1.0,electricity,EnergyFactor,0.92,0.0,0,0,125,storage water heater,conditioned space,True,electricity,CombinedEnergyFactor,2.7,1.0,IntegratedModifiedEnergyFactor,0.95,387,0.1065,1.218,24,7.538462,3.5,True,1.0,True,electricity,False,1.0,False,RatedAnnualkWh,0,0.0,0.0,0,0,0,True,480,True,433,1.0,True,935,0.342,True,0,0.0,0.12,0,0,0.12,0,0,0.12,1.0,5,20,"50.0,50.0,50.0,50.0,50.0,71.6,71.6,71.6,68.0,68.0,68.0,68.0,68.0,68.0,68.0,68.0,71.6,71.6,71.6,71.6,71.6,71.6,71.6,50.0","50.0,50.0,50.0,50.0,50.0,71.6,71.6,71.6,68.0,68.0,68.0,68.0,68.0,68.0,68.0,68.0,71.6,71.6,71.6,71.6,71.6,71.6,71.6,50.0","73.4,73.4,73.4,73.4,73.4,73.4,73.4,73.4,73.4,73.4,73.4,73.4,73.4,73.4,73.4,73.4,73.4,73.4,73.4,73.4,73.4,73.4,73.4,73.4","73.4,73.4,73.4,73.4,73.4,73.4,73.4,73.4,73.4,73.4,73.4,73.4,73.4,73.4,73.4,73.4,73.4,73.4,73.4,73.4,73.4,73.4,73.4,73.4",none,0,0,Unadjusted,0,0,0,0,none,0,0,Unadjusted,0,0,0,False,0,0,0.67,60.0,,,,,,,,,,,,,
2020s_CAN_QC_Montreal-McTavish.716120_CWEC2016.epw,True,-5,67,apartment unit,8,0.5556,90,0,0,4,0,0,4,0,0,4,0,0,4,322,1995,1,1,VentedAttic,gable,6:12,1,SlabOnGrade,0,0,0.0,0.49,0.56,0.37,0.3,WoodStud,18.9,31.4,solid concrete,17.1,interior,0,WoodFrame,0.0,5.3,none,medium,0.75,0.0,0.0,Right,ACH,50,0.43678630264288026,unit exterior only,normal,0.0,True,True,True,False,none,0.0,1.0,mini-split,HSPF,14.0,SEER,29.3,ACCA,false,1.0,1.0,false,integrated,electricity,1.0,none,electricity,none,,False,0,0.0,False,none,False,,1.0,1.0,electricity,EnergyFactor,0.92,0.0,0,0,125,storage water heater,other multifamily buffer space,True,electricity,CombinedEnergyFactor,2.7,0.8,IntegratedModifiedEnergyFactor,0.95,387,0.1065,1.218,24,7.538462,3.5,True,0.8,True,electricity,False,0.8,False,RatedAnnualkWh,0,0.0,0.0,0,0,0,True,480,False,0,0.0,False,0,0.0,True,0,0.0,0.75,0,0,0.75,0,0,0.75,1.0,5,20,"69.8,69.8,69.8,69.8,69.8,69.8,69.8,69.8,69.8,69.8,69.8,69.8,69.8,69.8,69.8,69.8,69.8,69.8,69.8,69.8,69.8,69.8,69.8,69.8","69.8,69.8,69.8,69.8,69.8,69.8,69.8,69.8,69.8,69.8,69.8,69.8,69.8,69.8,69.8,69.8,69.8,69.8,69.8,69.8,69.8,69.8,69.8,69.8","69.8,69.8,69.8,69.8,69.8,69.8,69.8,69.8,69.8,69.8,69.8,69.8,69.8,69.8,69.8,69.8,69.8,69.8,69.8,69.8,69.8,69.8,69.8,69.8","69.8,69.8,69.8,69.8,69.8,69.8,69.8,69.8,69.8,69.8,69.8,69.8,69.8,69.8,69.8,69.8,69.8,69.8,69.8,69.8,69.8,69.8,69.8,69.8",none,0,0,Unadjusted,0,0,0,0,none,0,0,Unadjusted,0,0,0,False,0,0,0.67,,,,false,,variable speed,0.5,-15.0,,,,,,
2020s_CAN_QC_Saguenay-Bagotville.AP-CFB.Bagotville.717270_CWEC2016.epw,True,-5,116,apartment unit,8,0.5556,180,0,0,4,0,0,4,0,0,4,0,0,4,1138,2020,1,1,VentedAttic,gable,6:12,1,SlabOnGrade,0,0,0.0,0.49,0.56,0.37,0.3,WoodStud,24.5,42.6,solid concrete,17.0,interior,0,WoodFrame,0.0,5.3,none,medium,0.5,0.0,0.0,Right,ACH,50,0.6416113155253977,unit exterior only,normal,0.0,True,True,True,False,ElectricResistance,1.0,1.0,none,HSPF,0.0,SEER,0.0,ACCA,false,1.0,1.0,false,none,electricity,1.0,none,electricity,central air conditioner,single stage,False,0,0.0,False,none,False,,1.0,1.0,electricity,EnergyFactor,0.92,0.0,0,0,125,storage water heater,conditioned space,False,natural gas,CombinedEnergyFactor,2.7,1.0,IntegratedModifiedEnergyFactor,0.0,0,0.0,0.0,0,0.0,0.0,False,1.0,True,electricity,False,1.0,True,RatedAnnualkWh,318,0.12,1.09,25,4,12,True,480,False,0,0.0,False,0,0.0,True,0,0.0,0.75,0,0,0.75,0,0,0.75,1.0,5,20,"64.4,64.4,64.4,64.4,64.4,64.4,64.4,68.0,68.0,68.0,68.0,68.0,68.0,68.0,68.0,68.0,68.0,69.8,69.8,69.8,69.8,69.8,69.8,64.4","64.4,64.4,64.4,64.4,64.4,64.4,64.4,68.0,68.0,68.0,68.0,68.0,68.0,68.0,68.0,68.0,68.0,69.8,69.8,69.8,69.8,69.8,69.8,64.4","71.6,71.6,71.6,71.6,71.6,71.6,71.6,71.6,71.6,71.6,71.6,71.6,71.6,71.6,71.6,71.6,71.6,71.6,71.6,71.6,71.6,71.6,71.6,71.6","71.6,71.6,71.6,71.6,71.6,71.6,71.6,71.6,71.6,71.6,71.6,71.6,71.6,71.6,71.6,71.6,71.6,71.6,71.6,71.6,71.6,71.6,71.6,71.6",none,0,0,Unadjusted,0,0,0,0,none,0,0,Unadjusted,0,0,0,False,0,0,0.67,60.0,,,,,,,,,,,,,
2020s_CAN_QC_Montreal-McTavish.716120_CWEC2016.epw,True,-5,5,apartment unit,8,0.5556,225,0,0,4,0,0,4,0,0,4,0,0,4,750,1940,2,2,VentedAttic,gable,6:12,1,SlabOnGrade,0,0,0.0,0.49,0.56,0.37,0.3,WoodStud,12.2,14.1,solid concrete,10.1,interior,0,WoodFrame,0.0,5.3,none,medium,0.5,0.0,0.0,Right,ACH,50,6.885216878135143,unit exterior only,normal,0.0,True,False,True,False,ElectricResistance,1.0,1.0,none,HSPF,0.0,SEER,0.0,ACCA,false,1.0,1.0,false,none,electricity,1.0,none,electricity,none,,False,0,0.0,False,none,False,,1.0,1.0,electricity,,0.92,0.0,0,0,125,,other multifamily buffer space,True,electricity,CombinedEnergyFactor,2.7,1.0,IntegratedModifiedEnergyFactor,0.95,387,0.1065,1.218,24,7.538462,3.5,True,1.0,True,electricity,False,1.0,True,RatedAnnualkWh,318,0.12,1.09,25,4,12,True,1139,False,0,0.0,False,0,0.0,True,0,0.0,0.0,0,0,0.0,0,0,0.0,1.0,5,20,"69.8,69.8,69.8,69.8,69.8,69.8,69.8,69.8,69.8,69.8,69.8,69.8,69.8,69.8,69.8,69.8,69.8,69.8,69.8,69.8,69.8,69.8,69.8,69.8","69.8,69.8,69.8,69.8,69.8,69.8,69.8,69.8,69.8,69.8,69.8,69.8,69.8,69.8,69.8,69.8,69.8,69.8,69.8,69.8,69.8,69.8,69.8,69.8","75.2,75.2,75.2,75.2,75.2,75.2,75.2,75.2,75.2,75.2,75.2,75.2,75.2,75.2,75.2,75.2,75.2,75.2,75.2,75.2,75.2,75.2,75.2,75.2","75.2,75.2,75.2,75.2,75.2,75.2,75.2,75.2,75.2,75.2,75.2,75.2,75.2,75.2,75.2,75.2,75.2,75.2,75.2,75.2,75.2,75.2,75.2,75.2",none,0,0,Unadjusted,0,0,0,0,none,0,0,Unadjusted,0,0,0,False,0,0,0.67,,,,,,,,,,,,,,
2020s_CAN_QC_Montreal-McTavish.716120_CWEC2016.epw,True,-5,183,apartment unit,8,0.5556,270,0,0,4,0,0,4,0,0,4,0,0,4,1682,1995,2,1,VentedAttic,gable,6:12,1,SlabOnGrade,0,0,0.0,0.49,0.56,0.37,0.3,WoodStud,18.9,31.4,solid concrete,17.1,interior,0,WoodFrame,0.0,5.3,none,medium,0.5,0.0,0.0,Right,ACH,50,2.592096183719879,unit exterior only,normal,0.0,True,True,True,False,ElectricResistance,1.0,1.0,none,HSPF,0.0,SEER,0.0,ACCA,false,1.0,1.0,false,none,electricity,1.0,none,electricity,central air conditioner,single stage,False,0,0.0,False,none,False,,1.0,1.0,electricity,EnergyFactor,0.92,0.0,0,0,125,storage water heater,conditioned space,False,natural gas,CombinedEnergyFactor,2.7,1.2,IntegratedModifiedEnergyFactor,0.95,387,0.1065,1.218,24,7.538462,3.5,True,1.2,True,electricity,False,1.2,False,RatedAnnualkWh,0,0.0,0.0,0,0,0,True,480,False,0,0.0,False,0,0.0,True,0,0.0,0.75,0,0,0.75,0,0,0.75,1.0,5,20,"60.8,60.8,60.8,60.8,60.8,60.8,60.8,60.8,64.4,66.2,66.2,66.2,66.2,66.2,66.2,66.2,64.4,64.4,64.4,64.4,64.4,64.4,60.8,60.8","60.8,60.8,60.8,60.8,60.8,60.8,60.8,60.8,64.4,66.2,66.2,66.2,66.2,66.2,66.2,66.2,64.4,64.4,64.4,64.4,64.4,64.4,60.8,60.8","78.8,78.8,78.8,78.8,78.8,78.8,78.8,78.8,78.8,78.8,78.8,78.8,78.8,78.8,78.8,78.8,78.8,78.8,78.8,78.8,78.8,78.8,78.8,78.8","78.8,78.8,78.8,78.8,78.8,78.8,78.8,78.8,78.8,78.8,78.8,78.8,78.8,78.8,78.8,78.8,78.8,78.8,78.8,78.8,78.8,78.8,78.8,78.8",none,0,0,Unadjusted,0,0,0,0,none,0,0,Unadjusted,0,0,0,False,0,0,0.67,40.0,,,,,,,,,,,,,
2020s_CAN_QC_Montreal-McTavish.716120_CWEC2016.epw,True,-5,183,apartment unit,8,0.5556,135,0,0,4,0,0,4,0,0,4,0,0,4,750,2005,2,1,VentedAttic,gable,6:12,1,SlabOnGrade,0,0,0.0,0.49,0.56,0.37,0.3,WoodStud,18.9,31.4,solid concrete,17.1,interior,0,WoodFrame,0.0,5.3,none,medium,0.5,0.0,0.0,Right,ACH,50,2.579354468818099,unit exterior only,normal,0.0,True,True,True,False,ElectricResistance,1.0,1.0,none,HSPF,0.0,SEER,0.0,ACCA,false,1.0,1.0,false,none,electricity,1.0,none,electricity,none,,False,0,0.0,False,none,False,,1.0,1.0,natural gas,EnergyFactor,0.59,0.76,0,0,125,storage water heater,conditioned space,True,electricity,CombinedEnergyFactor,2.7,0.8,IntegratedModifiedEnergyFactor,0.0,0,0.0,0.0,0,0.0,0.0,False,0.8,True,electricity,False,0.8,False,RatedAnnualkWh,0,0.0,0.0,0,0,0,True,383,False,0,0.0,True,935,0.342,True,0,0.0,0.0,0,0,0.0,0,0,0.0,1.0,5,20,"69.8,69.8,69.8,69.8,69.8,69.8,69.8,69.8,69.8,69.8,69.8,69.8,69.8,69.8,69.8,69.8,69.8,69.8,69.8,69.8,69.8,69.8,69.8,69.8","69.8,69.8,69.8,69.8,69.8,69.8,69.8,69.8,69.8,69.8,69.8,69.8,69.8,69.8,69.8,69.8,69.8,69.8,69.8,69.8,69.8,69.8,69.8,69.8","68.0,68.0,68.0,68.0,68.0,68.0,68.0,68.0,68.0,68.0,68.0,68.0,68.0,68.0,68.0,68.0,68.0,68.0,68.0,68.0,68.0,68.0,68.0,68.0","68.0,68.0,68.0,68.0,68.0,68.0,68.0,68.0,68.0,68.0,68.0,68.0,68.0,68.0,68.0,68.0,68.0,68.0,68.0,68.0,68.0,68.0,68.0,68.0",none,0,0,Unadjusted,0,0,0,0,none,0,0,Unadjusted,0,0,0,False,0,0,0.67,,,,,,,,,,,,,,
2020s_CAN_QC_Montreal-McTavish.716120_CWEC2016.epw,True,-5,1,single-family detached,8,1.8,45,0,0,4,0,0,4,0,0,4,0,0,4,3250,1985,4,3,VentedAttic,gable,6:12,2,ConditionedBasement,8,1,9.25,0.49,0.56,0.37,0.3,WoodStud,20.7,32.5,solid concrete,17.1,interior,0,WoodFrame,5.3,5.3,none,medium,1.0,0.0,0.0,Right,ACH,50,5.0,unit exterior only,normal,18.35,False,False,False,False,none,0.0,1.0,air-to-air,HSPF,7.7,SEER,13.0,ACCA,false,1.0,1.0,false,integrated,electricity,1.0,none,electricity,none,,False,0,0.0,False,none,True,,1.0,1.0,electricity,EnergyFactor,0.92,0.0,0,0,125,storage water heater,conditioned space,True,electricity,CombinedEnergyFactor,2.7,0.8,IntegratedModifiedEnergyFactor,0.95,387,0.1065,1.218,24,7.538462,3.5,True,0.8,True,electricity,False,0.8,True,RatedAnnualkWh,290,0.12,1.09,23,4,12,True,383,False,0,0.0,False,0,0.0,True,0,0.0,0.75,0,0,0.75,0,0,0.75,1.0,5,20,"50.0,50.0,50.0,50.0,50.0,50.0,50.0,50.0,71.6,71.6,71.6,71.6,71.6,71.6,71.6,50.0,50.0,50.0,50.0,50.0,50.0,50.0,50.0,50.0","50.0,50.0,50.0,50.0,50.0,50.0,50.0,50.0,71.6,71.6,71.6,71.6,71.6,71.6,71.6,50.0,50.0,50.0,50.0,50.0,50.0,50.0,50.0,50.0","73.4,73.4,73.4,73.4,73.4,73.4,73.4,73.4,73.4,73.4,73.4,73.4,73.4,73.4,73.4,73.4,73.4,73.4,73.4,73.4,73.4,73.4,73.4,73.4","73.4,73.4,73.4,73.4,73.4,73.4,73.4,73.4,73.4,73.4,73.4,73.4,73.4,73.4,73.4,73.4,73.4,73.4,73.4,73.4,73.4,73.4,73.4,73.4",none,0,0,Unadjusted,0,0,0,0,none,0,0,Unadjusted,0,0,0,False,0,0,0.67,60.0,,,true,,single stage,,,,,,,,
2020s_CAN_QC_Montreal-McTavish.716120_CWEC2016.epw,True,-5,67,apartment unit,8,0.5556,90,0,0,4,0,0,4,0,0,4,0,0,4,1138,1975,2,1,VentedAttic,gable,6:12,1,SlabOnGrade,0,0,0.0,0.37,0.3,0.37,0.3,WoodStud,12.6,19.9,solid concrete,14.4,interior,0,WoodFrame,0.0,5.3,none,medium,0.5,0.0,0.0,Right,ACH,50,5.359988974051994,unit exterior only,normal,0.0,False,True,True,False,ElectricResistance,1.0,1.0,none,HSPF,0.0,SEER,0.0,ACCA,false,1.0,1.0,false,none,electricity,1.0,none,electricity,none,,False,0,0.0,False,none,False,,1.0,1.0,electricity,EnergyFactor,0.92,0.0,0,0,125,storage water heater,conditioned space,True,electricity,CombinedEnergyFactor,2.7,1.0,IntegratedModifiedEnergyFactor,0.0,0,0.0,0.0,0,0.0,0.0,False,1.0,False,natural gas,False,1.0,False,RatedAnnualkWh,0,0.0,0.0,0,0,0,True,480,False,0,0.0,False,0,0.0,True,0,0.0,0.37,0,0,0.37,0,0,0.37,1.0,5,20,"64.4,64.4,64.4,64.4,64.4,64.4,64.4,64.4,64.4,68.0,64.4,64.4,64.4,64.4,64.4,64.4,68.0,68.0,68.0,68.0,68.0,68.0,64.4,64.4","64.4,64.4,64.4,64.4,64.4,64.4,64.4,64.4,64.4,68.0,64.4,64.4,64.4,64.4,64.4,64.4,68.0,68.0,68.0,68.0,68.0,68.0,64.4,64.4","69.8,69.8,69.8,69.8,69.8,69.8,69.8,69.8,69.8,69.8,69.8,69.8,69.8,69.8,69.8,69.8,69.8,69.8,69.8,69.8,69.8,69.8,69.8,69.8","69.8,69.8,69.8,69.8,69.8,69.8,69.8,69.8,69.8,69.8,69.8,69.8,69.8,69.8,69.8,69.8,69.8,69.8,69.8,69.8,69.8,69.8,69.8,69.8",none,0,0,Unadjusted,0,0,0,0,none,0,0,Unadjusted,0,0,0,False,0,0,0.67,40.0,,,,,,,,,,,,,
2020s_CAN_QC_Montreal-McTavish.716120_CWEC2016.epw,True,-5,1,single-family detached,8,1.8,0,0,0,4,0,0,4,0,0,4,0,0,4,1228,2015,4,4,VentedAttic,gable,6:12,2,ConditionedBasement,8,1,9.25,0.49,0.56,0.37,0.3,WoodStud,24.5,42.6,solid concrete,17.0,interior,0,WoodFrame,5.3,5.3,none,medium,1.0,12.0,22.0,Right,ACH,50,1.0,unit exterior only,normal,18.25,False,False,False,False,Furnace,1.0,1.0,none,HSPF,0.0,SEER,0.0,ACCA,false,1.0,1.0,false,none,electricity,1.0,none,natural gas,central air conditioner,single stage,False,0,0.0,False,none,False,,1.0,1.0,natural gas,EnergyFactor,0.59,0.76,0,0,125,storage water heater,conditioned space,True,electricity,CombinedEnergyFactor,2.7,1.2,IntegratedModifiedEnergyFactor,0.95,387,0.1065,1.218,24,7.538462,3.5,True,1.2,True,electricity,False,1.2,True,RatedAnnualkWh,318,0.12,1.09,25,4,12,True,727,False,0,0.0,True,935,0.342,True,0,0.0,0.75,0,0,0.75,0,0,0.75,1.0,5,20,"71.6,71.6,71.6,71.6,71.6,71.6,71.6,71.6,71.6,71.6,71.6,71.6,71.6,71.6,71.6,71.6,71.6,71.6,71.6,71.6,71.6,71.6,71.6,71.6","71.6,71.6,71.6,71.6,71.6,71.6,71.6,71.6,71.6,71.6,71.6,71.6,71.6,71.6,71.6,71.6,71.6,71.6,71.6,71.6,71.6,71.6,71.6,71.6","71.6,71.6,71.6,71.6,71.6,71.6,71.6,71.6,71.6,71.6,71.6,71.6,71.6,71.6,71.6,71.6,71.6,71.6,71.6,71.6,71.6,71.6,71.6,71.6","71.6,71.6,71.6,71.6,71.6,71.6,71.6,71.6,71.6,71.6,71.6,71.6,71.6,71.6,71.6,71.6,71.6,71.6,71.6,71.6,71.6,71.6,71.6,71.6",none,0,0,Unadjusted,0,0,0,0,none,0,0,Unadjusted,0,0,0,False,0,0,0.67,40.0,,,,,,,,,,,,,
2020s_CAN_QC_Montreal-McTavish.716120_CWEC2016.epw,True,-5,326,apartment unit,8,0.5556,45,0,0,4,0,0,4,0,0,4,0,0,4,750,1985,2,4,VentedAttic,gable,6:12,1,SlabOnGrade,0,0,0.0,0.38,0.44,0.37,0.3,WoodStud,18.9,31.4,solid concrete,17.1,interior,0,WoodFrame,0.0,5.3,none,medium,0.5,0.0,0.0,Right,ACH,50,2.5983275122701386,unit exterior only,normal,0.0,True,True,True,False,ElectricResistance,1.0,1.0,none,HSPF,0.0,SEER,0.0,ACCA,false,1.0,1.0,false,none,electricity,1.0,none,electricity,none,,False,0,0.0,False,none,False,,1.0,1.0,electricity,EnergyFactor,0.92,0.0,0,0,125,storage water heater,conditioned space,True,electricity,CombinedEnergyFactor,2.7,1.0,IntegratedModifiedEnergyFactor,0.95,387,0.1065,1.218,24,7.538462,3.5,True,1.0,True,electricity,False,1.0,True,RatedAnnualkWh,318,0.12,1.09,25,4,12,True,433,False,0,0.0,True,935,0.342,True,0,0.0,0.0,0,0,0.0,0,0,0.0,1.0,5,20,"64.4,64.4,64.4,64.4,64.4,64.4,68.0,69.8,69.8,69.8,69.8,69.8,69.8,69.8,69.8,69.8,69.8,68.0,68.0,68.0,64.4,64.4,64.4,64.4","64.4,64.4,64.4,64.4,64.4,64.4,68.0,69.8,69.8,69.8,69.8,69.8,69.8,69.8,69.8,69.8,69.8,68.0,68.0,68.0,64.4,64.4,64.4,64.4","66.2,66.2,66.2,66.2,66.2,66.2,66.2,66.2,66.2,66.2,66.2,66.2,66.2,66.2,66.2,66.2,66.2,66.2,66.2,66.2,66.2,66.2,66.2,66.2","66.2,66.2,66.2,66.2,66.2,66.2,66.2,66.2,66.2,66.2,66.2,66.2,66.2,66.2,66.2,66.2,66.2,66.2,66.2,66.2,66.2,66.2,66.2,66.2",none,0,0,Unadjusted,0,0,0,0,none,0,0,Unadjusted,0,0,0,False,0,0,0.67,40.0,,,,,,,,,,,,,
2020s_CAN_QC_Montreal-McTavish.716120_CWEC2016.epw,True,-5,1,single-family detached,8,1.8,180,0,0,4,0,0,4,0,0,4,0,0,4,1228,1985,3,2,VentedAttic,gable,6:12,1,ConditionedBasement,8,1,9.25,0.49,0.56,0.37,0.3,WoodStud,20.7,32.5,solid concrete,17.1,interior,0,WoodFrame,5.3,5.3,none,medium,0.5,20.0,12.0,Right,ACH,50,5.0,unit exterior only,normal,18.35,False,False,False,False,none,0.0,1.0,ground-to-air,COP,4.4,EER,30.9,MaxLoad,false,1.0,1.0,false,none,electricity,1.0,vertical,electricity,none,,False,0,0.0,False,none,False,,1.0,1.0,electricity,EnergyFactor,0.92,0.0,0,0,125,storage water heater,conditioned space,False,natural gas,CombinedEnergyFactor,2.7,1.2,IntegratedModifiedEnergyFactor,0.95,387,0.1065,1.218,24,7.538462,3.5,True,1.2,True,electricity,False,1.2,True,RatedAnnualkWh,290,0.12,1.09,23,4,12,True,383,True,383,1.0,True,935,0.342,True,0,0.0,0.0,0,0,0.0,0,0,0.0,1.0,5,20,"69.8,69.8,69.8,69.8,69.8,71.6,71.6,69.8,69.8,69.8,69.8,69.8,69.8,69.8,69.8,69.8,69.8,71.6,71.6,71.6,71.6,71.6,71.6,69.8","69.8,69.8,69.8,69.8,69.8,71.6,71.6,69.8,69.8,69.8,69.8,69.8,69.8,69.8,69.8,69.8,69.8,71.6,71.6,71.6,71.6,71.6,71.6,69.8","77.0,77.0,77.0,77.0,77.0,77.0,77.0,77.0,77.0,77.0,77.0,77.0,77.0,77.0,77.0,77.0,77.0,77.0,77.0,77.0,77.0,77.0,77.0,77.0","77.0,77.0,77.0,77.0,77.0,77.0,77.0,77.0,77.0,77.0,77.0,77.0,77.0,77.0,77.0,77.0,77.0,77.0,77.0,77.0,77.0,77.0,77.0,77.0",none,0,0,Unadjusted,0,0,0,0,none,0,0,Unadjusted,0,0,0,False,0,0,0.67,60.0,,,true,,variable speed,,,thermally enhanced,thermally enhanced,experimental,,,
2020s_CAN_QC_Montreal-McTavish.716120_CWEC2016.epw,True,-5,3,apartment unit,8,0.5556,90,0,0,4,0,0,4,0,0,4,0,0,4,750,1955,3,1,VentedAttic,gable,6:12,1,SlabOnGrade,0,0,0.0,0.49,0.56,0.37,0.3,WoodStud,12.6,19.9,solid concrete,12.0,interior,0,WoodFrame,0.0,5.3,none,medium,0.5,0.0,0.0,Right,ACH,50,4.0,unit exterior only,normal,0.0,False,False,False,False,ElectricResistance,1.0,1.0,none,HSPF,0.0,SEER,0.0,ACCA,false,1.0,1.0,false,none,electricity,1.0,none,electricity,central air conditioner,single stage,False,0,0.0,False,none,False,,1.0,1.0,electricity,EnergyFactor,0.92,0.0,0,0,125,storage water heater,conditioned space,True,electricity,CombinedEnergyFactor,2.7,1.2,IntegratedModifiedEnergyFactor,0.95,387,0.1065,1.218,24,7.538462,3.5,True,1.2,True,electricity,False,1.2,False,RatedAnnualkWh,0,0.0,0.0,0,0,0,True,433,True,348,1.0,False,0,0.0,True,0,0.0,0.37,0,0,0.37,0,0,0.37,1.0,5,20,"66.2,66.2,66.2,66.2,66.2,66.2,66.2,66.2,66.2,73.4,71.6,71.6,71.6,71.6,71.6,71.6,73.4,73.4,73.4,73.4,73.4,66.2,66.2,66.2","66.2,66.2,66.2,66.2,66.2,66.2,66.2,66.2,66.2,73.4,71.6,71.6,71.6,71.6,71.6,71.6,73.4,73.4,73.4,73.4,73.4,66.2,66.2,66.2","75.2,75.2,75.2,75.2,75.2,75.2,75.2,75.2,75.2,75.2,75.2,75.2,75.2,75.2,75.2,75.2,75.2,75.2,75.2,75.2,75.2,75.2,75.2,75.2","75.2,75.2,75.2,75.2,75.2,75.2,75.2,75.2,75.2,75.2,75.2,75.2,75.2,75.2,75.2,75.2,75.2,75.2,75.2,75.2,75.2,75.2,75.2,75.2",none,0,0,Unadjusted,0,0,0,0,none,0,0,Unadjusted,0,0,0,False,0,0,0.67,,10.0,1.0,,,,,,,,,,,
2020s_CAN_QC_Montreal-McTavish.716120_CWEC2016.epw,True,-5,326,apartment unit,8,0.5556,135,0,0,4,0,0,4,0,0,4,0,0,4,750,2005,1,1,VentedAttic,gable,6:12,1,SlabOnGrade,0,0,0.0,0.49,0.56,0.37,0.3,WoodStud,18.9,31.4,solid concrete,17.1,interior,0,WoodFrame,0.0,5.3,none,medium,0.5,0.0,0.0,Right,ACH,50,2.5025920481048756,unit exterior only,normal,0.0,True,True,True,False,none,0.0,1.0,mini-split,HSPF,8.2,SEER,14.5,MaxLoad,false,1.0,1.0,false,integrated,electricity,1.0,none,electricity,none,,False,0,0.0,False,none,False,,1.0,1.0,electricity,EnergyFactor,0.92,0.0,0,0,125,storage water heater,conditioned space,True,electricity,CombinedEnergyFactor,2.7,0.8,IntegratedModifiedEnergyFactor,0.95,387,0.1065,1.218,24,7.538462,3.5,True,0.8,True,electricity,False,0.8,False,RatedAnnualkWh,0,0.0,0.0,0,0,0,True,383,False,0,0.0,False,0,0.0,True,0,0.0,0.0,0,0,0.0,0,0,0.0,1.0,5,20,"60.8,60.8,60.8,60.8,60.8,69.8,69.8,69.8,69.8,69.8,69.8,69.8,69.8,69.8,69.8,69.8,69.8,69.8,69.8,69.8,69.8,69.8,60.8,60.8","60.8,60.8,60.8,60.8,60.8,69.8,69.8,69.8,69.8,69.8,69.8,69.8,69.8,69.8,69.8,69.8,69.8,69.8,69.8,69.8,69.8,69.8,60.8,60.8","68.0,68.0,68.0,68.0,68.0,68.0,68.0,68.0,68.0,68.0,68.0,68.0,68.0,68.0,68.0,68.0,68.0,68.0,68.0,68.0,68.0,68.0,68.0,68.0","68.0,68.0,68.0,68.0,68.0,68.0,68.0,68.0,68.0,68.0,68.0,68.0,68.0,68.0,68.0,68.0,68.0,68.0,68.0,68.0,68.0,68.0,68.0,68.0",none,0,0,Unadjusted,0,0,0,0,none,0,0,Unadjusted,0,0,0,False,0,0,0.67,,,,false,,variable speed,0.25,-5.0,,,,,,
2020s_CAN_QC_Montreal-McTavish.716120_CWEC2016.epw,True,-5,3,apartment unit,8,0.5556,225,0,0,4,0,0,4,0,0,4,0,0,4,750,1965,2,1,VentedAttic,gable,6:12,1,SlabOnGrade,0,0,0.0,0.76,0.67,0.37,0.3,WoodStud,12.6,19.9,solid concrete,12.0,interior,0,WoodFrame,0.0,5.3,none,medium,0.5,0.0,0.0,Right,ACH,50,7.0,unit exterior only,normal,0.0,False,False,False,False,ElectricResistance,1.0,1.0,none,HSPF,0.0,SEER,0.0,ACCA,false,1.0,1.0,false,none,electricity,1.0,none,electricity,mini-split,variable speed,False,0,0.0,False,none,True,,1.0,1.0,electricity,,0.92,0.0,0,0,125,storage water heater,conditioned space,True,electricity,CombinedEnergyFactor,2.7,1.0,IntegratedModifiedEnergyFactor,0.95,387,0.1065,1.218,24,7.538462,3.5,True,1.0,True,electricity,False,1.0,False,RatedAnnualkWh,0,0.0,0.0,0,0,0,True,480,False,0,0.0,False,0,0.0,True,0,0.0,0.37,0,0,0.37,0,0,0.37,1.0,5,20,"66.2,66.2,66.2,66.2,66.2,68.0,68.0,68.0,68.0,68.0,68.0,68.0,68.0,68.0,68.0,68.0,68.0,68.0,68.0,68.0,68.0,66.2,66.2,66.2","66.2,66.2,66.2,66.2,66.2,68.0,68.0,68.0,68.0,68.0,68.0,68.0,68.0,68.0,68.0,68.0,68.0,68.0,68.0,68.0,68.0,66.2,66.2,66.2","68.0,68.0,68.0,68.0,68.0,68.0,68.0,68.0,68.0,68.0,68.0,68.0,68.0,68.0,68.0,68.0,68.0,68.0,68.0,68.0,68.0,68.0,68.0,68.0","68.0,68.0,68.0,68.0,68.0,68.0,68.0,68.0,68.0,68.0,68.0,68.0,68.0,68.0,68.0,68.0,68.0,68.0,68.0,68.0,68.0,68.0,68.0,68.0",none,0,0,Unadjusted,0,0,0,0,none,0,0,Unadjusted,0,0,0,False,0,0,0.67,,10.0,1.0,,,,,,,,,,,
2020s_CAN_QC_Montreal-McTavish.716120_CWEC2016.epw,True,-5,1,single-family detached,8,1.8,315,0,0,4,0,0,4,0,0,4,0,0,4,2678,1965,5,4,VentedAttic,gable,6:12,3,ConditionedBasement,8,1,9.25,0.49,0.56,0.37,0.3,WoodStud,14.0,26.2,solid concrete,12.0,interior,0,WoodFrame,5.3,5.3,none,medium,1.0,0.0,0.0,Right,ACH,50,10.0,unit exterior only,normal,13.25,False,False,False,False,none,0.0,1.0,air-to-air,HSPF,7.7,SEER,13.0,ACCA,false,1.0,1.0,false,integrated,fuel oil,0.8,none,natural gas,none,,False,0,0.0,False,none,True,heat pump,1.0,1.0,natural gas,EnergyFactor,0.59,0.76,0,0,125,storage water heater,conditioned space,True,electricity,CombinedEnergyFactor,2.7,1.0,IntegratedModifiedEnergyFactor,0.95,387,0.1065,1.218,24,7.538462,3.5,True,1.0,True,electricity,False,1.0,True,RatedAnnualkWh,290,0.12,1.09,23,4,12,True,1139,False,0,0.0,True,935,0.342,True,0,0.0,0.37,0,0,0.37,0,0,0.37,1.0,5,20,"68.0,68.0,68.0,68.0,68.0,68.0,68.0,68.0,68.0,68.0,69.8,69.8,69.8,69.8,69.8,69.8,69.8,68.0,68.0,68.0,68.0,68.0,68.0,68.0","68.0,68.0,68.0,68.0,68.0,68.0,68.0,68.0,68.0,68.0,69.8,69.8,69.8,69.8,69.8,69.8,69.8,68.0,68.0,68.0,68.0,68.0,68.0,68.0","75.2,75.2,75.2,75.2,75.2,75.2,75.2,75.2,75.2,75.2,75.2,75.2,75.2,75.2,75.2,75.2,75.2,75.2,75.2,75.2,75.2,75.2,75.2,75.2","75.2,75.2,75.2,75.2,75.2,75.2,75.2,75.2,75.2,75.2,75.2,75.2,75.2,75.2,75.2,75.2,75.2,75.2,75.2,75.2,75.2,75.2,75.2,75.2",none,0,0,Unadjusted,0,0,0,0,none,0,0,Unadjusted,0,0,0,False,0,0,0.67,,,,true,10.4,single stage,,,,,,,,
2020s_CAN_QC_Montreal-McTavish.716120_CWEC2016.epw,True,-5,2,apartment unit,8,0.5556,0,0,0,4,0,0,4,0,0,4,0,0,4,1138,1940,3,2,VentedAttic,gable,6:12,1,SlabOnGrade,0,0,0.0,0.49,0.56,0.37,0.3,WoodStud,12.2,14.1,solid concrete,10.1,interior,0,WoodFrame,0.0,5.3,none,medium,0.5,0.0,0.0,Right,ACH,50,10.0,unit exterior only,normal,0.0,False,False,False,False,ElectricResistance,1.0,1.0,none,HSPF,0.0,SEER,0.0,ACCA,false,1.0,1.0,false,none,electricity,1.0,none,electricity,central air conditioner,single stage,False,0,0.0,False,none,False,,1.0,1.0,electricity,EnergyFactor,0.92,0.0,0,0,125,storage water heater,conditioned space,True,electricity,CombinedEnergyFactor,2.7,1.0,IntegratedModifiedEnergyFactor,0.95,387,0.1065,1.218,24,7.538462,3.5,True,1.0,True,electricity,False,1.0,False,RatedAnnualkWh,0,0.0,0.0,0,0,0,True,1139,False,0,0.0,False,0,0.0,True,0,0.0,0.75,0,0,0.75,0,0,0.75,1.0,5,20,"64.4,64.4,64.4,64.4,64.4,64.4,71.6,71.6,71.6,71.6,71.6,71.6,71.6,71.6,71.6,71.6,71.6,71.6,71.6,71.6,71.6,64.4,64.4,64.4","64.4,64.4,64.4,64.4,64.4,64.4,71.6,71.6,71.6,71.6,71.6,71.6,71.6,71.6,71.6,71.6,71.6,71.6,71.6,71.6,71.6,64.4,64.4,64.4","69.8,69.8,69.8,69.8,69.8,69.8,69.8,69.8,69.8,69.8,69.8,69.8,69.8,69.8,69.8,69.8,69.8,69.8,69.8,69.8,69.8,69.8,69.8,69.8","69.8,69.8,69.8,69.8,69.8,69.8,69.8,69.8,69.8,69.8,69.8,69.8,69.8,69.8,69.8,69.8,69.8,69.8,69.8,69.8,69.8,69.8,69.8,69.8",none,0,0,Unadjusted,0,0,0,0,none,0,0,Unadjusted,0,0,0,False,0,0,0.67,,10.0,1.0,,,,,,,,,,,
2020s_CAN_QC_Quebec-Lesage.Intl.AP.717140_CWEC2016.epw,True,-5,1,single-family detached,8,1.8,45,0,0,4,0,0,4,0,0,4,0,0,4,2179,2005,3,2,VentedAttic,gable,6:12,2,ConditionedBasement,8,1,9.25,0.49,0.56,0.37,0.3,WoodStud,20.7,32.5,solid concrete,17.1,interior,0,WoodFrame,5.3,5.3,none,medium,1.0,0.0,0.0,Right,ACH,50,5.0,unit exterior only,normal,18.35,False,False,False,False,none,0.0,1.0,air-to-air,HSPF,7.7,SEER,13.0,ACCA,false,1.0,1.0,false,integrated,electricity,1.0,none,electricity,none,,False,0,0.0,True,electric resistance,True,heat pump,1.0,1.0,electricity,,0.92,0.0,0,0,125,storage water heater,conditioned space,True,electricity,CombinedEnergyFactor,2.7,1.0,IntegratedModifiedEnergyFactor,0.95,387,0.1065,1.218,24,7.538462,3.5,True,1.0,True,electricity,False,1.0,False,RatedAnnualkWh,0,0.0,0.0,0,0,0,True,1139,False,0,0.0,True,935,0.342,True,0,0.0,0.75,0,0,0.75,0,0,0.75,1.0,5,20,"62.6,62.6,62.6,62.6,62.6,62.6,62.6,68.0,68.0,68.0,68.0,68.0,68.0,68.0,68.0,68.0,68.0,68.0,68.0,68.0,68.0,68.0,68.0,62.6","62.6,62.6,62.6,62.6,62.6,62.6,62.6,68.0,68.0,68.0,68.0,68.0,68.0,68.0,68.0,68.0,68.0,68.0,68.0,68.0,68.0,68.0,68.0,62.6","73.4,73.4,73.4,73.4,73.4,73.4,73.4,73.4,73.4,73.4,73.4,73.4,73.4,73.4,73.4,73.4,73.4,73.4,73.4,73.4,73.4,73.4,73.4,73.4","73.4,73.4,73.4,73.4,73.4,73.4,73.4,73.4,73.4,73.4,73.4,73.4,73.4,73.4,73.4,73.4,73.4,73.4,73.4,73.4,73.4,73.4,73.4,73.4",none,0,0,Unadjusted,0,0,0,0,none,0,0,Unadjusted,0,0,0,False,0,0,0.67,40.0,,,true,,single stage,,,,,,0.0,1055.2598741319443,
2020s_CAN_QC_Quebec-Lesage.Intl.AP.717140_CWEC2016.epw,True,-5,1,single-family detached,8,1.8,90,0,0,4,0,0,4,0,0,4,0,0,4,1698,1975,5,4,VentedAttic,gable,6:12,2,ConditionedBasement,8,1,9.25,0.49,0.56,0.37,0.3,WoodStud,17.2,28.9,solid concrete,14.4,interior,0,WoodFrame,5.3,5.3,none,medium,1.0,12.0,22.0,Right,ACH,50,5.0,unit exterior only,normal,15.650000000000002,False,False,False,False,WallFurnace,1.0,1.0,none,HSPF,0.0,SEER,0.0,ACCA,false,1.0,1.0,false,none,electricity,1.0,none,electricity,central air conditioner,single stage,False,0,0.0,False,none,False,,1.0,1.0,electricity,EnergyFactor,0.92,0.0,0,0,125,storage water heater,conditioned space,True,electricity,CombinedEnergyFactor,2.7,0.8,IntegratedModifiedEnergyFactor,0.95,387,0.1065,1.218,24,7.538462,3.5,True,0.8,True,electricity,False,0.8,True,RatedAnnualkWh,318,0.12,1.09,25,4,12,True,1139,False,0,0.0,False,0,0.0,True,0,0.0,0.75,0,0,0.75,0,0,0.75,1.0,5,20,"66.2,66.2,66.2,66.2,66.2,66.2,66.2,66.2,69.8,69.8,69.8,69.8,69.8,69.8,69.8,69.8,69.8,69.8,69.8,69.8,69.8,66.2,66.2,66.2","66.2,66.2,66.2,66.2,66.2,66.2,66.2,66.2,69.8,69.8,69.8,69.8,69.8,69.8,69.8,69.8,69.8,69.8,69.8,69.8,69.8,66.2,66.2,66.2","73.4,73.4,73.4,73.4,73.4,73.4,73.4,73.4,73.4,73.4,73.4,73.4,73.4,73.4,73.4,73.4,73.4,73.4,73.4,73.4,73.4,73.4,73.4,73.4","73.4,73.4,73.4,73.4,73.4,73.4,73.4,73.4,73.4,73.4,73.4,73.4,73.4,73.4,73.4,73.4,73.4,73.4,73.4,73.4,73.4,73.4,73.4,73.4",none,0,0,Unadjusted,0,0,0,0,none,0,0,Unadjusted,0,0,0,False,0,0,0.67,,,,,,,,,,,,,,
2020s_CAN_QC_Montreal-McTavish.716120_CWEC2016.epw,True,-5,1,single-family detached,8,1.8,0,0,0,4,0,0,4,0,0,4,0,0,4,2678,1985,5,3,VentedAttic,gable,6:12,3,UnventedCrawlspace,4,1,9.25,0.49,0.56,0.37,0.3,WoodStud,20.7,32.5,solid concrete,17.1,interior,0,WoodFrame,5.3,5.3,none,medium,1.0,12.0,22.0,Right,ACH,50,10.0,unit exterior only,normal,18.35,False,False,False,False,ElectricResistance,1.0,1.0,none,HSPF,0.0,SEER,0.0,ACCA,false,1.0,1.0,false,none,electricity,1.0,none,electricity,mini-split,variable speed,True,1,,False,none,False,,1.0,1.0,electricity,,0.92,0.0,0,0,125,,conditioned space,True,electricity,CombinedEnergyFactor,2.7,0.8,IntegratedModifiedEnergyFactor,0.95,387,0.1065,1.218,24,7.538462,3.5,True,0.8,True,electricity,False,0.8,True,RatedAnnualkWh,318,0.12,1.09,25,4,12,True,480,False,0,0.0,False,0,0.0,True,0,0.0,0.37,0,0,0.37,0,0,0.37,1.0,5,20,"66.2,66.2,66.2,66.2,66.2,66.2,66.2,66.2,66.2,66.2,66.2,66.2,66.2,66.2,66.2,66.2,66.2,66.2,66.2,66.2,66.2,66.2,66.2,66.2","66.2,66.2,66.2,66.2,66.2,66.2,66.2,66.2,66.2,66.2,66.2,66.2,66.2,66.2,66.2,66.2,66.2,66.2,66.2,66.2,66.2,66.2,66.2,66.2","69.8,69.8,69.8,69.8,69.8,69.8,69.8,69.8,69.8,69.8,69.8,69.8,69.8,69.8,69.8,69.8,69.8,69.8,69.8,69.8,69.8,69.8,69.8,69.8","69.8,69.8,69.8,69.8,69.8,69.8,69.8,69.8,69.8,69.8,69.8,69.8,69.8,69.8,69.8,69.8,69.8,69.8,69.8,69.8,69.8,69.8,69.8,69.8",none,0,0,Unadjusted,0,0,0,0,none,0,0,Unadjusted,0,0,0,False,0,0,0.67,,,,,,,,,,,,,,3274.0
2020s_CAN_QC_Montreal-McTavish.716120_CWEC2016.epw,True,-5,67,apartment unit,8,0.5556,225,0,0,4,0,0,4,0,0,4,0,0,4,3250,1995,2,1,VentedAttic,gable,6:12,1,SlabOnGrade,0,0,0.0,0.37,0.3,0.37,0.3,WoodStud,18.9,31.4,solid concrete,17.1,interior,0,WoodFrame,0.0,5.3,none,medium,0.5,0.0,0.0,Right,ACH,50,6.073418382418609,unit exterior only,normal,0.0,True,False,False,False,ElectricResistance,1.0,1.0,none,HSPF,0.0,SEER,0.0,ACCA,false,1.0,1.0,false,none,electricity,1.0,none,electricity,central air conditioner,single stage,False,0,0.0,False,none,False,,1.0,1.0,electricity,EnergyFactor,0.92,0.0,0,0,125,storage water heater,conditioned space,True,electricity,CombinedEnergyFactor,2.7,1.0,IntegratedModifiedEnergyFactor,0.95,387,0.1065,1.218,24,7.538462,3.5,True,1.0,True,electricity,False,1.0,False,RatedAnnualkWh,0,0.0,0.0,0,0,0,True,383,False,0,0.0,False,0,0.0,True,0,0.0,0.75,0,0,0.75,0,0,0.75,1.0,5,20,"69.8,69.8,69.8,69.8,69.8,69.8,69.8,69.8,71.6,71.6,71.6,71.6,71.6,71.6,71.6,71.6,71.6,71.6,69.8,69.8,69.8,69.8,69.8,69.8","69.8,69.8,69.8,69.8,69.8,69.8,69.8,69.8,71.6,71.6,71.6,71.6,71.6,71.6,71.6,71.6,71.6,71.6,69.8,69.8,69.8,69.8,69.8,69.8","68.0,68.0,68.0,68.0,68.0,68.0,68.0,68.0,68.0,68.0,68.0,68.0,68.0,68.0,68.0,68.0,68.0,68.0,68.0,68.0,68.0,68.0,68.0,68.0","68.0,68.0,68.0,68.0,68.0,68.0,68.0,68.0,68.0,68.0,68.0,68.0,68.0,68.0,68.0,68.0,68.0,68.0,68.0,68.0,68.0,68.0,68.0,68.0",none,0,0,Unadjusted,0,0,0,0,none,0,0,Unadjusted,0,0,0,False,0,0,0.67,,,,,,,,,,,,,,
2020s_CAN_QC_Montreal-McTavish.716120_CWEC2016.epw,True,-5,116,apartment unit,8,0.5556,45,0,0,4,0,0,4,0,0,4,0,0,4,2115,1975,3,4,VentedAttic,gable,6:12,1,SlabOnGrade,0,0,0.0,0.37,0.3,0.37,0.3,WoodStud,12.6,19.9,solid concrete,14.4,interior,0,WoodFrame,0.0,5.3,none,medium,0.5,0.0,0.0,Right,ACH,50,2.377126333338251,unit exterior only,normal,0.0,True,True,True,False,ElectricResistance,1.0,1.0,none,HSPF,0.0,SEER,0.0,ACCA,false,1.0,1.0,false,none,electricity,1.0,none,electricity,central air conditioner,single stage,False,0,0.0,False,none,False,,1.0,1.0,electricity,EnergyFactor,0.92,0.0,0,0,125,storage water heater,conditioned space,True,electricity,CombinedEnergyFactor,2.7,0.8,IntegratedModifiedEnergyFactor,0.95,387,0.1065,1.218,24,7.538462,3.5,True,0.8,True,electricity,False,0.8,False,RatedAnnualkWh,0,0.0,0.0,0,0,0,True,433,False,0,0.0,True,935,0.342,True,0,0.0,0.75,0,0,0.75,0,0,0.75,1.0,5,20,"73.4,73.4,73.4,73.4,73.4,73.4,73.4,73.4,73.4,73.4,73.4,73.4,73.4,73.4,73.4,73.4,73.4,73.4,73.4,73.4,73.4,73.4,73.4,73.4","73.4,73.4,73.4,73.4,73.4,73.4,73.4,73.4,73.4,73.4,73.4,73.4,73.4,73.4,73.4,73.4,73.4,73.4,73.4,73.4,73.4,73.4,73.4,73.4","73.4,73.4,73.4,73.4,73.4,73.4,73.4,73.4,73.4,73.4,73.4,73.4,73.4,73.4,73.4,73.4,73.4,73.4,73.4,73.4,73.4,73.4,73.4,73.4","73.4,73.4,73.4,73.4,73.4,73.4,73.4,73.4,73.4,73.4,73.4,73.4,73.4,73.4,73.4,73.4,73.4,73.4,73.4,73.4,73.4,73.4,73.4,73.4",none,0,0,Unadjusted,0,0,0,0,none,0,0,Unadjusted,0,0,0,False,0,0,0.67,,,,,,,,,,,,,,
2020s_CAN_QC_Montreal-McTavish.716120_CWEC2016.epw,True,-5,326,apartment unit,8,0.5556,0,0,0,4,0,0,4,0,0,4,0,0,4,1138,1940,2,1,VentedAttic,gable,6:12,1,SlabOnGrade,0,0,0.0,0.49,0.56,0.37,0.3,WoodStud,12.2,14.1,solid concrete,10.1,interior,0,WoodFrame,0.0,5.3,none,medium,0.5,0.0,0.0,Right,ACH,50,5.258169186515244,unit exterior only,normal,0.0,True,True,True,False,WallFurnace,1.0,1.0,none,HSPF,0.0,SEER,0.0,ACCA,false,1.0,1.0,false,none,electricity,1.0,none,electricity,central air conditioner,single stage,False,0,0.0,False,none,False,,1.0,1.0,electricity,EnergyFactor,0.92,0.0,0,0,125,storage water heater,conditioned space,True,electricity,CombinedEnergyFactor,2.7,0.8,IntegratedModifiedEnergyFactor,0.95,387,0.1065,1.218,24,7.538462,3.5,True,0.8,True,electricity,False,0.8,True,RatedAnnualkWh,290,0.12,1.09,23,4,12,True,433,False,0,0.0,False,0,0.0,True,0,0.0,0.0,0,0,0.0,0,0,0.0,1.0,5,20,"62.6,62.6,62.6,62.6,62.6,69.8,69.8,69.8,69.8,69.8,69.8,69.8,69.8,69.8,69.8,69.8,69.8,69.8,69.8,69.8,69.8,69.8,62.6,62.6","62.6,62.6,62.6,62.6,62.6,69.8,69.8,69.8,69.8,69.8,69.8,69.8,69.8,69.8,69.8,69.8,69.8,69.8,69.8,69.8,69.8,69.8,62.6,62.6","68.0,68.0,68.0,68.0,68.0,68.0,68.0,68.0,68.0,68.0,68.0,68.0,68.0,68.0,68.0,68.0,68.0,68.0,68.0,68.0,68.0,68.0,68.0,68.0","68.0,68.0,68.0,68.0,68.0,68.0,68.0,68.0,68.0,68.0,68.0,68.0,68.0,68.0,68.0,68.0,68.0,68.0,68.0,68.0,68.0,68.0,68.0,68.0",none,0,0,Unadjusted,0,0,0,0,none,0,0,Unadjusted,0,0,0,False,0,0,0.67,40.0,,,,,,,,,,,,,
2020s_CAN_QC_Montreal-McTavish.716120_CWEC2016.epw,True,-5,1,single-family detached,8,1.8,180,0,0,4,0,0,4,0,0,4,0,0,4,4250,1985,4,4,VentedAttic,gable,6:12,3,ConditionedBasement,8,1,9.25,0.49,0.56,0.37,0.3,WoodStud,20.7,32.5,solid concrete,17.1,interior,0,WoodFrame,5.3,5.3,none,medium,1.0,12.0,22.0,Right,ACH,50,6.0,unit exterior only,normal,18.35,False,False,False,False,Furnace,1.0,1.0,none,HSPF,0.0,SEER,0.0,ACCA,false,1.0,1.0,false,none,electricity,1.0,none,electricity,central air conditioner,single stage,False,0,0.0,False,none,False,,1.0,1.0,electricity,EnergyFactor,0.92,0.0,0,0,125,storage water heater,conditioned space,True,electricity,CombinedEnergyFactor,2.7,1.0,IntegratedModifiedEnergyFactor,0.95,387,0.1065,1.218,24,7.538462,3.5,True,1.0,True,electricity,False,1.0,True,RatedAnnualkWh,318,0.12,1.09,25,4,12,True,383,False,0,0.0,True,935,0.342,True,0,0.0,0.37,0,0,0.37,0,0,0.37,1.0,5,20,"62.6,62.6,62.6,62.6,62.6,62.6,62.6,66.2,66.2,66.2,66.2,68.0,68.0,68.0,68.0,68.0,68.0,68.0,68.0,66.2,66.2,66.2,62.6,62.6","62.6,62.6,62.6,62.6,62.6,62.6,62.6,66.2,66.2,66.2,66.2,68.0,68.0,68.0,68.0,68.0,68.0,68.0,68.0,66.2,66.2,66.2,62.6,62.6","66.2,66.2,66.2,66.2,66.2,66.2,66.2,66.2,66.2,66.2,66.2,66.2,66.2,66.2,66.2,66.2,66.2,66.2,66.2,66.2,66.2,66.2,66.2,66.2","66.2,66.2,66.2,66.2,66.2,66.2,66.2,66.2,66.2,66.2,66.2,66.2,66.2,66.2,66.2,66.2,66.2,66.2,66.2,66.2,66.2,66.2,66.2,66.2",none,0,0,Unadjusted,0,0,0,0,none,0,0,Unadjusted,0,0,0,False,0,0,0.67,40.0,,,,,,,,,,,,,
2020s_CAN_QC_Montreal-McTavish.716120_CWEC2016.epw,True,-5,1,single-family detached,8,1.8,0,0,0,4,0,0,4,0,0,4,0,0,4,2179,1985,3,1,VentedAttic,gable,6:12,1,SlabOnGrade,0,0,0.0,1.16,0.76,0.37,0.3,WoodStud,20.7,32.5,solid concrete,17.1,interior,0,WoodFrame,0.0,5.3,none,medium,0.5,24.0,24.0,Right,ACH,50,8.0,unit exterior only,normal,0.0,False,False,False,False,Boiler,1.0,1.0,none,HSPF,0.0,SEER,0.0,ACCA,false,1.0,1.0,false,none,electricity,1.0,none,electricity,none,,False,0,0.0,True,electric resistance,False,,1.0,1.0,electricity,EnergyFactor,0.92,0.0,0,0,125,storage water heater,conditioned space,True,electricity,CombinedEnergyFactor,2.7,0.8,IntegratedModifiedEnergyFactor,0.95,387,0.1065,1.218,24,7.538462,3.5,True,0.8,True,electricity,False,0.8,True,RatedAnnualkWh,290,0.12,1.09,23,4,12,True,383,False,0,0.0,True,935,0.342,True,0,0.0,0.0,0,0,0.0,0,0,0.0,1.0,5,20,"68.0,68.0,68.0,68.0,68.0,68.0,69.8,69.8,69.8,69.8,69.8,69.8,69.8,69.8,69.8,69.8,69.8,69.8,69.8,69.8,69.8,69.8,69.8,68.0","68.0,68.0,68.0,68.0,68.0,68.0,69.8,69.8,69.8,69.8,69.8,69.8,69.8,69.8,69.8,69.8,69.8,69.8,69.8,69.8,69.8,69.8,69.8,68.0","73.4,73.4,73.4,73.4,73.4,73.4,73.4,73.4,73.4,73.4,73.4,73.4,73.4,73.4,73.4,73.4,73.4,73.4,73.4,73.4,73.4,73.4,73.4,73.4","73.4,73.4,73.4,73.4,73.4,73.4,73.4,73.4,73.4,73.4,73.4,73.4,73.4,73.4,73.4,73.4,73.4,73.4,73.4,73.4,73.4,73.4,73.4,73.4",none,0,0,Unadjusted,0,0,0,0,none,0,0,Unadjusted,0,0,0,False,0,0,0.67,50.0,,,,,,,,,,,0.0,1055.2598741319443,
2020s_CAN_QC_Quebec-Lesage.Intl.AP.717140_CWEC2016.epw,True,-5,1,single-family detached,8,1.8,180,0,0,4,0,0,4,0,0,4,0,0,4,750,1965,3,1,VentedAttic,gable,6:12,2,ConditionedBasement,8,1,9.25,0.37,0.3,0.37,0.3,WoodStud,14.0,26.2,solid concrete,12.0,interior,0,WoodFrame,5.3,5.3,none,medium,1.0,8.838834764831844,15.90990257669732,Right,ACH,50,10.0,unit exterior only,normal,13.25,False,False,False,False,Furnace,0.8,1.0,none,HSPF,0.0,SEER,0.0,ACCA,false,1.0,1.0,false,none,electricity,1.0,none,fuel oil,central air conditioner,single stage,False,0,0.0,False,none,False,,1.0,1.0,electricity,EnergyFactor,0.92,0.0,0,0,125,storage water heater,conditioned space,True,electricity,CombinedEnergyFactor,2.7,1.0,IntegratedModifiedEnergyFactor,0.95,387,0.1065,1.218,24,7.538462,3.5,True,1.0,True,electricity,False,1.0,False,RatedAnnualkWh,0,0.0,0.0,0,0,0,True,748,False,0,0.0,False,0,0.0,True,0,0.0,0.0,0,0,0.0,0,0,0.0,1.0,5,20,"68.0,68.0,68.0,68.0,68.0,68.0,68.0,69.8,69.8,69.8,69.8,69.8,69.8,69.8,69.8,69.8,69.8,68.0,68.0,68.0,68.0,68.0,68.0,68.0","68.0,68.0,68.0,68.0,68.0,68.0,68.0,69.8,69.8,69.8,69.8,69.8,69.8,69.8,69.8,69.8,69.8,68.0,68.0,68.0,68.0,68.0,68.0,68.0","77.0,77.0,77.0,77.0,77.0,77.0,77.0,77.0,77.0,77.0,77.0,77.0,77.0,77.0,77.0,77.0,77.0,77.0,77.0,77.0,77.0,77.0,77.0,77.0","77.0,77.0,77.0,77.0,77.0,77.0,77.0,77.0,77.0,77.0,77.0,77.0,77.0,77.0,77.0,77.0,77.0,77.0,77.0,77.0,77.0,77.0,77.0,77.0",none,0,0,Unadjusted,0,0,0,0,none,0,0,Unadjusted,0,0,0,False,0,0,0.67,60.0,,,,,,,,,,,,,
2020s_CAN_QC_Montreal-McTavish.716120_CWEC2016.epw,True,-5,1,single-family detached,8,1.8,270,0,0,4,0,0,4,0,0,4,0,0,4,750,1940,1,4,VentedAttic,gable,6:12,2,ConditionedBasement,8,1,9.25,0.49,0.56,0.37,0.3,WoodStud,14.5,21.2,solid concrete,10.1,interior,0,WoodFrame,5.3,5.3,none,medium,1.0,8.838834764831844,15.90990257669732,Right,ACH,50,8.0,unit exterior only,normal,11.35,False,False,False,False,ElectricResistance,1.0,1.0,none,HSPF,0.0,SEER,0.0,ACCA,false,1.0,1.0,false,none,electricity,1.0,none,electricity,mini-split,variable speed,False,0,0.0,False,none,False,,1.0,1.0,electricity,EnergyFactor,0.92,0.0,0,0,125,storage water heater,conditioned space,True,electricity,CombinedEnergyFactor,2.7,0.8,IntegratedModifiedEnergyFactor,0.95,387,0.1065,1.218,24,7.538462,3.5,True,0.8,True,electricity,False,0.8,False,RatedAnnualkWh,0,0.0,0.0,0,0,0,True,480,False,0,0.0,True,935,0.342,True,0,0.0,0.0,0,0,0.0,0,0,0.0,1.0,5,20,"68.0,68.0,68.0,68.0,68.0,68.0,68.0,68.0,68.0,71.6,71.6,71.6,71.6,71.6,71.6,71.6,71.6,71.6,71.6,71.6,71.6,71.6,71.6,68.0","68.0,68.0,68.0,68.0,68.0,68.0,68.0,68.0,68.0,71.6,71.6,71.6,71.6,71.6,71.6,71.6,71.6,71.6,71.6,71.6,71.6,71.6,71.6,68.0","69.8,69.8,69.8,69.8,69.8,69.8,69.8,69.8,69.8,69.8,69.8,69.8,69.8,69.8,69.8,69.8,69.8,69.8,69.8,69.8,69.8,69.8,69.8,69.8","69.8,69.8,69.8,69.8,69.8,69.8,69.8,69.8,69.8,69.8,69.8,69.8,69.8,69.8,69.8,69.8,69.8,69.8,69.8,69.8,69.8,69.8,69.8,69.8",none,0,0,Unadjusted,0,0,0,0,none,0,0,Unadjusted,0,0,0,False,0,0,0.67,60.0,,,,,,,,,,,,,
2020s_CAN_QC_Montreal-McTavish.716120_CWEC2016.epw,True,-5,67,apartment unit,8,0.5556,90,0,0,4,0,0,4,0,0,4,0,0,4,1138,1975,2,2,VentedAttic,gable,6:12,1,SlabOnGrade,0,0,0.0,0.49,0.56,0.37,0.3,WoodStud,12.6,19.9,solid concrete,14.4,interior,0,WoodFrame,0.0,5.3,none,medium,0.5,0.0,0.0,Right,ACH,50,3.4969525713383884,unit exterior only,normal,0.0,True,True,True,False,ElectricResistance,1.0,1.0,none,HSPF,0.0,SEER,0.0,ACCA,false,1.0,1.0,false,none,electricity,1.0,none,electricity,central air conditioner,single stage,False,0,0.0,False,none,False,,1.0,1.0,electricity,,0.92,0.0,0,0,125,,other multifamily buffer space,True,electricity,CombinedEnergyFactor,2.7,1.0,IntegratedModifiedEnergyFactor,0.95,387,0.1065,1.218,24,7.538462,3.5,True,1.0,True,electricity,False,1.0,True,RatedAnnualkWh,290,0.12,1.09,23,4,12,True,727,False,0,0.0,False,0,0.0,True,0,0.0,0.75,0,0,0.75,0,0,0.75,1.0,5,20,"62.6,62.6,62.6,62.6,62.6,62.6,62.6,62.6,66.2,66.2,66.2,66.2,66.2,66.2,66.2,66.2,66.2,66.2,66.2,66.2,66.2,66.2,66.2,62.6","62.6,62.6,62.6,62.6,62.6,62.6,62.6,62.6,66.2,66.2,66.2,66.2,66.2,66.2,66.2,66.2,66.2,66.2,66.2,66.2,66.2,66.2,66.2,62.6","71.6,71.6,71.6,71.6,71.6,71.6,71.6,71.6,71.6,71.6,71.6,71.6,71.6,71.6,71.6,71.6,71.6,71.6,71.6,71.6,71.6,71.6,71.6,71.6","71.6,71.6,71.6,71.6,71.6,71.6,71.6,71.6,71.6,71.6,71.6,71.6,71.6,71.6,71.6,71.6,71.6,71.6,71.6,71.6,71.6,71.6,71.6,71.6",none,0,0,Unadjusted,0,0,0,0,none,0,0,Unadjusted,0,0,0,False,0,0,0.67,,,,,,,,,,,,,,
2020s_CAN_QC_Montreal-McTavish.716120_CWEC2016.epw,True,-5,1,single-family detached,8,1.8,180,0,0,4,0,0,4,0,0,4,0,0,4,1228,2015,3,2,VentedAttic,gable,6:12,3,ConditionedBasement,8,1,9.25,0.49,0.56,0.37,0.3,WoodStud,24.5,42.6,solid concrete,17.0,interior,0,WoodFrame,5.3,5.3,none,medium,1.0,0.0,0.0,Right,ACH,50,1.0,unit exterior only,normal,18.25,False,False,False,False,ElectricResistance,1.0,1.0,none,HSPF,0.0,SEER,0.0,ACCA,false,1.0,1.0,false,none,electricity,1.0,none,electricity,central air conditioner,single stage,False,0,0.0,False,none,False,,1.0,1.0,electricity,EnergyFactor,0.92,0.0,0,0,125,storage water heater,conditioned space,True,electricity,CombinedEnergyFactor,2.7,1.0,IntegratedModifiedEnergyFactor,0.95,387,0.1065,1.218,24,7.538462,3.5,True,1.0,True,electricity,False,1.0,True,RatedAnnualkWh,290,0.12,1.09,23,4,12,True,1139,False,0,0.0,False,0,0.0,True,0,0.0,0.12,0,0,0.12,0,0,0.12,1.0,5,20,"64.4,64.4,64.4,64.4,64.4,64.4,64.4,64.4,68.0,68.0,68.0,71.6,71.6,71.6,71.6,68.0,68.0,68.0,68.0,68.0,68.0,68.0,68.0,64.4","64.4,64.4,64.4,64.4,64.4,64.4,64.4,64.4,68.0,68.0,68.0,71.6,71.6,71.6,71.6,68.0,68.0,68.0,68.0,68.0,68.0,68.0,68.0,64.4","66.2,66.2,66.2,66.2,66.2,66.2,66.2,66.2,66.2,66.2,66.2,66.2,66.2,66.2,66.2,66.2,66.2,66.2,66.2,66.2,66.2,66.2,66.2,66.2","66.2,66.2,66.2,66.2,66.2,66.2,66.2,66.2,66.2,66.2,66.2,66.2,66.2,66.2,66.2,66.2,66.2,66.2,66.2,66.2,66.2,66.2,66.2,66.2",none,0,0,Unadjusted,0,0,0,0,none,0,0,Unadjusted,0,0,0,False,0,0,0.67,60.0,,,,,,,,,,,,,
2020s_CAN_QC_Montreal-McTavish.716120_CWEC2016.epw,True,-5,1,single-family detached,8,1.8,180,0,0,4,0,0,4,0,0,4,0,0,4,2678,1975,4,4,VentedAttic,gable,6:12,2,ConditionedBasement,8,1,9.25,0.49,0.56,0.37,0.3,WoodStud,17.2,28.9,solid concrete,14.4,interior,0,WoodFrame,5.3,5.3,none,medium,1.0,12.0,22.0,Right,ACH,50,3.0,unit exterior only,normal,15.650000000000002,False,False,False,False,none,0.0,1.0,mini-split,HSPF,12.7,SEER,25.0,ACCA,false,1.0,1.0,false,integrated,electricity,1.0,none,electricity,none,,True,1,,False,none,False,,1.0,1.0,electricity,EnergyFactor,0.92,0.0,0,0,125,storage water heater,conditioned space,True,electricity,CombinedEnergyFactor,2.7,1.2,IntegratedModifiedEnergyFactor,0.95,387,0.1065,1.218,24,7.538462,3.5,True,1.2,True,electricity,False,1.2,False,RatedAnnualkWh,0,0.0,0.0,0,0,0,True,727,False,0,0.0,True,935,0.342,True,0,0.0,0.75,0,0,0.75,0,0,0.75,1.0,5,20,"62.6,62.6,62.6,62.6,62.6,62.6,71.6,68.0,68.0,68.0,68.0,68.0,68.0,68.0,68.0,68.0,68.0,71.6,71.6,71.6,71.6,71.6,71.6,71.6","62.6,62.6,62.6,62.6,62.6,62.6,71.6,68.0,68.0,68.0,68.0,68.0,68.0,68.0,68.0,68.0,68.0,71.6,71.6,71.6,71.6,71.6,71.6,71.6","69.8,69.8,69.8,69.8,69.8,69.8,69.8,69.8,69.8,69.8,69.8,69.8,69.8,69.8,69.8,69.8,69.8,69.8,69.8,69.8,69.8,69.8,69.8,69.8","69.8,69.8,69.8,69.8,69.8,69.8,69.8,69.8,69.8,69.8,69.8,69.8,69.8,69.8,69.8,69.8,69.8,69.8,69.8,69.8,69.8,69.8,69.8,69.8",none,0,0,Unadjusted,0,0,0,0,none,0,0,Unadjusted,0,0,0,False,0,0,0.67,,,,false,,variable speed,0.5,-15.0,,,,,,2248.0
2020s_CAN_QC_Montreal-McTavish.716120_CWEC2016.epw,True,-5,1,single-family detached,8,1.8,270,0,0,4,0,0,4,0,0,4,0,0,4,2678,1975,6,4,VentedAttic,gable,6:12,2,ConditionedBasement,8,1,9.25,0.38,0.44,0.37,0.3,WoodStud,17.2,28.9,solid concrete,14.4,interior,0,WoodFrame,5.3,5.3,none,medium,1.0,0.0,0.0,Right,ACH,50,6.0,unit exterior only,normal,15.650000000000002,False,False,False,False,ElectricResistance,1.0,1.0,none,HSPF,0.0,SEER,0.0,ACCA,false,1.0,1.0,false,none,electricity,1.0,none,electricity,mini-split,variable speed,True,1,,False,none,True,heat pump,0.3,0.45,electricity,EnergyFactor,0.92,0.0,0,0,125,storage water heater,conditioned space,True,electricity,CombinedEnergyFactor,2.7,0.8,IntegratedModifiedEnergyFactor,0.95,387,0.1065,1.218,24,7.538462,3.5,True,0.8,True,electricity,False,0.8,True,RatedAnnualkWh,318,0.12,1.09,25,4,12,True,727,False,0,0.0,False,0,0.0,True,0,0.0,0.75,0,0,0.75,0,0,0.75,1.0,5,20,"64.4,64.4,64.4,64.4,64.4,64.4,64.4,64.4,64.4,68.0,68.0,68.0,68.0,68.0,68.0,68.0,68.0,68.0,68.0,68.0,68.0,68.0,68.0,64.4","64.4,64.4,64.4,64.4,64.4,64.4,64.4,64.4,64.4,68.0,68.0,68.0,68.0,68.0,68.0,68.0,68.0,68.0,68.0,68.0,68.0,68.0,68.0,64.4","73.4,73.4,73.4,73.4,73.4,73.4,73.4,73.4,73.4,73.4,73.4,73.4,73.4,73.4,73.4,73.4,73.4,73.4,73.4,73.4,73.4,73.4,73.4,73.4","73.4,73.4,73.4,73.4,73.4,73.4,73.4,73.4,73.4,73.4,73.4,73.4,73.4,73.4,73.4,73.4,73.4,73.4,73.4,73.4,73.4,73.4,73.4,73.4",none,0,0,Unadjusted,0,0,0,0,none,0,0,Unadjusted,0,0,0,False,0,0,0.67,40.0,,,,,,,,,,,,,2248.0
2020s_CAN_QC_Montreal-McTavish.716120_CWEC2016.epw,True,-5,2,single-family attached,8,0.5556,225,0,0,4,0,0,4,0,0,4,0,0,4,2152,1985,4,4,VentedAttic,gable,6:12,3,SlabOnGrade,0,0,0.0,0.37,0.3,0.37,0.3,WoodStud,20.7,32.5,solid concrete,17.1,interior,0,WoodFrame,0.0,5.3,none,medium,1.0,0.0,0.0,Right,ACH,50,3.0,unit exterior only,normal,0.0,True,False,False,False,none,0.0,1.0,air-to-air,HSPF,7.7,SEER,13.0,ACCA,false,1.0,1.0,false,integrated,electricity,1.0,none,electricity,none,,False,0,0.0,False,none,False,,1.0,1.0,electricity,EnergyFactor,0.92,0.0,0,0,125,storage water heater,conditioned space,True,electricity,CombinedEnergyFactor,2.7,1.0,IntegratedModifiedEnergyFactor,0.95,387,0.1065,1.218,24,7.538462,3.5,True,1.0,True,electricity,False,1.0,True,RatedAnnualkWh,318,0.12,1.09,25,4,12,True,348,False,0,0.0,True,935,0.342,True,0,0.0,0.0,0,0,0.0,0,0,0.0,1.0,5,20,"62.6,62.6,62.6,62.6,62.6,62.6,62.6,69.8,69.8,69.8,69.8,69.8,69.8,69.8,69.8,69.8,69.8,69.8,69.8,69.8,69.8,69.8,69.8,62.6","62.6,62.6,62.6,62.6,62.6,62.6,62.6,69.8,69.8,69.8,69.8,69.8,69.8,69.8,69.8,69.8,69.8,69.8,69.8,69.8,69.8,69.8,69.8,62.6","71.6,71.6,71.6,71.6,71.6,71.6,71.6,71.6,71.6,71.6,71.6,71.6,71.6,71.6,71.6,71.6,71.6,71.6,71.6,71.6,71.6,71.6,71.6,71.6","71.6,71.6,71.6,71.6,71.6,71.6,71.6,71.6,71.6,71.6,71.6,71.6,71.6,71.6,71.6,71.6,71.6,71.6,71.6,71.6,71.6,71.6,71.6,71.6",none,0,0,Unadjusted,0,0,0,0,none,0,0,Unadjusted,0,0,0,False,0,0,0.67,40.0,,,true,,single stage,,,,,,,,
2020s_CAN_QC_Quebec-Lesage.Intl.AP.717140_CWEC2016.epw,True,-5,1,single-family detached,8,1.8,90,0,0,4,0,0,4,0,0,4,0,0,4,4250,1940,5,5,VentedAttic,gable,6:12,2,SlabOnGrade,0,0,0.0,0.49,0.56,0.37,0.3,WoodStud,14.5,21.2,solid concrete,10.1,interior,0,WoodFrame,0.0,5.3,none,medium,1.0,0.0,0.0,Right,ACH,50,8.0,unit exterior only,normal,0.0,False,False,False,False,Boiler,0.72,1.0,none,HSPF,0.0,SEER,0.0,ACCA,false,1.0,1.0,false,none,electricity,1.0,none,wood,mini-split,variable speed,False,0,0.0,True,electric resistance,True,,1.0,1.0,electricity,EnergyFactor,0.92,0.0,0,0,125,storage water heater,conditioned space,True,electricity,CombinedEnergyFactor,2.7,1.2,IntegratedModifiedEnergyFactor,0.95,387,0.1065,1.218,24,7.538462,3.5,True,1.2,True,electricity,False,1.2,True,RatedAnnualkWh,290,0.12,1.09,23,4,12,True,480,False,0,0.0,True,935,0.342,True,0,0.0,0.75,0,0,0.75,0,0,0.75,1.0,5,20,"64.4,64.4,64.4,64.4,64.4,64.4,64.4,64.4,64.4,66.2,66.2,66.2,66.2,66.2,66.2,66.2,66.2,66.2,66.2,66.2,66.2,66.2,64.4,64.4","64.4,64.4,64.4,64.4,64.4,64.4,64.4,64.4,64.4,66.2,66.2,66.2,66.2,66.2,66.2,66.2,66.2,66.2,66.2,66.2,66.2,66.2,64.4,64.4","69.8,69.8,69.8,69.8,69.8,69.8,69.8,69.8,69.8,69.8,69.8,69.8,69.8,69.8,69.8,69.8,69.8,69.8,69.8,69.8,69.8,69.8,69.8,69.8","69.8,69.8,69.8,69.8,69.8,69.8,69.8,69.8,69.8,69.8,69.8,69.8,69.8,69.8,69.8,69.8,69.8,69.8,69.8,69.8,69.8,69.8,69.8,69.8",none,0,0,Unadjusted,0,0,0,0,none,0,0,Unadjusted,0,0,0,False,0,0,0.67,60.0,,,,,,,,,,,0.0,1500.6781684027778,
2020s_CAN_QC_Montreal-McTavish.716120_CWEC2016.epw,True,-5,6,apartment unit,8,0.5556,180,0,0,4,0,0,4,0,0,4,0,0,4,1138,1940,2,5,VentedAttic,gable,6:12,1,SlabOnGrade,0,0,0.0,0.49,0.56,0.37,0.3,WoodStud,12.2,14.1,solid concrete,10.1,interior,0,WoodFrame,0.0,5.3,none,medium,0.5,0.0,0.0,Right,ACH,50,10.0,unit exterior only,normal,0.0,True,False,False,False,ElectricResistance,1.0,1.0,none,HSPF,0.0,SEER,0.0,ACCA,false,1.0,1.0,false,none,electricity,1.0,none,electricity,mini-split,variable speed,False,0,0.0,False,none,False,,1.0,1.0,electricity,,0.92,0.0,0,0,125,,other multifamily buffer space,False,natural gas,CombinedEnergyFactor,2.7,0.8,IntegratedModifiedEnergyFactor,0.95,387,0.1065,1.218,24,7.538462,3.5,True,0.8,True,electricity,False,0.8,True,RatedAnnualkWh,318,0.12,1.09,25,4,12,True,348,False,0,0.0,False,0,0.0,True,0,0.0,0.0,0,0,0.0,0,0,0.0,1.0,5,20,"66.2,66.2,66.2,66.2,66.2,66.2,66.2,66.2,73.4,73.4,71.6,71.6,71.6,71.6,71.6,71.6,73.4,73.4,73.4,73.4,73.4,66.2,66.2,66.2","66.2,66.2,66.2,66.2,66.2,66.2,66.2,66.2,73.4,73.4,71.6,71.6,71.6,71.6,71.6,71.6,73.4,73.4,73.4,73.4,73.4,66.2,66.2,66.2","73.4,73.4,73.4,73.4,73.4,73.4,73.4,73.4,73.4,73.4,73.4,73.4,73.4,73.4,73.4,73.4,73.4,73.4,73.4,73.4,73.4,73.4,73.4,73.4","73.4,73.4,73.4,73.4,73.4,73.4,73.4,73.4,73.4,73.4,73.4,73.4,73.4,73.4,73.4,73.4,73.4,73.4,73.4,73.4,73.4,73.4,73.4,73.4",none,0,0,Unadjusted,0,0,0,0,none,0,0,Unadjusted,0,0,0,False,0,0,0.67,,,,,,,,,,,,,,
2020s_CAN_QC_Montreal-McTavish.716120_CWEC2016.epw,True,-5,1,single-family detached,8,1.8,180,0,0,4,0,0,4,0,0,4,0,0,4,2179,1985,4,3,VentedAttic,gable,6:12,3,ConditionedBasement,8,1,9.25,0.49,0.56,0.37,0.3,WoodStud,20.7,32.5,solid concrete,17.1,interior,0,WoodFrame,5.3,5.3,none,medium,1.0,0.0,0.0,Right,ACH,50,6.0,unit exterior only,normal,18.35,False,False,False,False,ElectricResistance,1.0,1.0,none,HSPF,0.0,SEER,0.0,ACCA,false,1.0,1.0,false,none,electricity,1.0,none,electricity,mini-split,variable speed,False,0,0.0,False,none,True,electric resistance,1.0,1.0,electricity,EnergyFactor,0.92,0.0,0,0,125,storage water heater,conditioned space,True,electricity,CombinedEnergyFactor,2.7,1.2,IntegratedModifiedEnergyFactor,0.95,387,0.1065,1.218,24,7.538462,3.5,True,1.2,True,electricity,False,1.2,False,RatedAnnualkWh,0,0.0,0.0,0,0,0,True,727,False,0,0.0,True,935,0.342,True,0,0.0,0.37,0,0,0.37,0,0,0.37,1.0,5,20,"73.4,73.4,73.4,73.4,73.4,73.4,73.4,73.4,73.4,73.4,73.4,73.4,73.4,73.4,73.4,73.4,73.4,73.4,73.4,73.4,73.4,73.4,73.4,73.4","73.4,73.4,73.4,73.4,73.4,73.4,73.4,73.4,73.4,73.4,73.4,73.4,73.4,73.4,73.4,73.4,73.4,73.4,73.4,73.4,73.4,73.4,73.4,73.4","77.0,77.0,77.0,77.0,77.0,77.0,77.0,77.0,77.0,77.0,77.0,77.0,77.0,77.0,77.0,77.0,77.0,77.0,77.0,77.0,77.0,77.0,77.0,77.0","77.0,77.0,77.0,77.0,77.0,77.0,77.0,77.0,77.0,77.0,77.0,77.0,77.0,77.0,77.0,77.0,77.0,77.0,77.0,77.0,77.0,77.0,77.0,77.0",none,0,0,Unadjusted,0,0,0,0,none,0,0,Unadjusted,0,0,0,False,0,0,0.67,,,,,,,,,,,,,,
2020s_CAN_QC_Quebec-Lesage.Intl.AP.717140_CWEC2016.epw,True,-5,1,single-family detached,8,1.8,315,0,0,4,0,0,4,0,0,4,0,0,4,2179,1985,4,3,VentedAttic,gable,6:12,2,ConditionedBasement,8,1,9.25,0.49,0.56,0.37,0.3,WoodStud,20.7,32.5,solid concrete,17.1,interior,0,WoodFrame,5.3,5.3,none,medium,1.0,0.0,0.0,Right,ACH,50,3.0,unit exterior only,normal,18.35,False,False,False,False,Boiler,0.72,1.0,none,HSPF,0.0,SEER,0.0,ACCA,false,1.0,1.0,false,none,electricity,1.0,none,wood,none,,False,0,0.0,False,none,False,,1.0,1.0,electricity,EnergyFactor,0.92,0.0,0,0,125,storage water heater,conditioned space,True,electricity,CombinedEnergyFactor,2.7,1.2,IntegratedModifiedEnergyFactor,0.95,387,0.1065,1.218,24,7.538462,3.5,True,1.2,True,electricity,False,1.2,True,RatedAnnualkWh,290,0.12,1.09,23,4,12,True,748,False,0,0.0,True,935,0.342,True,0,0.0,0.37,0,0,0.37,0,0,0.37,1.0,5,20,"69.8,69.8,69.8,69.8,69.8,69.8,69.8,69.8,71.6,73.4,73.4,73.4,73.4,73.4,73.4,73.4,73.4,73.4,71.6,71.6,71.6,71.6,69.8,69.8","69.8,69.8,69.8,69.8,69.8,69.8,69.8,69.8,71.6,73.4,73.4,73.4,73.4,73.4,73.4,73.4,73.4,73.4,71.6,71.6,71.6,71.6,69.8,69.8","75.2,75.2,75.2,75.2,75.2,75.2,75.2,75.2,75.2,75.2,75.2,75.2,75.2,75.2,75.2,75.2,75.2,75.2,75.2,75.2,75.2,75.2,75.2,75.2","75.2,75.2,75.2,75.2,75.2,75.2,75.2,75.2,75.2,75.2,75.2,75.2,75.2,75.2,75.2,75.2,75.2,75.2,75.2,75.2,75.2,75.2,75.2,75.2",none,0,0,Unadjusted,0,0,0,0,none,0,0,Unadjusted,0,0,0,False,0,0,0.67,60.0,,,,,,,,,,,,,
2020s_CAN_QC_Montreal-McTavish.716120_CWEC2016.epw,True,-5,1,single-family detached,8,1.8,225,0,0,4,0,0,4,0,0,4,0,0,4,2678,1975,4,2,VentedAttic,gable,6:12,2,ConditionedBasement,8,1,9.25,0.37,0.3,0.37,0.3,WoodStud,17.2,28.9,solid concrete,14.4,interior,0,WoodFrame,5.3,5.3,none,medium,1.0,12.0,22.0,Right,ACH,50,7.0,unit exterior only,normal,15.650000000000002,False,False,False,False,none,0.0,1.0,mini-split,HSPF,12.7,SEER,25.0,ACCA,false,1.0,1.0,false,integrated,electricity,1.0,none,electricity,none,,False,0,0.0,False,none,True,,0.3,1.0,electricity,EnergyFactor,0.92,0.0,0,0,125,storage water heater,conditioned space,True,electricity,CombinedEnergyFactor,2.7,0.8,IntegratedModifiedEnergyFactor,0.95,387,0.1065,1.218,24,7.538462,3.5,True,0.8,True,electricity,False,0.8,True,RatedAnnualkWh,318,0.12,1.09,25,4,12,True,1139,False,0,0.0,False,0,0.0,True,0,0.0,0.37,0,0,0.37,0,0,0.37,1.0,5,20,"66.2,66.2,66.2,66.2,66.2,66.2,66.2,66.2,66.2,66.2,66.2,66.2,66.2,66.2,66.2,66.2,66.2,66.2,66.2,66.2,66.2,66.2,66.2,66.2","66.2,66.2,66.2,66.2,66.2,66.2,66.2,66.2,66.2,66.2,66.2,66.2,66.2,66.2,66.2,66.2,66.2,66.2,66.2,66.2,66.2,66.2,66.2,66.2","64.4,64.4,64.4,64.4,64.4,64.4,64.4,64.4,64.4,64.4,64.4,64.4,64.4,64.4,64.4,64.4,64.4,64.4,64.4,64.4,64.4,64.4,64.4,64.4","64.4,64.4,64.4,64.4,64.4,64.4,64.4,64.4,64.4,64.4,64.4,64.4,64.4,64.4,64.4,64.4,64.4,64.4,64.4,64.4,64.4,64.4,64.4,64.4",none,0,0,Unadjusted,0,0,0,0,none,0,0,Unadjusted,0,0,0,False,0,0,0.67,40.0,,,false,,variable speed,0.5,-15.0,,,,,,
2020s_CAN_QC_Montreal-McTavish.716120_CWEC2016.epw,True,-5,1,single-family detached,8,1.8,315,0,0,4,0,0,4,0,0,4,0,0,4,1228,2005,3,2,VentedAttic,gable,6:12,2,ConditionedBasement,8,1,9.25,0.76,0.67,0.37,0.3,WoodStud,20.7,32.5,solid concrete,17.1,interior,0,WoodFrame,5.3,5.3,none,medium,1.0,0.0,0.0,Right,ACH,50,4.0,unit exterior only,normal,18.35,False,False,False,False,ElectricResistance,1.0,1.0,none,HSPF,0.0,SEER,0.0,ACCA,false,1.0,1.0,false,none,electricity,1.0,none,electricity,central air conditioner,single stage,False,0,0.0,True,electric resistance,True,,0.3,1.0,electricity,EnergyFactor,0.92,0.0,0,0,125,storage water heater,conditioned space,True,electricity,CombinedEnergyFactor,2.7,1.0,IntegratedModifiedEnergyFactor,0.95,387,0.1065,1.218,24,7.538462,3.5,True,1.0,True,electricity,False,1.0,True,RatedAnnualkWh,318,0.12,1.09,25,4,12,True,480,False,0,0.0,True,935,0.342,True,0,0.0,0.75,0,0,0.75,0,0,0.75,1.0,5,20,"62.6,62.6,62.6,62.6,62.6,62.6,62.6,69.8,69.8,69.8,69.8,69.8,69.8,69.8,69.8,69.8,69.8,62.6,62.6,62.6,62.6,62.6,62.6,62.6","62.6,62.6,62.6,62.6,62.6,62.6,62.6,69.8,69.8,69.8,69.8,69.8,69.8,69.8,69.8,69.8,69.8,62.6,62.6,62.6,62.6,62.6,62.6,62.6","69.8,69.8,69.8,69.8,69.8,69.8,69.8,69.8,69.8,69.8,69.8,69.8,69.8,69.8,69.8,69.8,69.8,69.8,69.8,69.8,69.8,69.8,69.8,69.8","69.8,69.8,69.8,69.8,69.8,69.8,69.8,69.8,69.8,69.8,69.8,69.8,69.8,69.8,69.8,69.8,69.8,69.8,69.8,69.8,69.8,69.8,69.8,69.8",none,0,0,Unadjusted,0,0,0,0,none,0,0,Unadjusted,0,0,0,False,0,0,0.67,60.0,,,,,,,,,,,0.0,928.8519965277777,
2020s_CAN_QC_Quebec-Lesage.Intl.AP.717140_CWEC2016.epw,True,-5,43,apartment unit,8,0.5556,270,0,0,4,0,0,4,0,0,4,0,0,4,1682,2005,2,1,VentedAttic,gable,6:12,1,SlabOnGrade,0,0,0.0,0.37,0.3,0.37,0.3,WoodStud,18.9,31.4,solid concrete,17.1,interior,0,WoodFrame,0.0,5.3,none,medium,0.5,0.0,0.0,Right,ACH,50,1.4965797188604075,unit exterior only,normal,0.0,True,True,True,False,ElectricResistance,1.0,1.0,none,HSPF,0.0,SEER,0.0,ACCA,false,1.0,1.0,false,none,electricity,1.0,none,electricity,central air conditioner,single stage,False,0,0.0,False,none,False,,1.0,1.0,electricity,EnergyFactor,0.92,0.0,0,0,125,storage water heater,conditioned space,True,electricity,CombinedEnergyFactor,2.7,1.2,IntegratedModifiedEnergyFactor,0.0,0,0.0,0.0,0,0.0,0.0,False,1.2,True,electricity,False,1.2,True,RatedAnnualkWh,318,0.12,1.09,25,4,12,True,383,False,0,0.0,True,935,0.342,True,0,0.0,0.37,0,0,0.37,0,0,0.37,1.0,5,20,"68.0,68.0,68.0,68.0,68.0,68.0,68.0,68.0,68.0,68.0,68.0,68.0,68.0,68.0,68.0,68.0,68.0,68.0,68.0,68.0,68.0,68.0,68.0,68.0","68.0,68.0,68.0,68.0,68.0,68.0,68.0,68.0,68.0,68.0,68.0,68.0,68.0,68.0,68.0,68.0,68.0,68.0,68.0,68.0,68.0,68.0,68.0,68.0","77.0,77.0,77.0,77.0,77.0,77.0,77.0,77.0,77.0,77.0,77.0,77.0,77.0,77.0,77.0,77.0,77.0,77.0,77.0,77.0,77.0,77.0,77.0,77.0","77.0,77.0,77.0,77.0,77.0,77.0,77.0,77.0,77.0,77.0,77.0,77.0,77.0,77.0,77.0,77.0,77.0,77.0,77.0,77.0,77.0,77.0,77.0,77.0",none,0,0,Unadjusted,0,0,0,0,none,0,0,Unadjusted,0,0,0,False,0,0,0.67,,,,,,,,,,,,,,
2020s_CAN_QC_Montreal-McTavish.716120_CWEC2016.epw,True,-5,1,single-family detached,8,1.8,0,0,0,4,0,0,4,0,0,4,0,0,4,4750,1995,4,1,VentedAttic,gable,6:12,3,ConditionedBasement,8,1,9.25,0.37,0.3,0.37,0.3,WoodStud,20.7,32.5,solid concrete,17.1,interior,0,WoodFrame,5.3,5.3,none,medium,1.0,12.0,22.0,Right,ACH,50,4.0,unit exterior only,normal,18.35,False,False,False,False,WallFurnace,1.0,1.0,none,HSPF,0.0,SEER,0.0,ACCA,false,1.0,1.0,false,none,electricity,1.0,none,electricity,mini-split,variable speed,False,0,0.0,True,electric resistance,False,,1.0,1.0,electricity,EnergyFactor,0.92,0.0,0,0,125,storage water heater,conditioned space,True,electricity,CombinedEnergyFactor,2.7,1.0,IntegratedModifiedEnergyFactor,0.95,387,0.1065,1.218,24,7.538462,3.5,True,1.0,True,electricity,False,1.0,True,RatedAnnualkWh,290,0.12,1.09,23,4,12,True,727,False,0,0.0,True,935,0.342,True,0,0.0,0.75,0,0,0.75,0,0,0.75,1.0,5,20,"73.4,73.4,73.4,73.4,73.4,73.4,73.4,73.4,73.4,73.4,73.4,73.4,73.4,73.4,73.4,73.4,73.4,73.4,73.4,73.4,73.4,73.4,73.4,73.4","73.4,73.4,73.4,73.4,73.4,73.4,73.4,73.4,73.4,73.4,73.4,73.4,73.4,73.4,73.4,73.4,73.4,73.4,73.4,73.4,73.4,73.4,73.4,73.4","78.8,78.8,78.8,78.8,78.8,78.8,78.8,78.8,78.8,78.8,78.8,78.8,78.8,78.8,78.8,78.8,78.8,78.8,78.8,78.8,78.8,78.8,78.8,78.8","78.8,78.8,78.8,78.8,78.8,78.8,78.8,78.8,78.8,78.8,78.8,78.8,78.8,78.8,78.8,78.8,78.8,78.8,78.8,78.8,78.8,78.8,78.8,78.8",none,0,0,Unadjusted,0,0,0,0,none,0,0,Unadjusted,0,0,0,False,0,0,0.67,,,,,,,,,,,,0.0,1482.0692274305552,
2020s_CAN_QC_Montreal-McTavish.716120_CWEC2016.epw,True,-5,116,apartment unit,8,0.5556,0,0,0,4,0,0,4,0,0,4,0,0,4,750,2015,2,2,VentedAttic,gable,6:12,1,SlabOnGrade,0,0,0.0,0.49,0.56,0.37,0.3,WoodStud,24.5,42.6,solid concrete,17.0,interior,0,WoodFrame,0.0,5.3,none,medium,0.5,0.0,0.0,Right,ACH,50,2.592251753652101,unit exterior only,normal,0.0,True,True,False,False,Boiler,1.0,1.0,none,HSPF,0.0,SEER,0.0,ACCA,false,1.0,1.0,false,none,electricity,1.0,none,electricity,central air conditioner,single stage,False,0,0.0,False,none,False,,1.0,1.0,electricity,EnergyFactor,0.92,0.0,0,0,125,storage water heater,conditioned space,True,electricity,CombinedEnergyFactor,2.7,1.0,IntegratedModifiedEnergyFactor,0.95,387,0.1065,1.218,24,7.538462,3.5,True,1.0,True,electricity,False,1.0,True,RatedAnnualkWh,290,0.12,1.09,23,4,12,True,748,False,0,0.0,False,0,0.0,True,0,0.0,0.0,0,0,0.0,0,0,0.0,1.0,5,20,"66.2,66.2,66.2,66.2,66.2,66.2,66.2,66.2,71.6,71.6,71.6,71.6,71.6,71.6,71.6,71.6,71.6,71.6,71.6,71.6,71.6,71.6,66.2,66.2","66.2,66.2,66.2,66.2,66.2,66.2,66.2,66.2,71.6,71.6,71.6,71.6,71.6,71.6,71.6,71.6,71.6,71.6,71.6,71.6,71.6,71.6,66.2,66.2","69.8,69.8,69.8,69.8,69.8,69.8,69.8,69.8,69.8,69.8,69.8,69.8,69.8,69.8,69.8,69.8,69.8,69.8,69.8,69.8,69.8,69.8,69.8,69.8","69.8,69.8,69.8,69.8,69.8,69.8,69.8,69.8,69.8,69.8,69.8,69.8,69.8,69.8,69.8,69.8,69.8,69.8,69.8,69.8,69.8,69.8,69.8,69.8",none,0,0,Unadjusted,0,0,0,0,none,0,0,Unadjusted,0,0,0,False,0,0,0.67,,,,,,,,,,,,,,
2020s_CAN_QC_Montreal-McTavish.716120_CWEC2016.epw,True,-5,1,single-family detached,8,1.8,315,0,0,4,0,0,4,0,0,4,0,0,4,2678,1975,5,2,VentedAttic,gable,6:12,2,ConditionedBasement,8,1,9.25,0.37,0.3,0.37,0.3,WoodStud,17.2,28.9,solid concrete,14.4,interior,0,WoodFrame,5.3,5.3,none,medium,1.0,12.0,22.0,Right,ACH,50,5.0,unit exterior only,normal,15.650000000000002,False,False,False,False,ElectricResistance,1.0,1.0,none,HSPF,0.0,SEER,0.0,ACCA,false,1.0,1.0,false,none,electricity,1.0,none,electricity,central air conditioner,single stage,False,0,0.0,True,electric resistance,False,,1.0,1.0,electricity,,0.92,0.0,0,0,125,storage water heater,conditioned space,True,electricity,CombinedEnergyFactor,2.7,0.8,IntegratedModifiedEnergyFactor,0.95,387,0.1065,1.218,24,7.538462,3.5,True,0.8,True,electricity,False,0.8,True,RatedAnnualkWh,290,0.12,1.09,23,4,12,True,1139,False,0,0.0,True,935,0.342,True,0,0.0,0.37,0,0,0.37,0,0,0.37,1.0,5,20,"64.4,64.4,64.4,64.4,64.4,64.4,64.4,68.0,68.0,68.0,68.0,68.0,68.0,68.0,68.0,68.0,68.0,68.0,68.0,68.0,68.0,68.0,68.0,64.4","64.4,64.4,64.4,64.4,64.4,64.4,64.4,68.0,68.0,68.0,68.0,68.0,68.0,68.0,68.0,68.0,68.0,68.0,68.0,68.0,68.0,68.0,68.0,64.4","69.8,69.8,69.8,69.8,69.8,69.8,69.8,69.8,69.8,69.8,69.8,69.8,69.8,69.8,69.8,69.8,69.8,69.8,69.8,69.8,69.8,69.8,69.8,69.8","69.8,69.8,69.8,69.8,69.8,69.8,69.8,69.8,69.8,69.8,69.8,69.8,69.8,69.8,69.8,69.8,69.8,69.8,69.8,69.8,69.8,69.8,69.8,69.8",none,0,0,Unadjusted,0,0,0,0,none,0,0,Unadjusted,0,0,0,False,0,0,0.67,60.0,,,,,,,,,,,0.0,1291.726345486111,
2020s_CAN_QC_Montreal-McTavish.716120_CWEC2016.epw,True,-5,1,single-family detached,8,1.8,45,0,0,4,0,0,4,0,0,4,0,0,4,1228,1975,1,1,VentedAttic,gable,6:12,1,ConditionedBasement,8,1,9.25,0.49,0.56,0.37,0.3,WoodStud,17.2,28.9,solid concrete,14.4,interior,0,WoodFrame,5.3,5.3,none,medium,0.5,0.0,0.0,Right,ACH,50,3.0,unit exterior only,normal,15.650000000000002,False,False,False,False,ElectricResistance,1.0,1.0,none,HSPF,0.0,SEER,0.0,ACCA,false,1.0,1.0,false,none,electricity,1.0,none,electricity,mini-split,variable speed,False,0,0.0,False,none,False,,1.0,1.0,electricity,EnergyFactor,0.92,0.0,0,0,125,storage water heater,conditioned space,True,electricity,CombinedEnergyFactor,2.7,1.2,IntegratedModifiedEnergyFactor,0.95,387,0.1065,1.218,24,7.538462,3.5,True,1.2,True,electricity,False,1.2,True,RatedAnnualkWh,290,0.12,1.09,23,4,12,True,480,False,0,0.0,False,0,0.0,True,0,0.0,0.75,0,0,0.75,0,0,0.75,1.0,5,20,"68.0,68.0,68.0,68.0,68.0,68.0,68.0,68.0,71.6,69.8,69.8,69.8,69.8,69.8,69.8,69.8,69.8,71.6,71.6,71.6,71.6,71.6,71.6,71.6","68.0,68.0,68.0,68.0,68.0,68.0,68.0,68.0,71.6,69.8,69.8,69.8,69.8,69.8,69.8,69.8,69.8,71.6,71.6,71.6,71.6,71.6,71.6,71.6","73.4,73.4,73.4,73.4,73.4,73.4,73.4,73.4,73.4,73.4,73.4,73.4,73.4,73.4,73.4,73.4,73.4,73.4,73.4,73.4,73.4,73.4,73.4,73.4","73.4,73.4,73.4,73.4,73.4,73.4,73.4,73.4,73.4,73.4,73.4,73.4,73.4,73.4,73.4,73.4,73.4,73.4,73.4,73.4,73.4,73.4,73.4,73.4",none,0,0,Unadjusted,0,0,0,0,none,0,0,Unadjusted,0,0,0,False,0,0,0.67,40.0,,,,,,,,,,,,,
2020s_CAN_QC_Montreal-McTavish.716120_CWEC2016.epw,True,-5,1,single-family detached,8,1.8,0,0,0,4,0,0,4,0,0,4,0,0,4,1698,1995,5,5,VentedAttic,gable,6:12,1,SlabOnGrade,0,0,0.0,0.76,0.67,0.37,0.3,WoodStud,20.7,32.5,solid concrete,17.1,interior,0,WoodFrame,0.0,5.3,none,medium,0.5,20.0,12.0,Right,ACH,50,3.0,unit exterior only,normal,0.0,False,False,False,False,Boiler,1.0,1.0,none,HSPF,0.0,SEER,0.0,ACCA,false,1.0,1.0,false,none,electricity,1.0,none,electricity,none,,False,0,0.0,False,none,False,,1.0,1.0,electricity,EnergyFactor,0.92,0.0,0,0,125,storage water heater,conditioned space,True,electricity,CombinedEnergyFactor,2.7,1.0,IntegratedModifiedEnergyFactor,0.95,387,0.1065,1.218,24,7.538462,3.5,True,1.0,True,electricity,False,1.0,True,RatedAnnualkWh,318,0.12,1.09,25,4,12,True,480,False,0,0.0,False,0,0.0,True,0,0.0,0.75,0,0,0.75,0,0,0.75,1.0,5,20,"66.2,66.2,66.2,66.2,66.2,68.0,68.0,68.0,69.8,69.8,69.8,69.8,69.8,69.8,69.8,69.8,69.8,68.0,68.0,68.0,68.0,68.0,68.0,68.0","66.2,66.2,66.2,66.2,66.2,68.0,68.0,68.0,69.8,69.8,69.8,69.8,69.8,69.8,69.8,69.8,69.8,68.0,68.0,68.0,68.0,68.0,68.0,68.0","64.4,64.4,64.4,64.4,64.4,64.4,64.4,64.4,64.4,64.4,64.4,64.4,64.4,64.4,64.4,64.4,64.4,64.4,64.4,64.4,64.4,64.4,64.4,64.4","64.4,64.4,64.4,64.4,64.4,64.4,64.4,64.4,64.4,64.4,64.4,64.4,64.4,64.4,64.4,64.4,64.4,64.4,64.4,64.4,64.4,64.4,64.4,64.4",none,0,0,Unadjusted,0,0,0,0,none,0,0,Unadjusted,0,0,0,False,0,0,0.67,60.0,,,,,,,,,,,,,
2020s_CAN_QC_Quebec-Lesage.Intl.AP.717140_CWEC2016.epw,True,-5,1,single-family detached,8,1.8,90,0,0,4,0,0,4,0,0,4,0,0,4,1698,2015,3,3,VentedAttic,gable,6:12,2,ConditionedBasement,8,1,9.25,0.37,0.3,0.37,0.3,WoodStud,24.5,42.6,solid concrete,17.0,interior,0,WoodFrame,5.3,5.3,none,medium,1.0,12.0,22.0,Right,ACH,50,1.0,unit exterior only,normal,18.25,False,False,False,False,Boiler,0.72,1.0,none,HSPF,0.0,SEER,0.0,ACCA,false,1.0,1.0,false,none,electricity,1.0,none,wood,mini-split,variable speed,False,0,0.0,False,none,False,,1.0,1.0,electricity,EnergyFactor,0.92,0.0,0,0,125,storage water heater,conditioned space,True,electricity,CombinedEnergyFactor,2.7,1.0,IntegratedModifiedEnergyFactor,0.95,387,0.1065,1.218,24,7.538462,3.5,True,1.0,True,electricity,False,1.0,True,RatedAnnualkWh,318,0.12,1.09,25,4,12,True,1139,False,0,0.0,True,935,0.342,True,0,0.0,0.0,0,0,0.0,0,0,0.0,1.0,5,20,"68.0,68.0,68.0,68.0,68.0,68.0,68.0,68.0,71.6,71.6,64.4,64.4,64.4,64.4,64.4,64.4,71.6,71.6,71.6,71.6,71.6,71.6,68.0,68.0","68.0,68.0,68.0,68.0,68.0,68.0,68.0,68.0,71.6,71.6,64.4,64.4,64.4,64.4,64.4,64.4,71.6,71.6,71.6,71.6,71.6,71.6,68.0,68.0","69.8,69.8,69.8,69.8,69.8,69.8,69.8,69.8,69.8,69.8,69.8,69.8,69.8,69.8,69.8,69.8,69.8,69.8,69.8,69.8,69.8,69.8,69.8,69.8","69.8,69.8,69.8,69.8,69.8,69.8,69.8,69.8,69.8,69.8,69.8,69.8,69.8,69.8,69.8,69.8,69.8,69.8,69.8,69.8,69.8,69.8,69.8,69.8",none,0,0,Unadjusted,0,0,0,0,none,0,0,Unadjusted,0,0,0,False,0,0,0.67,60.0,,,,,,,,,,,,,
2020s_CAN_QC_Montreal-McTavish.716120_CWEC2016.epw,True,-5,1,single-family detached,8,1.8,270,0,0,4,0,0,4,0,0,4,0,0,4,298,1995,3,2,VentedAttic,gable,6:12,1,UnventedCrawlspace,4,1,9.25,0.37,0.3,0.37,0.3,WoodStud,20.7,32.5,solid concrete,17.1,interior,0,WoodFrame,5.3,5.3,none,medium,0.75,12.0,12.0,Right,ACH,50,5.0,unit exterior only,normal,18.35,False,False,False,False,Furnace,0.8,1.0,none,HSPF,0.0,SEER,0.0,ACCA,false,1.0,1.0,false,none,electricity,1.0,none,natural gas,none,,False,0,0.0,False,none,False,,1.0,1.0,natural gas,EnergyFactor,0.59,0.76,0,0,125,storage water heater,conditioned space,True,electricity,CombinedEnergyFactor,2.7,1.0,IntegratedModifiedEnergyFactor,0.95,387,0.1065,1.218,24,7.538462,3.5,True,1.0,True,electricity,False,1.0,True,RatedAnnualkWh,318,0.12,1.09,25,4,12,True,433,False,0,0.0,True,935,0.342,True,0,0.0,0.0,0,0,0.0,0,0,0.0,1.0,5,20,"60.8,60.8,60.8,60.8,60.8,60.8,60.8,68.0,68.0,68.0,68.0,68.0,68.0,68.0,68.0,68.0,68.0,68.0,68.0,68.0,68.0,60.8,60.8,60.8","60.8,60.8,60.8,60.8,60.8,60.8,60.8,68.0,68.0,68.0,68.0,68.0,68.0,68.0,68.0,68.0,68.0,68.0,68.0,68.0,68.0,60.8,60.8,60.8","71.6,71.6,71.6,71.6,71.6,71.6,71.6,71.6,71.6,71.6,71.6,71.6,71.6,71.6,71.6,71.6,71.6,71.6,71.6,71.6,71.6,71.6,71.6,71.6","71.6,71.6,71.6,71.6,71.6,71.6,71.6,71.6,71.6,71.6,71.6,71.6,71.6,71.6,71.6,71.6,71.6,71.6,71.6,71.6,71.6,71.6,71.6,71.6",none,0,0,Unadjusted,0,0,0,0,none,0,0,Unadjusted,0,0,0,False,0,0,0.67,40.0,,,,,,,,,,,,,
2020s_CAN_QC_Montreal-McTavish.716120_CWEC2016.epw,True,-5,1,single-family detached,8,1.8,90,0,0,4,0,0,4,0,0,4,0,0,4,1698,1985,3,5,VentedAttic,gable,6:12,2,ConditionedBasement,8,1,9.25,0.49,0.56,0.37,0.3,WoodStud,20.7,32.5,solid concrete,17.1,interior,0,WoodFrame,5.3,5.3,none,medium,1.0,0.0,0.0,Right,ACH,50,3.0,unit exterior only,normal,18.35,False,False,False,False,none,0.0,1.0,air-to-air,HSPF,7.7,SEER,13.0,ACCA,false,1.0,1.0,false,integrated,electricity,1.0,none,electricity,none,,False,0,0.0,False,none,True,,0.3,1.0,electricity,EnergyFactor,0.92,0.0,0,0,125,storage water heater,conditioned space,True,electricity,CombinedEnergyFactor,2.7,1.0,IntegratedModifiedEnergyFactor,0.95,387,0.1065,1.218,24,7.538462,3.5,True,1.0,True,electricity,False,1.0,True,RatedAnnualkWh,318,0.12,1.09,25,4,12,True,383,False,0,0.0,True,935,0.342,True,0,0.0,0.0,0,0,0.0,0,0,0.0,1.0,5,20,"62.6,62.6,62.6,62.6,62.6,62.6,66.2,66.2,66.2,66.2,66.2,66.2,66.2,66.2,66.2,66.2,66.2,66.2,66.2,66.2,66.2,66.2,66.2,62.6","62.6,62.6,62.6,62.6,62.6,62.6,66.2,66.2,66.2,66.2,66.2,66.2,66.2,66.2,66.2,66.2,66.2,66.2,66.2,66.2,66.2,66.2,66.2,62.6","73.4,73.4,73.4,73.4,73.4,73.4,73.4,73.4,73.4,73.4,73.4,73.4,73.4,73.4,73.4,73.4,73.4,73.4,73.4,73.4,73.4,73.4,73.4,73.4","73.4,73.4,73.4,73.4,73.4,73.4,73.4,73.4,73.4,73.4,73.4,73.4,73.4,73.4,73.4,73.4,73.4,73.4,73.4,73.4,73.4,73.4,73.4,73.4",none,0,0,Unadjusted,0,0,0,0,none,0,0,Unadjusted,0,0,0,False,0,0,0.67,40.0,,,true,,single stage,,,,,,,,
2020s_CAN_QC_Quebec-Lesage.Intl.AP.717140_CWEC2016.epw,True,-5,1,single-family detached,8,1.8,90,0,0,4,0,0,4,0,0,4,0,0,4,2179,1965,3,2,VentedAttic,gable,6:12,2,UnventedCrawlspace,4,1,9.25,0.49,0.56,0.37,0.3,WoodStud,14.0,26.2,solid concrete,12.0,interior,0,WoodFrame,5.3,5.3,none,medium,1.0,12.0,22.0,Right,ACH,50,5.0,unit exterior only,normal,13.25,False,False,False,False,ElectricResistance,1.0,1.0,none,HSPF,0.0,SEER,0.0,ACCA,false,1.0,1.0,false,none,electricity,1.0,none,electricity,mini-split,variable speed,False,0,0.0,True,electric resistance,False,,1.0,1.0,electricity,EnergyFactor,0.92,0.0,0,0,125,storage water heater,conditioned space,True,electricity,CombinedEnergyFactor,2.7,1.0,IntegratedModifiedEnergyFactor,0.95,387,0.1065,1.218,24,7.538462,3.5,True,1.0,True,electricity,False,1.0,True,RatedAnnualkWh,290,0.12,1.09,23,4,12,True,383,False,0,0.0,True,935,0.342,True,0,0.0,0.75,0,0,0.75,0,0,0.75,1.0,5,20,"69.8,69.8,69.8,69.8,71.6,71.6,71.6,71.6,71.6,71.6,71.6,71.6,71.6,71.6,71.6,71.6,71.6,71.6,71.6,71.6,71.6,71.6,71.6,71.6","69.8,69.8,69.8,69.8,71.6,71.6,71.6,71.6,71.6,71.6,71.6,71.6,71.6,71.6,71.6,71.6,71.6,71.6,71.6,71.6,71.6,71.6,71.6,71.6","73.4,73.4,73.4,73.4,73.4,73.4,73.4,73.4,73.4,73.4,73.4,73.4,73.4,73.4,73.4,73.4,73.4,73.4,73.4,73.4,73.4,73.4,73.4,73.4","73.4,73.4,73.4,73.4,73.4,73.4,73.4,73.4,73.4,73.4,73.4,73.4,73.4,73.4,73.4,73.4,73.4,73.4,73.4,73.4,73.4,73.4,73.4,73.4",none,0,0,Unadjusted,0,0,0,0,none,0,0,Unadjusted,0,0,0,False,0,0,0.67,60.0,,,,,,,,,,,0.0,1055.2598741319443,
2020s_CAN_QC_Montreal-McTavish.716120_CWEC2016.epw,True,-5,1,single-family detached,8,1.8,225,0,0,4,0,0,4,0,0,4,0,0,4,1698,1995,3,5,VentedAttic,gable,6:12,2,UnventedCrawlspace,4,1,9.25,0.76,0.67,0.37,0.3,WoodStud,20.7,32.5,solid concrete,17.1,interior,0,WoodFrame,5.3,5.3,none,medium,1.0,12.0,22.0,Right,ACH,50,5.0,unit exterior only,normal,18.35,False,False,False,False,ElectricResistance,1.0,1.0,none,HSPF,0.0,SEER,0.0,ACCA,false,1.0,1.0,false,none,electricity,1.0,none,electricity,central air conditioner,single stage,False,0,0.0,False,none,True,,0.3,1.0,electricity,EnergyFactor,0.92,0.0,0,0,125,storage water heater,conditioned space,True,electricity,CombinedEnergyFactor,2.7,1.2,IntegratedModifiedEnergyFactor,0.95,387,0.1065,1.218,24,7.538462,3.5,True,1.2,True,electricity,False,1.2,True,RatedAnnualkWh,318,0.12,1.09,25,4,12,True,383,False,0,0.0,True,935,0.342,True,0,0.0,0.0,0,0,0.0,0,0,0.0,1.0,5,20,"64.4,64.4,64.4,64.4,64.4,64.4,64.4,69.8,69.8,69.8,64.4,64.4,64.4,64.4,64.4,64.4,64.4,64.4,69.8,69.8,69.8,64.4,64.4,64.4","64.4,64.4,64.4,64.4,64.4,64.4,64.4,69.8,69.8,69.8,64.4,64.4,64.4,64.4,64.4,64.4,64.4,64.4,69.8,69.8,69.8,64.4,64.4,64.4","64.4,64.4,64.4,64.4,64.4,64.4,64.4,64.4,64.4,64.4,64.4,64.4,64.4,64.4,64.4,64.4,64.4,64.4,64.4,64.4,64.4,64.4,64.4,64.4","64.4,64.4,64.4,64.4,64.4,64.4,64.4,64.4,64.4,64.4,64.4,64.4,64.4,64.4,64.4,64.4,64.4,64.4,64.4,64.4,64.4,64.4,64.4,64.4",none,0,0,Unadjusted,0,0,0,0,none,0,0,Unadjusted,0,0,0,False,0,0,0.67,40.0,,,,,,,,,,,,,
2020s_CAN_QC_Montreal-McTavish.716120_CWEC2016.epw,True,-5,1,single-family detached,8,1.8,0,0,0,4,0,0,4,0,0,4,0,0,4,1228,1975,4,4,VentedAttic,gable,6:12,3,ConditionedBasement,8,1,9.25,0.49,0.56,0.37,0.3,WoodStud,17.2,28.9,solid concrete,14.4,interior,0,WoodFrame,5.3,5.3,none,medium,1.0,12.0,22.0,Right,ACH,50,6.0,unit exterior only,normal,15.650000000000002,False,False,False,False,Boiler,0.72,1.0,none,HSPF,0.0,SEER,0.0,ACCA,false,1.0,1.0,false,none,electricity,1.0,none,wood,central air conditioner,single stage,True,1,,False,none,False,,1.0,1.0,electricity,EnergyFactor,0.92,0.0,0,0,125,storage water heater,conditioned space,True,electricity,CombinedEnergyFactor,2.7,0.8,IntegratedModifiedEnergyFactor,0.95,387,0.1065,1.218,24,7.538462,3.5,True,0.8,True,electricity,False,0.8,True,RatedAnnualkWh,318,0.12,1.09,25,4,12,True,748,False,0,0.0,True,935,0.342,True,0,0.0,0.0,0,0,0.0,0,0,0.0,1.0,5,20,"64.4,64.4,64.4,64.4,64.4,71.6,71.6,66.2,66.2,66.2,66.2,66.2,66.2,66.2,66.2,66.2,66.2,71.6,71.6,71.6,71.6,71.6,64.4,64.4","64.4,64.4,64.4,64.4,64.4,71.6,71.6,66.2,66.2,66.2,66.2,66.2,66.2,66.2,66.2,66.2,66.2,71.6,71.6,71.6,71.6,71.6,64.4,64.4","73.4,73.4,73.4,73.4,73.4,73.4,73.4,73.4,73.4,73.4,73.4,73.4,73.4,73.4,73.4,73.4,73.4,73.4,73.4,73.4,73.4,73.4,73.4,73.4","73.4,73.4,73.4,73.4,73.4,73.4,73.4,73.4,73.4,73.4,73.4,73.4,73.4,73.4,73.4,73.4,73.4,73.4,73.4,73.4,73.4,73.4,73.4,73.4",none,0,0,Unadjusted,0,0,0,0,none,0,0,Unadjusted,0,0,0,False,0,0,0.67,60.0,,,,,,,,,,,,,3274.0
2020s_CAN_QC_Montreal-McTavish.716120_CWEC2016.epw,True,-5,3,apartment unit,8,0.5556,0,0,0,4,0,0,4,0,0,4,0,0,4,3250,1995,5,3,VentedAttic,gable,6:12,1,SlabOnGrade,0,0,0.0,0.49,0.56,0.37,0.3,WoodStud,18.9,31.4,solid concrete,17.1,interior,0,WoodFrame,0.0,5.3,none,medium,0.5,0.0,0.0,Right,ACH,50,2.0,unit exterior only,normal,0.0,False,False,False,False,ElectricResistance,1.0,1.0,none,HSPF,0.0,SEER,0.0,ACCA,false,1.0,1.0,false,none,electricity,1.0,none,electricity,central air conditioner,single stage,False,0,0.0,False,none,False,,1.0,1.0,electricity,EnergyFactor,0.92,0.0,0,0,125,storage water heater,conditioned space,True,electricity,CombinedEnergyFactor,2.7,1.0,IntegratedModifiedEnergyFactor,0.95,387,0.1065,1.218,24,7.538462,3.5,True,1.0,True,electricity,False,1.0,False,RatedAnnualkWh,0,0.0,0.0,0,0,0,True,433,False,0,0.0,False,0,0.0,True,0,0.0,0.75,0,0,0.75,0,0,0.75,1.0,5,20,"60.8,60.8,60.8,60.8,60.8,60.8,60.8,60.8,64.4,64.4,64.4,64.4,64.4,64.4,64.4,64.4,64.4,64.4,64.4,64.4,64.4,64.4,64.4,60.8","60.8,60.8,60.8,60.8,60.8,60.8,60.8,60.8,64.4,64.4,64.4,64.4,64.4,64.4,64.4,64.4,64.4,64.4,64.4,64.4,64.4,64.4,64.4,60.8","75.2,75.2,75.2,75.2,75.2,75.2,75.2,75.2,75.2,75.2,75.2,75.2,75.2,75.2,75.2,75.2,75.2,75.2,75.2,75.2,75.2,75.2,75.2,75.2","75.2,75.2,75.2,75.2,75.2,75.2,75.2,75.2,75.2,75.2,75.2,75.2,75.2,75.2,75.2,75.2,75.2,75.2,75.2,75.2,75.2,75.2,75.2,75.2",none,0,0,Unadjusted,0,0,0,0,none,0,0,Unadjusted,0,0,0,False,0,0,0.67,60.0,10.0,1.0,,,,,,,,,,,
2020s_CAN_QC_Montreal-McTavish.716120_CWEC2016.epw,True,-5,326,apartment unit,8,0.5556,270,0,0,4,0,0,4,0,0,4,0,0,4,750,2005,2,1,VentedAttic,gable,6:12,1,SlabOnGrade,0,0,0.0,0.76,0.67,0.37,0.3,WoodStud,18.9,31.4,solid concrete,17.1,interior,0,WoodFrame,0.0,5.3,none,medium,0.5,0.0,0.0,Right,ACH,50,0.5640335121211141,unit exterior only,normal,0.0,True,True,True,False,Boiler,0.8,1.0,none,HSPF,0.0,SEER,0.0,ACCA,false,1.0,1.0,false,none,electricity,1.0,none,natural gas,central air conditioner,single stage,False,0,0.0,False,none,False,,1.0,1.0,electricity,EnergyFactor,0.92,0.0,0,0,125,storage water heater,conditioned space,True,electricity,CombinedEnergyFactor,2.7,0.8,IntegratedModifiedEnergyFactor,0.95,387,0.1065,1.218,24,7.538462,3.5,True,0.8,True,electricity,False,0.8,True,RatedAnnualkWh,318,0.12,1.09,25,4,12,True,348,False,0,0.0,False,0,0.0,True,0,0.0,0.75,0,0,0.75,0,0,0.75,1.0,5,20,"59.0,59.0,59.0,59.0,59.0,59.0,59.0,62.6,62.6,62.6,62.6,62.6,62.6,62.6,62.6,62.6,62.6,62.6,62.6,62.6,62.6,62.6,59.0,59.0","59.0,59.0,59.0,59.0,59.0,59.0,59.0,62.6,62.6,62.6,62.6,62.6,62.6,62.6,62.6,62.6,62.6,62.6,62.6,62.6,62.6,62.6,59.0,59.0","68.0,68.0,68.0,68.0,68.0,68.0,68.0,68.0,68.0,68.0,68.0,68.0,68.0,68.0,68.0,68.0,68.0,68.0,68.0,68.0,68.0,68.0,68.0,68.0","68.0,68.0,68.0,68.0,68.0,68.0,68.0,68.0,68.0,68.0,68.0,68.0,68.0,68.0,68.0,68.0,68.0,68.0,68.0,68.0,68.0,68.0,68.0,68.0",none,0,0,Unadjusted,0,0,0,0,none,0,0,Unadjusted,0,0,0,False,0,0,0.67,60.0,,,,,,,,,,,,,
2020s_CAN_QC_Quebec-Lesage.Intl.AP.717140_CWEC2016.epw,True,-5,2,apartment unit,8,0.5556,0,0,0,4,0,0,4,0,0,4,0,0,4,750,2005,3,3,VentedAttic,gable,6:12,1,SlabOnGrade,0,0,0.0,0.49,0.56,0.37,0.3,WoodStud,18.9,31.4,solid concrete,17.1,interior,0,WoodFrame,0.0,5.3,none,medium,0.5,0.0,0.0,Right,ACH,50,4.0,unit exterior only,normal,0.0,False,False,False,False,WallFurnace,1.0,1.0,none,HSPF,0.0,SEER,0.0,ACCA,false,1.0,1.0,false,none,electricity,1.0,none,electricity,none,,False,0,0.0,False,none,False,,1.0,1.0,electricity,EnergyFactor,0.92,0.0,0,0,125,storage water heater,conditioned space,True,electricity,CombinedEnergyFactor,2.7,0.8,IntegratedModifiedEnergyFactor,0.95,387,0.1065,1.218,24,7.538462,3.5,True,0.8,True,electricity,False,0.8,False,RatedAnnualkWh,0,0.0,0.0,0,0,0,True,748,False,0,0.0,True,935,0.342,True,0,0.0,0.37,0,0,0.37,0,0,0.37,1.0,5,20,"68.0,68.0,68.0,68.0,68.0,71.6,71.6,71.6,71.6,71.6,71.6,71.6,71.6,71.6,71.6,71.6,71.6,71.6,71.6,71.6,71.6,71.6,71.6,71.6","68.0,68.0,68.0,68.0,68.0,71.6,71.6,71.6,71.6,71.6,71.6,71.6,71.6,71.6,71.6,71.6,71.6,71.6,71.6,71.6,71.6,71.6,71.6,71.6","73.4,73.4,73.4,73.4,73.4,73.4,73.4,73.4,73.4,73.4,73.4,73.4,73.4,73.4,73.4,73.4,73.4,73.4,73.4,73.4,73.4,73.4,73.4,73.4","73.4,73.4,73.4,73.4,73.4,73.4,73.4,73.4,73.4,73.4,73.4,73.4,73.4,73.4,73.4,73.4,73.4,73.4,73.4,73.4,73.4,73.4,73.4,73.4",none,0,0,Unadjusted,0,0,0,0,none,0,0,Unadjusted,0,0,0,False,0,0,0.67,40.0,10.0,1.0,,,,,,,,,,,
2020s_CAN_QC_Montreal-McTavish.716120_CWEC2016.epw,True,-5,1,single-family detached,8,1.8,45,0,0,4,0,0,4,0,0,4,0,0,4,2179,1985,4,2,VentedAttic,gable,6:12,2,ConditionedBasement,8,1,9.25,0.49,0.56,0.37,0.3,WoodStud,20.7,32.5,solid concrete,17.1,interior,0,WoodFrame,5.3,5.3,none,medium,1.0,12.0,22.0,Right,ACH,50,6.0,unit exterior only,normal,18.35,False,False,False,False,none,0.0,1.0,air-to-air,HSPF,8.5,SEER,15.0,ACCA,false,1.0,1.0,false,integrated,electricity,1.0,none,electricity,none,,False,0,0.0,False,none,False,,1.0,1.0,electricity,EnergyFactor,0.92,0.0,0,0,125,storage water heater,conditioned space,True,electricity,CombinedEnergyFactor,2.7,1.0,IntegratedModifiedEnergyFactor,0.95,387,0.1065,1.218,24,7.538462,3.5,True,1.0,True,electricity,False,1.0,True,RatedAnnualkWh,318,0.12,1.09,25,4,12,True,748,False,0,0.0,True,935,0.342,True,0,0.0,0.75,0,0,0.75,0,0,0.75,1.0,5,20,"68.0,68.0,68.0,68.0,68.0,68.0,68.0,68.0,68.0,69.8,69.8,69.8,69.8,69.8,69.8,69.8,69.8,69.8,68.0,68.0,68.0,68.0,68.0,68.0","68.0,68.0,68.0,68.0,68.0,68.0,68.0,68.0,68.0,69.8,69.8,69.8,69.8,69.8,69.8,69.8,69.8,69.8,68.0,68.0,68.0,68.0,68.0,68.0","71.6,71.6,71.6,71.6,71.6,71.6,71.6,71.6,71.6,71.6,71.6,71.6,71.6,71.6,71.6,71.6,71.6,71.6,71.6,71.6,71.6,71.6,71.6,71.6","71.6,71.6,71.6,71.6,71.6,71.6,71.6,71.6,71.6,71.6,71.6,71.6,71.6,71.6,71.6,71.6,71.6,71.6,71.6,71.6,71.6,71.6,71.6,71.6",none,0,0,Unadjusted,0,0,0,0,none,0,0,Unadjusted,0,0,0,False,0,0,0.67,40.0,,,true,,single stage,,,,,,,,
2020s_CAN_QC_Quebec-Lesage.Intl.AP.717140_CWEC2016.epw,True,-5,1,single-family detached,8,1.8,270,0,0,4,0,0,4,0,0,4,0,0,4,1698,1995,5,4,VentedAttic,gable,6:12,2,ConditionedBasement,8,1,9.25,0.37,0.3,0.37,0.3,WoodStud,20.7,32.5,solid concrete,17.1,interior,0,WoodFrame,5.3,5.3,none,medium,1.0,12.0,22.0,Right,ACH,50,5.0,unit exterior only,normal,18.35,False,False,False,False,ElectricResistance,1.0,1.0,none,HSPF,0.0,SEER,0.0,ACCA,false,1.0,1.0,false,none,electricity,1.0,none,electricity,mini-split,variable speed,False,0,0.0,False,none,True,,1.0,0.45,electricity,EnergyFactor,0.99,0.0,0,0,125,instantaneous water heater,conditioned space,True,electricity,CombinedEnergyFactor,2.7,1.0,IntegratedModifiedEnergyFactor,0.95,387,0.1065,1.218,24,7.538462,3.5,True,1.0,True,electricity,False,1.0,True,RatedAnnualkWh,318,0.12,1.09,25,4,12,True,1139,False,0,0.0,True,935,0.342,True,0,0.0,0.75,0,0,0.75,0,0,0.75,1.0,5,20,"64.4,64.4,64.4,64.4,64.4,69.8,69.8,69.8,69.8,69.8,69.8,69.8,69.8,69.8,69.8,69.8,69.8,69.8,69.8,69.8,69.8,69.8,64.4,64.4","64.4,64.4,64.4,64.4,64.4,69.8,69.8,69.8,69.8,69.8,69.8,69.8,69.8,69.8,69.8,69.8,69.8,69.8,69.8,69.8,69.8,69.8,64.4,64.4","71.6,71.6,71.6,71.6,71.6,71.6,71.6,71.6,71.6,71.6,71.6,71.6,71.6,71.6,71.6,71.6,71.6,71.6,71.6,71.6,71.6,71.6,71.6,71.6","71.6,71.6,71.6,71.6,71.6,71.6,71.6,71.6,71.6,71.6,71.6,71.6,71.6,71.6,71.6,71.6,71.6,71.6,71.6,71.6,71.6,71.6,71.6,71.6",none,0,0,Unadjusted,0,0,0,0,none,0,0,Unadjusted,0,0,0,False,0,0,0.67,,,,,,,,,,,,,,
2020s_CAN_QC_Montreal-McTavish.716120_CWEC2016.epw,True,-5,1,single-family detached,8,1.8,135,0,0,4,0,0,4,0,0,4,0,0,4,2678,2005,4,2,VentedAttic,gable,6:12,3,ConditionedBasement,8,1,9.25,0.76,0.67,0.37,0.3,WoodStud,20.7,32.5,solid concrete,17.1,interior,0,WoodFrame,5.3,5.3,none,medium,1.0,0.0,0.0,Right,ACH,50,5.0,unit exterior only,normal,18.35,False,False,False,False,none,0.0,1.0,mini-split,HSPF,14.0,SEER,29.3,ACCA,false,1.0,1.0,false,integrated,electricity,1.0,none,electricity,none,,False,0,0.0,False,none,False,,1.0,1.0,electricity,EnergyFactor,0.92,0.0,0,0,125,storage water heater,conditioned space,True,electricity,CombinedEnergyFactor,2.7,0.8,IntegratedModifiedEnergyFactor,0.95,387,0.1065,1.218,24,7.538462,3.5,True,0.8,True,electricity,False,0.8,False,RatedAnnualkWh,0,0.0,0.0,0,0,0,True,383,False,0,0.0,True,935,0.342,True,0,0.0,0.75,0,0,0.75,0,0,0.75,1.0,5,20,"62.6,62.6,62.6,62.6,62.6,62.6,68.0,68.0,68.0,68.0,68.0,68.0,68.0,68.0,68.0,68.0,68.0,68.0,68.0,68.0,68.0,68.0,68.0,68.0","62.6,62.6,62.6,62.6,62.6,62.6,68.0,68.0,68.0,68.0,68.0,68.0,68.0,68.0,68.0,68.0,68.0,68.0,68.0,68.0,68.0,68.0,68.0,68.0","68.0,68.0,68.0,68.0,68.0,68.0,68.0,68.0,68.0,68.0,68.0,68.0,68.0,68.0,68.0,68.0,68.0,68.0,68.0,68.0,68.0,68.0,68.0,68.0","68.0,68.0,68.0,68.0,68.0,68.0,68.0,68.0,68.0,68.0,68.0,68.0,68.0,68.0,68.0,68.0,68.0,68.0,68.0,68.0,68.0,68.0,68.0,68.0",none,0,0,Unadjusted,0,0,0,0,none,0,0,Unadjusted,0,0,0,False,0,0,0.67,40.0,,,false,,variable speed,0.5,-15.0,,,,,,
2020s_CAN_QC_Montreal-McTavish.716120_CWEC2016.epw,True,-5,1,single-family detached,8,1.8,45,0,0,4,0,0,4,0,0,4,0,0,4,2179,1985,4,1,VentedAttic,gable,6:12,3,ConditionedBasement,8,1,9.25,0.49,0.56,0.37,0.3,WoodStud,20.7,32.5,solid concrete,17.1,interior,0,WoodFrame,5.3,5.3,none,medium,1.0,0.0,0.0,Right,ACH,50,5.0,unit exterior only,normal,18.35,False,False,False,False,ElectricResistance,1.0,1.0,none,HSPF,0.0,SEER,0.0,ACCA,false,1.0,1.0,false,none,electricity,1.0,none,electricity,central air conditioner,single stage,False,0,0.0,False,none,False,,1.0,1.0,electricity,EnergyFactor,0.92,0.0,0,0,125,storage water heater,conditioned space,True,electricity,CombinedEnergyFactor,2.7,0.8,IntegratedModifiedEnergyFactor,0.95,387,0.1065,1.218,24,7.538462,3.5,True,0.8,True,electricity,False,0.8,True,RatedAnnualkWh,318,0.12,1.09,25,4,12,True,383,False,0,0.0,False,0,0.0,True,0,0.0,0.75,0,0,0.75,0,0,0.75,1.0,5,20,"62.6,62.6,62.6,62.6,62.6,62.6,62.6,71.6,71.6,71.6,68.0,68.0,68.0,68.0,68.0,68.0,68.0,68.0,71.6,71.6,71.6,71.6,71.6,62.6","62.6,62.6,62.6,62.6,62.6,62.6,62.6,71.6,71.6,71.6,68.0,68.0,68.0,68.0,68.0,68.0,68.0,68.0,71.6,71.6,71.6,71.6,71.6,62.6","64.4,64.4,64.4,64.4,64.4,64.4,64.4,64.4,64.4,64.4,64.4,64.4,64.4,64.4,64.4,64.4,64.4,64.4,64.4,64.4,64.4,64.4,64.4,64.4","64.4,64.4,64.4,64.4,64.4,64.4,64.4,64.4,64.4,64.4,64.4,64.4,64.4,64.4,64.4,64.4,64.4,64.4,64.4,64.4,64.4,64.4,64.4,64.4",none,0,0,Unadjusted,0,0,0,0,none,0,0,Unadjusted,0,0,0,False,0,0,0.67,60.0,,,,,,,,,,,,,
2020s_CAN_QC_Montreal-McTavish.716120_CWEC2016.epw,True,-5,1,single-family detached,8,1.8,90,0,0,4,0,0,4,0,0,4,0,0,4,1228,1975,3,2,VentedAttic,gable,6:12,2,UnconditionedBasement,8,1,9.25,0.37,0.3,0.37,0.3,WoodStud,17.2,28.9,solid concrete,14.4,interior,0,WoodFrame,5.3,5.3,none,medium,1.0,0.0,0.0,Right,ACH,50,5.0,unit exterior only,normal,15.650000000000002,False,False,False,False,Boiler,0.72,1.0,none,HSPF,0.0,SEER,0.0,ACCA,false,1.0,1.0,false,none,electricity,1.0,none,wood,none,,False,0,0.0,False,none,False,,1.0,1.0,electricity,EnergyFactor,0.92,0.0,0,0,125,storage water heater,conditioned space,True,electricity,CombinedEnergyFactor,2.7,0.8,IntegratedModifiedEnergyFactor,0.95,387,0.1065,1.218,24,7.538462,3.5,True,0.8,True,electricity,False,0.8,True,RatedAnnualkWh,290,0.12,1.09,23,4,12,True,1139,False,0,0.0,True,935,0.342,True,0,0.0,0.37,0,0,0.37,0,0,0.37,1.0,5,20,"69.8,69.8,69.8,69.8,69.8,69.8,69.8,69.8,73.4,73.4,73.4,73.4,73.4,73.4,73.4,73.4,73.4,73.4,73.4,73.4,73.4,73.4,73.4,69.8","69.8,69.8,69.8,69.8,69.8,69.8,69.8,69.8,73.4,73.4,73.4,73.4,73.4,73.4,73.4,73.4,73.4,73.4,73.4,73.4,73.4,73.4,73.4,69.8","64.4,64.4,64.4,64.4,64.4,64.4,64.4,64.4,64.4,64.4,64.4,64.4,64.4,64.4,64.4,64.4,64.4,64.4,64.4,64.4,64.4,64.4,64.4,64.4","64.4,64.4,64.4,64.4,64.4,64.4,64.4,64.4,64.4,64.4,64.4,64.4,64.4,64.4,64.4,64.4,64.4,64.4,64.4,64.4,64.4,64.4,64.4,64.4",none,0,0,Unadjusted,0,0,0,0,none,0,0,Unadjusted,0,0,0,False,0,0,0.67,60.0,,,,,,,,,,,,,
2020s_CAN_QC_Montreal-McTavish.716120_CWEC2016.epw,True,-5,1,single-family detached,8,1.8,90,0,0,4,0,0,4,0,0,4,0,0,4,1698,1965,3,2,VentedAttic,gable,6:12,1,SlabOnGrade,0,0,0.0,0.26,0.31,0.37,0.3,WoodStud,14.0,26.2,solid concrete,12.0,interior,0,WoodFrame,0.0,5.3,none,medium,0.5,20.0,12.0,Right,ACH,50,10.0,unit exterior only,normal,0.0,False,False,False,False,ElectricResistance,1.0,1.0,none,HSPF,0.0,SEER,0.0,ACCA,false,1.0,1.0,false,none,electricity,1.0,none,electricity,none,,False,0,0.0,False,none,False,,1.0,1.0,electricity,EnergyFactor,0.92,0.0,0,0,125,storage water heater,conditioned space,True,electricity,CombinedEnergyFactor,2.7,1.2,IntegratedModifiedEnergyFactor,0.95,387,0.1065,1.218,24,7.538462,3.5,True,1.2,True,electricity,False,1.2,False,RatedAnnualkWh,0,0.0,0.0,0,0,0,True,480,True,1139,1.0,True,935,0.342,True,0,0.0,0.75,0,0,0.75,0,0,0.75,1.0,5,20,"66.2,66.2,66.2,66.2,66.2,71.6,71.6,71.6,71.6,71.6,71.6,71.6,71.6,71.6,71.6,71.6,71.6,71.6,71.6,71.6,71.6,71.6,71.6,71.6","66.2,66.2,66.2,66.2,66.2,71.6,71.6,71.6,71.6,71.6,71.6,71.6,71.6,71.6,71.6,71.6,71.6,71.6,71.6,71.6,71.6,71.6,71.6,71.6","71.6,71.6,71.6,71.6,71.6,71.6,71.6,71.6,71.6,71.6,71.6,71.6,71.6,71.6,71.6,71.6,71.6,71.6,71.6,71.6,71.6,71.6,71.6,71.6","71.6,71.6,71.6,71.6,71.6,71.6,71.6,71.6,71.6,71.6,71.6,71.6,71.6,71.6,71.6,71.6,71.6,71.6,71.6,71.6,71.6,71.6,71.6,71.6",none,0,0,Unadjusted,0,0,0,0,none,0,0,Unadjusted,0,0,0,False,0,0,0.67,60.0,,,,,,,,,,,,,
2020s_CAN_QC_Montreal-McTavish.716120_CWEC2016.epw,True,-5,2,apartment unit,8,0.5556,135,0,0,4,0,0,4,0,0,4,0,0,4,1682,1955,3,2,VentedAttic,gable,6:12,1,SlabOnGrade,0,0,0.0,0.49,0.56,0.37,0.3,WoodStud,12.6,19.9,solid concrete,12.0,interior,0,WoodFrame,0.0,5.3,none,medium,0.5,0.0,0.0,Right,ACH,50,4.0,unit exterior only,normal,0.0,False,False,False,False,ElectricResistance,1.0,1.0,none,HSPF,0.0,SEER,0.0,ACCA,false,1.0,1.0,false,none,electricity,1.0,none,electricity,none,,False,0,0.0,False,none,False,,1.0,1.0,electricity,EnergyFactor,0.92,0.0,0,0,125,storage water heater,conditioned space,True,electricity,CombinedEnergyFactor,2.7,0.8,IntegratedModifiedEnergyFactor,0.95,387,0.1065,1.218,24,7.538462,3.5,True,0.8,True,electricity,False,0.8,False,RatedAnnualkWh,0,0.0,0.0,0,0,0,True,348,False,0,0.0,False,0,0.0,True,0,0.0,0.75,0,0,0.75,0,0,0.75,1.0,5,20,"64.4,64.4,64.4,64.4,64.4,68.0,68.0,68.0,68.0,68.0,68.0,68.0,68.0,68.0,68.0,68.0,68.0,68.0,68.0,68.0,68.0,64.4,64.4,64.4","64.4,64.4,64.4,64.4,64.4,68.0,68.0,68.0,68.0,68.0,68.0,68.0,68.0,68.0,68.0,68.0,68.0,68.0,68.0,68.0,68.0,64.4,64.4,64.4","68.0,68.0,68.0,68.0,68.0,68.0,68.0,68.0,68.0,68.0,68.0,68.0,68.0,68.0,68.0,68.0,68.0,68.0,68.0,68.0,68.0,68.0,68.0,68.0","68.0,68.0,68.0,68.0,68.0,68.0,68.0,68.0,68.0,68.0,68.0,68.0,68.0,68.0,68.0,68.0,68.0,68.0,68.0,68.0,68.0,68.0,68.0,68.0",none,0,0,Unadjusted,0,0,0,0,none,0,0,Unadjusted,0,0,0,False,0,0,0.67,,10.0,1.0,,,,,,,,,,,
2020s_CAN_QC_Montreal-McTavish.716120_CWEC2016.epw,True,-5,2,apartment unit,8,0.5556,90,0,0,4,0,0,4,0,0,4,0,0,4,1138,1940,3,2,VentedAttic,gable,6:12,1,SlabOnGrade,0,0,0.0,0.29,0.26,0.37,0.3,WoodStud,12.2,14.1,solid concrete,10.1,interior,0,WoodFrame,0.0,5.3,none,medium,0.5,0.0,0.0,Right,ACH,50,8.0,unit exterior only,normal,0.0,False,False,False,False,none,0.0,1.0,air-to-air,HSPF,7.7,SEER,13.0,ACCA,false,1.0,1.0,false,integrated,electricity,1.0,none,electricity,none,,False,0,0.0,False,none,False,,1.0,1.0,electricity,EnergyFactor,0.92,0.0,0,0,125,storage water heater,conditioned space,True,electricity,CombinedEnergyFactor,2.7,1.2,IntegratedModifiedEnergyFactor,0.95,387,0.1065,1.218,24,7.538462,3.5,True,1.2,True,electricity,False,1.2,True,RatedAnnualkWh,318,0.12,1.09,25,4,12,True,727,False,0,0.0,True,935,0.342,True,0,0.0,0.37,0,0,0.37,0,0,0.37,1.0,5,20,"62.6,62.6,62.6,62.6,62.6,62.6,68.0,68.0,68.0,68.0,68.0,68.0,68.0,68.0,68.0,68.0,68.0,68.0,68.0,68.0,68.0,68.0,68.0,68.0","62.6,62.6,62.6,62.6,62.6,62.6,68.0,68.0,68.0,68.0,68.0,68.0,68.0,68.0,68.0,68.0,68.0,68.0,68.0,68.0,68.0,68.0,68.0,68.0","73.4,73.4,73.4,73.4,73.4,73.4,73.4,73.4,73.4,73.4,73.4,73.4,73.4,73.4,73.4,73.4,73.4,73.4,73.4,73.4,73.4,73.4,73.4,73.4","73.4,73.4,73.4,73.4,73.4,73.4,73.4,73.4,73.4,73.4,73.4,73.4,73.4,73.4,73.4,73.4,73.4,73.4,73.4,73.4,73.4,73.4,73.4,73.4",none,0,0,Unadjusted,0,0,0,0,none,0,0,Unadjusted,0,0,0,False,0,0,0.67,40.0,10.0,1.0,true,,single stage,,,,,,,,
2020s_CAN_QC_Montreal-McTavish.716120_CWEC2016.epw,True,-5,1,single-family detached,8,1.8,45,0,0,4,0,0,4,0,0,4,0,0,4,1698,2005,3,3,VentedAttic,gable,6:12,2,ConditionedBasement,8,1,9.25,0.49,0.56,0.37,0.3,WoodStud,20.7,32.5,solid concrete,17.1,interior,0,WoodFrame,5.3,5.3,none,medium,1.0,0.0,0.0,Right,ACH,50,5.0,unit exterior only,normal,18.35,False,False,False,False,Boiler,0.72,1.0,none,HSPF,0.0,SEER,0.0,ACCA,false,1.0,1.0,false,none,electricity,1.0,none,wood,none,,False,0,0.0,False,none,True,,1.0,1.0,electricity,EnergyFactor,0.92,0.0,0,0,125,storage water heater,conditioned space,True,electricity,CombinedEnergyFactor,2.7,1.0,IntegratedModifiedEnergyFactor,0.95,387,0.1065,1.218,24,7.538462,3.5,True,1.0,True,electricity,False,1.0,True,RatedAnnualkWh,290,0.12,1.09,23,4,12,True,348,False,0,0.0,True,935,0.342,True,0,0.0,0.12,0,0,0.12,0,0,0.12,1.0,5,20,"73.4,73.4,73.4,73.4,73.4,73.4,73.4,73.4,73.4,73.4,73.4,73.4,73.4,73.4,73.4,73.4,73.4,73.4,73.4,73.4,73.4,73.4,73.4,73.4","73.4,73.4,73.4,73.4,73.4,73.4,73.4,73.4,73.4,73.4,73.4,73.4,73.4,73.4,73.4,73.4,73.4,73.4,73.4,73.4,73.4,73.4,73.4,73.4","66.2,66.2,66.2,66.2,66.2,66.2,66.2,66.2,66.2,66.2,66.2,66.2,66.2,66.2,66.2,66.2,66.2,66.2,66.2,66.2,66.2,66.2,66.2,66.2","66.2,66.2,66.2,66.2,66.2,66.2,66.2,66.2,66.2,66.2,66.2,66.2,66.2,66.2,66.2,66.2,66.2,66.2,66.2,66.2,66.2,66.2,66.2,66.2",none,0,0,Unadjusted,0,0,0,0,none,0,0,Unadjusted,0,0,0,False,0,0,0.67,40.0,,,,,,,,,,,,,
2020s_CAN_QC_Montreal-McTavish.716120_CWEC2016.epw,True,-5,1,single-family detached,8,1.8,225,0,0,4,0,0,4,0,0,4,0,0,4,750,2015,2,2,VentedAttic,gable,6:12,3,ConditionedBasement,8,1,9.25,0.37,0.3,0.37,0.3,WoodStud,24.5,42.6,solid concrete,17.0,interior,0,WoodFrame,5.3,5.3,none,medium,1.0,7.654655446197431,13.778379803155378,Right,ACH,50,2.0,unit exterior only,normal,18.25,False,False,False,False,ElectricResistance,1.0,1.0,none,HSPF,0.0,SEER,0.0,ACCA,false,1.0,1.0,false,none,electricity,1.0,none,electricity,none,,False,0,0.0,False,none,False,,1.0,1.0,electricity,EnergyFactor,0.92,0.0,0,0,125,storage water heater,conditioned space,True,electricity,CombinedEnergyFactor,2.7,1.0,IntegratedModifiedEnergyFactor,0.95,387,0.1065,1.218,24,7.538462,3.5,True,1.0,True,electricity,False,1.0,False,RatedAnnualkWh,0,0.0,0.0,0,0,0,True,748,False,0,0.0,True,935,0.342,True,0,0.0,0.75,0,0,0.75,0,0,0.75,1.0,5,20,"69.8,69.8,69.8,69.8,69.8,69.8,69.8,69.8,69.8,69.8,69.8,69.8,69.8,69.8,69.8,69.8,69.8,69.8,69.8,69.8,69.8,69.8,69.8,69.8","69.8,69.8,69.8,69.8,69.8,69.8,69.8,69.8,69.8,69.8,69.8,69.8,69.8,69.8,69.8,69.8,69.8,69.8,69.8,69.8,69.8,69.8,69.8,69.8","69.8,69.8,69.8,69.8,69.8,69.8,69.8,69.8,69.8,69.8,69.8,69.8,69.8,69.8,69.8,69.8,69.8,69.8,69.8,69.8,69.8,69.8,69.8,69.8","69.8,69.8,69.8,69.8,69.8,69.8,69.8,69.8,69.8,69.8,69.8,69.8,69.8,69.8,69.8,69.8,69.8,69.8,69.8,69.8,69.8,69.8,69.8,69.8",none,0,0,Unadjusted,0,0,0,0,none,0,0,Unadjusted,0,0,0,False,0,0,0.67,70.0,,,,,,,,,,,,,
2020s_CAN_QC_Quebec-Lesage.Intl.AP.717140_CWEC2016.epw,True,-5,116,apartment unit,8,0.5556,90,0,0,4,0,0,4,0,0,4,0,0,4,1138,1985,2,2,VentedAttic,gable,6:12,1,SlabOnGrade,0,0,0.0,0.49,0.56,0.37,0.3,WoodStud,18.9,31.4,solid concrete,17.1,interior,0,WoodFrame,0.0,5.3,none,medium,0.5,0.0,0.0,Right,ACH,50,2.213819540814223,unit exterior only,normal,0.0,True,True,True,False,ElectricResistance,1.0,1.0,none,HSPF,0.0,SEER,0.0,ACCA,false,1.0,1.0,false,none,electricity,1.0,none,electricity,central air conditioner,single stage,False,0,0.0,False,none,False,,1.0,1.0,electricity,EnergyFactor,0.92,0.0,0,0,125,storage water heater,conditioned space,False,natural gas,CombinedEnergyFactor,2.7,1.2,IntegratedModifiedEnergyFactor,0.95,387,0.1065,1.218,24,7.538462,3.5,True,1.2,False,natural gas,False,1.2,False,RatedAnnualkWh,0,0.0,0.0,0,0,0,True,480,False,0,0.0,True,935,0.342,True,0,0.0,0.75,0,0,0.75,0,0,0.75,1.0,5,20,"64.4,64.4,64.4,64.4,64.4,64.4,69.8,69.8,69.8,69.8,69.8,69.8,69.8,69.8,69.8,69.8,69.8,69.8,69.8,69.8,69.8,69.8,69.8,64.4","64.4,64.4,64.4,64.4,64.4,64.4,69.8,69.8,69.8,69.8,69.8,69.8,69.8,69.8,69.8,69.8,69.8,69.8,69.8,69.8,69.8,69.8,69.8,64.4","68.0,68.0,68.0,68.0,68.0,68.0,68.0,68.0,68.0,68.0,68.0,68.0,68.0,68.0,68.0,68.0,68.0,68.0,68.0,68.0,68.0,68.0,68.0,68.0","68.0,68.0,68.0,68.0,68.0,68.0,68.0,68.0,68.0,68.0,68.0,68.0,68.0,68.0,68.0,68.0,68.0,68.0,68.0,68.0,68.0,68.0,68.0,68.0",none,0,0,Unadjusted,0,0,0,0,none,0,0,Unadjusted,0,0,0,False,0,0,0.67,,,,,,,,,,,,,,
2020s_CAN_QC_Montreal-McTavish.716120_CWEC2016.epw,True,-5,2,apartment unit,8,0.5556,315,0,0,4,0,0,4,0,0,4,0,0,4,1138,2005,3,1,VentedAttic,gable,6:12,1,SlabOnGrade,0,0,0.0,0.49,0.56,0.37,0.3,WoodStud,18.9,31.4,solid concrete,17.1,interior,0,WoodFrame,0.0,5.3,none,medium,0.5,0.0,0.0,Right,ACH,50,4.0,unit exterior only,normal,0.0,False,False,False,False,ElectricResistance,1.0,1.0,none,HSPF,0.0,SEER,0.0,ACCA,false,1.0,1.0,false,none,electricity,1.0,none,electricity,mini-split,variable speed,False,0,0.0,False,none,False,,1.0,1.0,electricity,EnergyFactor,0.92,0.0,0,0,125,storage water heater,conditioned space,True,electricity,CombinedEnergyFactor,2.7,0.8,IntegratedModifiedEnergyFactor,0.95,387,0.1065,1.218,24,7.538462,3.5,True,0.8,True,electricity,False,0.8,False,RatedAnnualkWh,0,0.0,0.0,0,0,0,True,433,False,0,0.0,True,935,0.342,True,0,0.0,0.12,0,0,0.12,0,0,0.12,1.0,5,20,"66.2,66.2,66.2,66.2,71.6,71.6,71.6,69.8,69.8,69.8,69.8,69.8,69.8,69.8,69.8,69.8,69.8,71.6,71.6,71.6,71.6,71.6,71.6,71.6","66.2,66.2,66.2,66.2,71.6,71.6,71.6,69.8,69.8,69.8,69.8,69.8,69.8,69.8,69.8,69.8,69.8,71.6,71.6,71.6,71.6,71.6,71.6,71.6","71.6,71.6,71.6,71.6,71.6,71.6,71.6,71.6,71.6,71.6,71.6,71.6,71.6,71.6,71.6,71.6,71.6,71.6,71.6,71.6,71.6,71.6,71.6,71.6","71.6,71.6,71.6,71.6,71.6,71.6,71.6,71.6,71.6,71.6,71.6,71.6,71.6,71.6,71.6,71.6,71.6,71.6,71.6,71.6,71.6,71.6,71.6,71.6",none,0,0,Unadjusted,0,0,0,0,none,0,0,Unadjusted,0,0,0,False,0,0,0.67,,10.0,1.0,,,,,,,,,,,
2020s_CAN_QC_Montreal-McTavish.716120_CWEC2016.epw,True,-5,1,single-family detached,8,1.8,270,0,0,4,0,0,4,0,0,4,0,0,4,750,1965,3,3,VentedAttic,gable,6:12,3,ConditionedBasement,8,1,9.25,0.49,0.56,0.37,0.3,WoodStud,14.0,26.2,solid concrete,12.0,interior,0,WoodFrame,5.3,5.3,none,medium,1.0,0.0,0.0,Right,ACH,50,7.0,unit exterior only,normal,13.25,False,False,False,False,ElectricResistance,1.0,1.0,none,HSPF,0.0,SEER,0.0,ACCA,false,1.0,1.0,false,none,electricity,1.0,none,electricity,central air conditioner,single stage,False,0,0.0,False,none,True,,1.0,1.0,electricity,EnergyFactor,0.92,0.0,0,0,125,storage water heater,conditioned space,True,electricity,CombinedEnergyFactor,2.7,0.8,IntegratedModifiedEnergyFactor,0.95,387,0.1065,1.218,24,7.538462,3.5,True,0.8,True,electricity,False,0.8,True,RatedAnnualkWh,318,0.12,1.09,25,4,12,True,348,False,0,0.0,True,935,0.342,True,0,0.0,0.75,0,0,0.75,0,0,0.75,1.0,5,20,"73.4,73.4,73.4,73.4,73.4,73.4,73.4,73.4,73.4,73.4,73.4,73.4,73.4,73.4,73.4,73.4,73.4,73.4,73.4,73.4,73.4,73.4,73.4,73.4","73.4,73.4,73.4,73.4,73.4,73.4,73.4,73.4,73.4,73.4,73.4,73.4,73.4,73.4,73.4,73.4,73.4,73.4,73.4,73.4,73.4,73.4,73.4,73.4","69.8,69.8,69.8,69.8,69.8,69.8,69.8,69.8,69.8,69.8,69.8,69.8,69.8,69.8,69.8,69.8,69.8,69.8,69.8,69.8,69.8,69.8,69.8,69.8","69.8,69.8,69.8,69.8,69.8,69.8,69.8,69.8,69.8,69.8,69.8,69.8,69.8,69.8,69.8,69.8,69.8,69.8,69.8,69.8,69.8,69.8,69.8,69.8",none,0,0,Unadjusted,0,0,0,0,none,0,0,Unadjusted,0,0,0,False,0,0,0.67,70.0,,,,,,,,,,,,,
2020s_CAN_QC_Montreal-McTavish.716120_CWEC2016.epw,True,-5,326,apartment unit,8,0.5556,135,0,0,4,0,0,4,0,0,4,0,0,4,750,1995,1,1,VentedAttic,gable,6:12,1,SlabOnGrade,0,0,0.0,0.49,0.56,0.37,0.3,WoodStud,18.9,31.4,solid concrete,17.1,interior,0,WoodFrame,0.0,5.3,none,medium,0.5,0.0,0.0,Right,ACH,50,1.9127749262990827,unit exterior only,normal,0.0,True,False,True,False,ElectricResistance,1.0,1.0,none,HSPF,0.0,SEER,0.0,ACCA,false,1.0,1.0,false,none,electricity,1.0,none,electricity,central air conditioner,single stage,False,0,0.0,False,none,False,,1.0,1.0,electricity,EnergyFactor,0.92,0.0,0,0,125,storage water heater,conditioned space,True,electricity,CombinedEnergyFactor,2.7,1.0,IntegratedModifiedEnergyFactor,0.0,0,0.0,0.0,0,0.0,0.0,False,1.0,False,natural gas,False,1.0,True,RatedAnnualkWh,318,0.12,1.09,25,4,12,True,1139,False,0,0.0,False,0,0.0,True,0,0.0,0.75,0,0,0.75,0,0,0.75,1.0,5,20,"66.2,66.2,66.2,66.2,66.2,66.2,69.8,69.8,69.8,69.8,69.8,69.8,69.8,69.8,69.8,69.8,69.8,69.8,69.8,69.8,69.8,69.8,66.2,66.2","66.2,66.2,66.2,66.2,66.2,66.2,69.8,69.8,69.8,69.8,69.8,69.8,69.8,69.8,69.8,69.8,69.8,69.8,69.8,69.8,69.8,69.8,66.2,66.2","73.4,73.4,73.4,73.4,73.4,73.4,73.4,73.4,73.4,73.4,73.4,73.4,73.4,73.4,73.4,73.4,73.4,73.4,73.4,73.4,73.4,73.4,73.4,73.4","73.4,73.4,73.4,73.4,73.4,73.4,73.4,73.4,73.4,73.4,73.4,73.4,73.4,73.4,73.4,73.4,73.4,73.4,73.4,73.4,73.4,73.4,73.4,73.4",none,0,0,Unadjusted,0,0,0,0,none,0,0,Unadjusted,0,0,0,False,0,0,0.67,,,,,,,,,,,,,,
2020s_CAN_QC_Montreal-McTavish.716120_CWEC2016.epw,True,-5,1,single-family detached,8,1.8,270,0,0,4,0,0,4,0,0,4,0,0,4,1698,2015,3,2,VentedAttic,gable,6:12,1,SlabOnGrade,0,0,0.0,0.37,0.3,0.37,0.3,WoodStud,24.5,42.6,solid concrete,17.0,interior,0,WoodFrame,0.0,5.3,none,medium,0.5,0.0,0.0,Right,ACH,50,2.0,unit exterior only,normal,0.0,False,False,False,False,none,0.0,1.0,air-to-air,HSPF,7.7,SEER,13.0,ACCA,false,1.0,1.0,false,integrated,electricity,1.0,none,electricity,none,,False,0,0.0,False,none,False,,1.0,1.0,electricity,EnergyFactor,0.92,0.0,0,0,125,storage water heater,conditioned space,True,electricity,CombinedEnergyFactor,2.7,0.8,IntegratedModifiedEnergyFactor,0.95,387,0.1065,1.218,24,7.538462,3.5,True,0.8,True,electricity,False,0.8,True,RatedAnnualkWh,290,0.12,1.09,23,4,12,True,433,False,0,0.0,True,935,0.342,True,0,0.0,0.75,0,0,0.75,0,0,0.75,1.0,5,20,"64.4,64.4,64.4,64.4,64.4,64.4,71.6,71.6,69.8,69.8,69.8,69.8,69.8,69.8,69.8,69.8,71.6,71.6,71.6,71.6,71.6,64.4,64.4,64.4","64.4,64.4,64.4,64.4,64.4,64.4,71.6,71.6,69.8,69.8,69.8,69.8,69.8,69.8,69.8,69.8,71.6,71.6,71.6,71.6,71.6,64.4,64.4,64.4","69.8,69.8,69.8,69.8,69.8,69.8,69.8,69.8,69.8,69.8,69.8,69.8,69.8,69.8,69.8,69.8,69.8,69.8,69.8,69.8,69.8,69.8,69.8,69.8","69.8,69.8,69.8,69.8,69.8,69.8,69.8,69.8,69.8,69.8,69.8,69.8,69.8,69.8,69.8,69.8,69.8,69.8,69.8,69.8,69.8,69.8,69.8,69.8",none,0,0,Unadjusted,0,0,0,0,none,0,0,Unadjusted,0,0,0,False,0,0,0.67,,,,true,,single stage,,,,,,,,
2020s_CAN_QC_Montreal-McTavish.716120_CWEC2016.epw,True,-5,1,single-family detached,8,1.8,270,0,0,4,0,0,4,0,0,4,0,0,4,750,1975,2,1,VentedAttic,gable,6:12,1,SlabOnGrade,0,0,0.0,0.49,0.56,0.37,0.3,WoodStud,17.2,28.9,solid concrete,14.4,interior,0,WoodFrame,0.0,5.3,none,medium,0.5,20.0,12.0,Right,ACH,50,3.0,unit exterior only,normal,0.0,False,False,False,False,ElectricResistance,1.0,1.0,none,HSPF,0.0,SEER,0.0,ACCA,false,1.0,1.0,false,none,electricity,1.0,none,electricity,mini-split,variable speed,False,0,0.0,False,none,False,,1.0,1.0,electricity,EnergyFactor,0.92,0.0,0,0,125,storage water heater,conditioned space,True,electricity,CombinedEnergyFactor,2.7,1.0,IntegratedModifiedEnergyFactor,0.95,387,0.1065,1.218,24,7.538462,3.5,True,1.0,True,electricity,False,1.0,False,RatedAnnualkWh,0,0.0,0.0,0,0,0,True,480,True,748,1.0,False,0,0.0,True,0,0.0,0.37,0,0,0.37,0,0,0.37,1.0,5,20,"59.0,59.0,59.0,59.0,59.0,59.0,64.4,64.4,64.4,64.4,64.4,64.4,64.4,64.4,64.4,64.4,64.4,64.4,64.4,64.4,64.4,64.4,64.4,59.0","59.0,59.0,59.0,59.0,59.0,59.0,64.4,64.4,64.4,64.4,64.4,64.4,64.4,64.4,64.4,64.4,64.4,64.4,64.4,64.4,64.4,64.4,64.4,59.0","69.8,69.8,69.8,69.8,69.8,69.8,69.8,69.8,69.8,69.8,69.8,69.8,69.8,69.8,69.8,69.8,69.8,69.8,69.8,69.8,69.8,69.8,69.8,69.8","69.8,69.8,69.8,69.8,69.8,69.8,69.8,69.8,69.8,69.8,69.8,69.8,69.8,69.8,69.8,69.8,69.8,69.8,69.8,69.8,69.8,69.8,69.8,69.8",none,0,0,Unadjusted,0,0,0,0,none,0,0,Unadjusted,0,0,0,False,0,0,0.67,60.0,,,,,,,,,,,,,
2020s_CAN_QC_Quebec-Lesage.Intl.AP.717140_CWEC2016.epw,True,-5,116,apartment unit,8,0.5556,315,0,0,4,0,0,4,0,0,4,0,0,4,3750,2015,3,3,VentedAttic,gable,6:12,1,SlabOnGrade,0,0,0.0,0.49,0.56,0.37,0.3,WoodStud,24.5,42.6,solid concrete,17.0,interior,0,WoodFrame,0.0,5.3,none,medium,0.5,0.0,0.0,Right,ACH,50,6.156364630928631,unit exterior only,normal,0.0,False,True,False,False,ElectricResistance,1.0,1.0,none,HSPF,0.0,SEER,0.0,ACCA,false,1.0,1.0,false,none,electricity,1.0,none,electricity,central air conditioner,single stage,False,0,0.0,False,none,False,,1.0,1.0,electricity,EnergyFactor,0.92,0.0,0,0,125,storage water heater,conditioned space,True,electricity,CombinedEnergyFactor,2.7,1.0,IntegratedModifiedEnergyFactor,0.95,387,0.1065,1.218,24,7.538462,3.5,True,1.0,True,electricity,False,1.0,True,RatedAnnualkWh,318,0.12,1.09,25,4,12,True,748,False,0,0.0,False,0,0.0,True,0,0.0,0.75,0,0,0.75,0,0,0.75,1.0,5,20,"64.4,64.4,64.4,64.4,64.4,64.4,64.4,64.4,68.0,68.0,68.0,68.0,68.0,68.0,68.0,68.0,68.0,68.0,68.0,68.0,68.0,68.0,64.4,64.4","64.4,64.4,64.4,64.4,64.4,64.4,64.4,64.4,68.0,68.0,68.0,68.0,68.0,68.0,68.0,68.0,68.0,68.0,68.0,68.0,68.0,68.0,64.4,64.4","64.4,64.4,64.4,64.4,64.4,64.4,64.4,64.4,64.4,64.4,64.4,64.4,64.4,64.4,64.4,64.4,64.4,64.4,64.4,64.4,64.4,64.4,64.4,64.4","64.4,64.4,64.4,64.4,64.4,64.4,64.4,64.4,64.4,64.4,64.4,64.4,64.4,64.4,64.4,64.4,64.4,64.4,64.4,64.4,64.4,64.4,64.4,64.4",none,0,0,Unadjusted,0,0,0,0,none,0,0,Unadjusted,0,0,0,False,0,0,0.67,50.0,,,,,,,,,,,,,
2020s_CAN_QC_Montreal-McTavish.716120_CWEC2016.epw,True,-5,183,apartment unit,8,0.5556,270,0,0,4,0,0,4,0,0,4,0,0,4,2115,1940,3,2,VentedAttic,gable,6:12,1,SlabOnGrade,0,0,0.0,0.49,0.56,0.37,0.3,WoodStud,12.2,14.1,solid concrete,10.1,interior,0,WoodFrame,0.0,5.3,none,medium,0.5,0.0,0.0,Right,ACH,50,23.50420641718059,unit exterior only,normal,0.0,True,False,True,False,Boiler,0.8,1.0,none,HSPF,0.0,SEER,0.0,ACCA,false,1.0,1.0,false,none,electricity,1.0,none,natural gas,central air conditioner,single stage,False,0,0.0,False,none,False,,1.0,1.0,electricity,EnergyFactor,0.92,0.0,0,0,125,storage water heater,conditioned space,True,electricity,CombinedEnergyFactor,2.7,1.0,IntegratedModifiedEnergyFactor,0.95,387,0.1065,1.218,24,7.538462,3.5,True,1.0,True,electricity,False,1.0,True,RatedAnnualkWh,318,0.12,1.09,25,4,12,True,433,True,727,1.0,True,935,0.342,True,0,0.0,0.37,0,0,0.37,0,0,0.37,1.0,5,20,"69.8,69.8,69.8,69.8,69.8,69.8,69.8,69.8,69.8,71.6,71.6,71.6,71.6,71.6,71.6,71.6,71.6,71.6,71.6,71.6,71.6,71.6,69.8,69.8","69.8,69.8,69.8,69.8,69.8,69.8,69.8,69.8,69.8,71.6,71.6,71.6,71.6,71.6,71.6,71.6,71.6,71.6,71.6,71.6,71.6,71.6,69.8,69.8","68.0,68.0,68.0,68.0,68.0,68.0,68.0,68.0,68.0,68.0,68.0,68.0,68.0,68.0,68.0,68.0,68.0,68.0,68.0,68.0,68.0,68.0,68.0,68.0","68.0,68.0,68.0,68.0,68.0,68.0,68.0,68.0,68.0,68.0,68.0,68.0,68.0,68.0,68.0,68.0,68.0,68.0,68.0,68.0,68.0,68.0,68.0,68.0",none,0,0,Unadjusted,0,0,0,0,none,0,0,Unadjusted,0,0,0,False,0,0,0.67,70.0,,,,,,,,,,,,,
2020s_CAN_QC_Montreal-McTavish.716120_CWEC2016.epw,True,-5,67,apartment unit,8,0.5556,225,0,0,4,0,0,4,0,0,4,0,0,4,750,2005,2,1,VentedAttic,gable,6:12,1,SlabOnGrade,0,0,0.0,0.49,0.56,0.37,0.3,WoodStud,18.9,31.4,solid concrete,17.1,interior,0,WoodFrame,0.0,5.3,none,medium,0.5,0.0,0.0,Right,ACH,50,3.66881626561158,unit exterior only,normal,0.0,True,False,True,False,ElectricResistance,1.0,1.0,none,HSPF,0.0,SEER,0.0,ACCA,false,1.0,1.0,false,none,electricity,1.0,none,electricity,mini-split,variable speed,False,0,0.0,True,electric resistance,False,,1.0,1.0,electricity,EnergyFactor,0.92,0.0,0,0,125,storage water heater,conditioned space,False,natural gas,CombinedEnergyFactor,2.7,1.0,IntegratedModifiedEnergyFactor,0.95,387,0.1065,1.218,24,7.538462,3.5,True,1.0,True,electricity,False,1.0,True,RatedAnnualkWh,318,0.12,1.09,25,4,12,True,348,False,0,0.0,False,0,0.0,True,0,0.0,0.0,0,0,0.0,0,0,0.0,1.0,5,20,"64.4,64.4,64.4,64.4,64.4,64.4,64.4,64.4,64.4,64.4,66.2,66.2,66.2,66.2,66.2,66.2,64.4,64.4,64.4,64.4,64.4,64.4,64.4,64.4","64.4,64.4,64.4,64.4,64.4,64.4,64.4,64.4,64.4,64.4,66.2,66.2,66.2,66.2,66.2,66.2,64.4,64.4,64.4,64.4,64.4,64.4,64.4,64.4","68.0,68.0,68.0,68.0,68.0,68.0,68.0,68.0,68.0,68.0,68.0,68.0,68.0,68.0,68.0,68.0,68.0,68.0,68.0,68.0,68.0,68.0,68.0,68.0","68.0,68.0,68.0,68.0,68.0,68.0,68.0,68.0,68.0,68.0,68.0,68.0,68.0,68.0,68.0,68.0,68.0,68.0,68.0,68.0,68.0,68.0,68.0,68.0",none,0,0,Unadjusted,0,0,0,0,none,0,0,Unadjusted,0,0,0,False,0,0,0.67,50.0,,,,,,,,,,,0.0,780.2463107638888,
2020s_CAN_QC_Quebec-Lesage.Intl.AP.717140_CWEC2016.epw,True,-5,1,single-family detached,8,1.8,270,0,0,4,0,0,4,0,0,4,0,0,4,2179,1965,4,2,VentedAttic,gable,6:12,2,ConditionedBasement,8,1,9.25,0.84,0.63,0.37,0.3,WoodStud,14.0,26.2,solid concrete,12.0,interior,0,WoodFrame,5.3,5.3,none,medium,1.0,0.0,0.0,Right,ACH,50,6.0,unit exterior only,normal,13.25,False,False,False,False,none,0.0,1.0,air-to-air,HSPF,7.7,SEER,13.0,ACCA,false,1.0,1.0,false,integrated,electricity,1.0,none,electricity,none,,False,0,0.0,False,none,False,,1.0,1.0,electricity,EnergyFactor,0.92,0.0,0,0,125,storage water heater,conditioned space,True,electricity,CombinedEnergyFactor,2.7,1.0,IntegratedModifiedEnergyFactor,0.95,387,0.1065,1.218,24,7.538462,3.5,True,1.0,True,electricity,False,1.0,True,RatedAnnualkWh,318,0.12,1.09,25,4,12,True,383,False,0,0.0,True,935,0.342,True,0,0.0,0.75,0,0,0.75,0,0,0.75,1.0,5,20,"66.2,66.2,66.2,66.2,66.2,66.2,71.6,71.6,71.6,71.6,71.6,71.6,71.6,71.6,71.6,71.6,71.6,71.6,71.6,71.6,71.6,71.6,71.6,66.2","66.2,66.2,66.2,66.2,66.2,66.2,71.6,71.6,71.6,71.6,71.6,71.6,71.6,71.6,71.6,71.6,71.6,71.6,71.6,71.6,71.6,71.6,71.6,66.2","71.6,71.6,71.6,71.6,71.6,71.6,71.6,71.6,71.6,71.6,71.6,71.6,71.6,71.6,71.6,71.6,71.6,71.6,71.6,71.6,71.6,71.6,71.6,71.6","71.6,71.6,71.6,71.6,71.6,71.6,71.6,71.6,71.6,71.6,71.6,71.6,71.6,71.6,71.6,71.6,71.6,71.6,71.6,71.6,71.6,71.6,71.6,71.6",none,0,0,Unadjusted,0,0,0,0,none,0,0,Unadjusted,0,0,0,False,0,0,0.67,40.0,,,true,,single stage,,,,,,,,
2020s_CAN_QC_Montreal-McTavish.716120_CWEC2016.epw,True,-5,326,apartment unit,8,0.5556,90,0,0,4,0,0,4,0,0,4,0,0,4,3250,2015,2,1,VentedAttic,gable,6:12,1,SlabOnGrade,0,0,0.0,0.49,0.56,0.37,0.3,WoodStud,24.5,42.6,solid concrete,17.0,interior,0,WoodFrame,0.0,5.3,none,medium,0.5,0.0,0.0,Right,ACH,50,2.457321992568929,unit exterior only,normal,0.0,True,True,True,False,Boiler,0.8,1.0,none,HSPF,0.0,SEER,0.0,ACCA,false,1.0,1.0,false,none,electricity,1.0,none,natural gas,mini-split,variable speed,False,0,0.0,False,none,False,,1.0,1.0,electricity,EnergyFactor,0.92,0.0,0,0,125,storage water heater,conditioned space,False,natural gas,CombinedEnergyFactor,2.7,1.0,IntegratedModifiedEnergyFactor,0.95,387,0.1065,1.218,24,7.538462,3.5,True,1.0,True,electricity,False,1.0,True,RatedAnnualkWh,318,0.12,1.09,25,4,12,True,727,False,0,0.0,False,0,0.0,True,0,0.0,0.12,0,0,0.12,0,0,0.12,1.0,5,20,"62.6,62.6,62.6,62.6,62.6,69.8,69.8,62.6,62.6,62.6,62.6,62.6,62.6,62.6,62.6,62.6,62.6,69.8,69.8,69.8,69.8,62.6,62.6,62.6","62.6,62.6,62.6,62.6,62.6,69.8,69.8,62.6,62.6,62.6,62.6,62.6,62.6,62.6,62.6,62.6,62.6,69.8,69.8,69.8,69.8,62.6,62.6,62.6","71.6,71.6,71.6,71.6,71.6,71.6,71.6,71.6,71.6,71.6,71.6,71.6,71.6,71.6,71.6,71.6,71.6,71.6,71.6,71.6,71.6,71.6,71.6,71.6","71.6,71.6,71.6,71.6,71.6,71.6,71.6,71.6,71.6,71.6,71.6,71.6,71.6,71.6,71.6,71.6,71.6,71.6,71.6,71.6,71.6,71.6,71.6,71.6",none,0,0,Unadjusted,0,0,0,0,none,0,0,Unadjusted,0,0,0,False,0,0,0.67,,,,,,,,,,,,,,
2020s_CAN_QC_Montreal-McTavish.716120_CWEC2016.epw,True,-5,326,apartment unit,8,0.5556,135,0,0,4,0,0,4,0,0,4,0,0,4,1138,1940,2,1,VentedAttic,gable,6:12,1,SlabOnGrade,0,0,0.0,0.84,0.63,0.37,0.3,WoodStud,12.2,14.1,solid concrete,10.1,interior,0,WoodFrame,0.0,5.3,none,medium,0.5,0.0,0.0,Right,ACH,50,3.399415180532043,unit exterior only,normal,0.0,True,True,True,False,WallFurnace,1.0,1.0,none,HSPF,0.0,SEER,0.0,ACCA,false,1.0,1.0,false,none,electricity,1.0,none,electricity,central air conditioner,single stage,False,0,0.0,False,none,False,,1.0,1.0,electricity,EnergyFactor,0.92,0.0,0,0,125,storage water heater,conditioned space,False,natural gas,CombinedEnergyFactor,2.7,0.8,IntegratedModifiedEnergyFactor,0.95,387,0.1065,1.218,24,7.538462,3.5,True,0.8,True,electricity,False,0.8,False,RatedAnnualkWh,0,0.0,0.0,0,0,0,True,727,False,0,0.0,False,0,0.0,True,0,0.0,0.12,0,0,0.12,0,0,0.12,1.0,5,20,"66.2,66.2,66.2,66.2,66.2,66.2,69.8,69.8,69.8,69.8,69.8,69.8,69.8,69.8,69.8,69.8,69.8,69.8,69.8,69.8,69.8,69.8,69.8,66.2","66.2,66.2,66.2,66.2,66.2,66.2,69.8,69.8,69.8,69.8,69.8,69.8,69.8,69.8,69.8,69.8,69.8,69.8,69.8,69.8,69.8,69.8,69.8,66.2","69.8,69.8,69.8,69.8,69.8,69.8,69.8,69.8,69.8,69.8,69.8,69.8,69.8,69.8,69.8,69.8,69.8,69.8,69.8,69.8,69.8,69.8,69.8,69.8","69.8,69.8,69.8,69.8,69.8,69.8,69.8,69.8,69.8,69.8,69.8,69.8,69.8,69.8,69.8,69.8,69.8,69.8,69.8,69.8,69.8,69.8,69.8,69.8",none,0,0,Unadjusted,0,0,0,0,none,0,0,Unadjusted,0,0,0,False,0,0,0.67,,,,,,,,,,,,,,
2020s_CAN_QC_Montreal-McTavish.716120_CWEC2016.epw,True,-5,1,single-family detached,8,1.8,90,0,0,4,0,0,4,0,0,4,0,0,4,3750,1995,5,3,VentedAttic,gable,6:12,2,ConditionedBasement,8,1,9.25,0.76,0.67,0.37,0.3,WoodStud,20.7,32.5,solid concrete,17.1,interior,0,WoodFrame,5.3,5.3,none,medium,1.0,12.0,22.0,Right,ACH,50,5.0,unit exterior only,normal,18.35,False,False,False,False,ElectricResistance,1.0,1.0,none,HSPF,0.0,SEER,0.0,ACCA,false,1.0,1.0,false,none,electricity,1.0,none,electricity,mini-split,variable speed,False,0,0.0,False,none,True,,0.3,0.45,electricity,EnergyFactor,0.92,0.0,0,0,125,storage water heater,conditioned space,True,electricity,CombinedEnergyFactor,2.7,1.0,IntegratedModifiedEnergyFactor,0.95,387,0.1065,1.218,24,7.538462,3.5,True,1.0,True,electricity,False,1.0,False,RatedAnnualkWh,0,0.0,0.0,0,0,0,True,480,True,727,1.0,True,935,0.342,True,0,0.0,0.75,0,0,0.75,0,0,0.75,1.0,5,20,"64.4,64.4,64.4,64.4,64.4,64.4,68.0,68.0,68.0,68.0,68.0,68.0,68.0,68.0,68.0,68.0,68.0,68.0,68.0,68.0,68.0,68.0,68.0,64.4","64.4,64.4,64.4,64.4,64.4,64.4,68.0,68.0,68.0,68.0,68.0,68.0,68.0,68.0,68.0,68.0,68.0,68.0,68.0,68.0,68.0,68.0,68.0,64.4","66.2,66.2,66.2,66.2,66.2,66.2,66.2,66.2,66.2,66.2,66.2,66.2,66.2,66.2,66.2,66.2,66.2,66.2,66.2,66.2,66.2,66.2,66.2,66.2","66.2,66.2,66.2,66.2,66.2,66.2,66.2,66.2,66.2,66.2,66.2,66.2,66.2,66.2,66.2,66.2,66.2,66.2,66.2,66.2,66.2,66.2,66.2,66.2",none,0,0,Unadjusted,0,0,0,0,none,0,0,Unadjusted,0,0,0,False,0,0,0.67,40.0,,,,,,,,,,,,,
2020s_CAN_QC_Montreal-McTavish.716120_CWEC2016.epw,True,-5,67,apartment unit,8,0.5556,315,0,0,4,0,0,4,0,0,4,0,0,4,1138,2005,2,3,VentedAttic,gable,6:12,1,SlabOnGrade,0,0,0.0,0.29,0.26,0.37,0.3,WoodStud,18.9,31.4,solid concrete,17.1,interior,0,WoodFrame,0.0,5.3,none,medium,0.5,0.0,0.0,Right,ACH,50,1.2786628470146946,unit exterior only,normal,0.0,True,True,False,False,WallFurnace,1.0,1.0,none,HSPF,0.0,SEER,0.0,ACCA,false,1.0,1.0,false,none,electricity,1.0,none,electricity,central air conditioner,single stage,False,0,0.0,False,none,True,heat pump,1.0,1.0,electricity,EnergyFactor,0.92,0.0,0,0,125,storage water heater,conditioned space,True,electricity,CombinedEnergyFactor,2.7,1.0,IntegratedModifiedEnergyFactor,0.95,387,0.1065,1.218,24,7.538462,3.5,True,1.0,True,electricity,False,1.0,True,RatedAnnualkWh,290,0.12,1.09,23,4,12,True,480,False,0,0.0,False,0,0.0,True,0,0.0,0.75,0,0,0.75,0,0,0.75,1.0,5,20,"64.4,64.4,64.4,64.4,64.4,64.4,68.0,68.0,68.0,68.0,68.0,68.0,68.0,68.0,68.0,68.0,68.0,68.0,68.0,68.0,68.0,68.0,68.0,64.4","64.4,64.4,64.4,64.4,64.4,64.4,68.0,68.0,68.0,68.0,68.0,68.0,68.0,68.0,68.0,68.0,68.0,68.0,68.0,68.0,68.0,68.0,68.0,64.4","77.0,77.0,77.0,77.0,77.0,77.0,77.0,77.0,77.0,77.0,77.0,77.0,77.0,77.0,77.0,77.0,77.0,77.0,77.0,77.0,77.0,77.0,77.0,77.0","77.0,77.0,77.0,77.0,77.0,77.0,77.0,77.0,77.0,77.0,77.0,77.0,77.0,77.0,77.0,77.0,77.0,77.0,77.0,77.0,77.0,77.0,77.0,77.0",none,0,0,Unadjusted,0,0,0,0,none,0,0,Unadjusted,0,0,0,False,0,0,0.67,,,,,,,,,,,,,,
2020s_CAN_QC_Quebec-Lesage.Intl.AP.717140_CWEC2016.epw,True,-5,1,single-family detached,8,1.8,315,0,0,4,0,0,4,0,0,4,0,0,4,1698,1955,5,2,VentedAttic,gable,6:12,3,ConditionedBasement,8,1,9.25,0.37,0.3,0.37,0.3,WoodStud,14.0,26.2,solid concrete,12.0,interior,0,WoodFrame,5.3,5.3,none,medium,1.0,0.0,0.0,Right,ACH,50,8.0,unit exterior only,normal,13.25,False,False,False,False,Boiler,0.72,1.0,none,HSPF,0.0,SEER,0.0,ACCA,false,1.0,1.0,false,none,electricity,1.0,none,wood,none,,False,0,0.0,False,none,True,heat pump,0.3,0.45,electricity,EnergyFactor,0.92,0.0,0,0,125,storage water heater,conditioned space,True,electricity,CombinedEnergyFactor,2.7,1.0,IntegratedModifiedEnergyFactor,0.95,387,0.1065,1.218,24,7.538462,3.5,True,1.0,True,electricity,False,1.0,True,RatedAnnualkWh,290,0.12,1.09,23,4,12,True,480,False,0,0.0,True,935,0.342,True,0,0.0,0.37,0,0,0.37,0,0,0.37,1.0,5,20,"71.6,71.6,71.6,71.6,71.6,71.6,71.6,71.6,71.6,71.6,71.6,71.6,71.6,71.6,71.6,71.6,71.6,71.6,71.6,71.6,71.6,71.6,71.6,71.6","71.6,71.6,71.6,71.6,71.6,71.6,71.6,71.6,71.6,71.6,71.6,71.6,71.6,71.6,71.6,71.6,71.6,71.6,71.6,71.6,71.6,71.6,71.6,71.6","69.8,69.8,69.8,69.8,69.8,69.8,69.8,69.8,69.8,69.8,69.8,69.8,69.8,69.8,69.8,69.8,69.8,69.8,69.8,69.8,69.8,69.8,69.8,69.8","69.8,69.8,69.8,69.8,69.8,69.8,69.8,69.8,69.8,69.8,69.8,69.8,69.8,69.8,69.8,69.8,69.8,69.8,69.8,69.8,69.8,69.8,69.8,69.8",none,0,0,Unadjusted,0,0,0,0,none,0,0,Unadjusted,0,0,0,False,0,0,0.67,60.0,,,,,,,,,,,,,
2020s_CAN_QC_Montreal-McTavish.716120_CWEC2016.epw,True,-5,1,single-family detached,8,1.8,270,0,0,4,0,0,4,0,0,4,0,0,4,1228,1985,2,1,VentedAttic,gable,6:12,1,SlabOnGrade,0,0,0.0,0.49,0.56,0.37,0.3,WoodStud,20.7,32.5,solid concrete,17.1,interior,0,WoodFrame,0.0,5.3,none,medium,0.5,0.0,0.0,Right,ACH,50,10.0,unit exterior only,normal,0.0,False,False,False,False,ElectricResistance,1.0,1.0,none,HSPF,0.0,SEER,0.0,ACCA,false,1.0,1.0,false,none,electricity,1.0,none,electricity,none,,False,0,0.0,False,none,True,,0.3,1.0,electricity,EnergyFactor,0.92,0.0,0,0,125,storage water heater,conditioned space,True,electricity,CombinedEnergyFactor,2.7,1.2,IntegratedModifiedEnergyFactor,0.95,387,0.1065,1.218,24,7.538462,3.5,True,1.2,True,electricity,False,1.2,True,RatedAnnualkWh,290,0.12,1.09,23,4,12,True,480,False,0,0.0,False,0,0.0,True,0,0.0,0.37,0,0,0.37,0,0,0.37,1.0,5,20,"71.6,71.6,71.6,71.6,71.6,71.6,71.6,71.6,71.6,71.6,71.6,71.6,71.6,71.6,71.6,71.6,71.6,71.6,71.6,71.6,71.6,71.6,71.6,71.6","71.6,71.6,71.6,71.6,71.6,71.6,71.6,71.6,71.6,71.6,71.6,71.6,71.6,71.6,71.6,71.6,71.6,71.6,71.6,71.6,71.6,71.6,71.6,71.6","73.4,73.4,73.4,73.4,73.4,73.4,73.4,73.4,73.4,73.4,73.4,73.4,73.4,73.4,73.4,73.4,73.4,73.4,73.4,73.4,73.4,73.4,73.4,73.4","73.4,73.4,73.4,73.4,73.4,73.4,73.4,73.4,73.4,73.4,73.4,73.4,73.4,73.4,73.4,73.4,73.4,73.4,73.4,73.4,73.4,73.4,73.4,73.4",none,0,0,Unadjusted,0,0,0,0,none,0,0,Unadjusted,0,0,0,False,0,0,0.67,40.0,,,,,,,,,,,,,
2020s_CAN_QC_Montreal-McTavish.716120_CWEC2016.epw,True,-5,1,single-family detached,8,1.8,0,0,0,4,0,0,4,0,0,4,0,0,4,1698,1965,4,2,VentedAttic,gable,6:12,3,ConditionedBasement,8,1,9.25,0.49,0.56,0.37,0.3,WoodStud,14.0,26.2,solid concrete,12.0,interior,0,WoodFrame,5.3,5.3,none,medium,1.0,12.0,22.0,Right,ACH,50,8.0,unit exterior only,normal,13.25,False,False,False,False,Furnace,0.8,1.0,none,HSPF,0.0,SEER,0.0,ACCA,false,1.0,1.0,false,none,electricity,1.0,none,fuel oil,none,,False,0,0.0,True,electric resistance,False,,1.0,1.0,electricity,EnergyFactor,0.92,0.0,0,0,125,storage water heater,conditioned space,True,electricity,CombinedEnergyFactor,2.7,1.0,IntegratedModifiedEnergyFactor,0.95,387,0.1065,1.218,24,7.538462,3.5,True,1.0,True,electricity,False,1.0,True,RatedAnnualkWh,290,0.12,1.09,23,4,12,True,383,True,383,1.0,True,935,0.342,True,0,0.0,0.12,0,0,0.12,0,0,0.12,1.0,5,20,"66.2,66.2,66.2,66.2,66.2,66.2,66.2,71.6,71.6,71.6,71.6,71.6,71.6,71.6,71.6,71.6,66.2,66.2,66.2,66.2,66.2,66.2,66.2,66.2","66.2,66.2,66.2,66.2,66.2,66.2,66.2,71.6,71.6,71.6,71.6,71.6,71.6,71.6,71.6,71.6,66.2,66.2,66.2,66.2,66.2,66.2,66.2,66.2","69.8,69.8,69.8,69.8,69.8,69.8,69.8,69.8,69.8,69.8,69.8,69.8,69.8,69.8,69.8,69.8,69.8,69.8,69.8,69.8,69.8,69.8,69.8,69.8","69.8,69.8,69.8,69.8,69.8,69.8,69.8,69.8,69.8,69.8,69.8,69.8,69.8,69.8,69.8,69.8,69.8,69.8,69.8,69.8,69.8,69.8,69.8,69.8",none,0,0,Unadjusted,0,0,0,0,none,0,0,Unadjusted,0,0,0,False,0,0,0.67,60.0,,,,,,,,,,,0.0,1076.394314236111,
2020s_CAN_QC_Montreal-McTavish.716120_CWEC2016.epw,True,-5,116,apartment unit,8,0.5556,45,0,0,4,0,0,4,0,0,4,0,0,4,1682,1955,2,1,VentedAttic,gable,6:12,1,SlabOnGrade,0,0,0.0,0.76,0.67,0.37,0.3,WoodStud,12.6,19.9,solid concrete,12.0,interior,0,WoodFrame,0.0,5.3,none,medium,0.5,0.0,0.0,Right,ACH,50,4.491279208677784,unit exterior only,normal,0.0,True,True,True,False,ElectricResistance,1.0,1.0,none,HSPF,0.0,SEER,0.0,ACCA,false,1.0,1.0,false,none,electricity,1.0,none,electricity,central air conditioner,single stage,False,0,0.0,False,none,False,,1.0,1.0,electricity,EnergyFactor,0.92,0.0,0,0,125,storage water heater,conditioned space,True,electricity,CombinedEnergyFactor,2.7,0.8,IntegratedModifiedEnergyFactor,0.95,387,0.1065,1.218,24,7.538462,3.5,True,0.8,True,electricity,False,0.8,False,RatedAnnualkWh,0,0.0,0.0,0,0,0,True,727,True,1139,1.0,True,935,0.342,True,0,0.0,0.0,0,0,0.0,0,0,0.0,1.0,5,20,"64.4,64.4,64.4,64.4,64.4,64.4,64.4,64.4,68.0,68.0,68.0,68.0,68.0,68.0,68.0,68.0,68.0,68.0,68.0,68.0,68.0,68.0,68.0,64.4","64.4,64.4,64.4,64.4,64.4,64.4,64.4,64.4,68.0,68.0,68.0,68.0,68.0,68.0,68.0,68.0,68.0,68.0,68.0,68.0,68.0,68.0,68.0,64.4","69.8,69.8,69.8,69.8,69.8,69.8,69.8,69.8,69.8,69.8,69.8,69.8,69.8,69.8,69.8,69.8,69.8,69.8,69.8,69.8,69.8,69.8,69.8,69.8","69.8,69.8,69.8,69.8,69.8,69.8,69.8,69.8,69.8,69.8,69.8,69.8,69.8,69.8,69.8,69.8,69.8,69.8,69.8,69.8,69.8,69.8,69.8,69.8",none,0,0,Unadjusted,0,0,0,0,none,0,0,Unadjusted,0,0,0,False,0,0,0.67,60.0,,,,,,,,,,,,,
2020s_CAN_QC_Quebec-Lesage.Intl.AP.717140_CWEC2016.epw,True,-5,1,single-family detached,8,1.8,180,0,0,4,0,0,4,0,0,4,0,0,4,1228,1955,4,5,VentedAttic,gable,6:12,1,SlabOnGrade,0,0,0.0,0.49,0.56,0.37,0.3,WoodStud,14.0,26.2,solid concrete,12.0,interior,0,WoodFrame,0.0,5.3,none,medium,0.5,0.0,0.0,Right,ACH,50,6.0,unit exterior only,normal,0.0,False,False,False,False,none,0.0,1.0,air-to-air,HSPF,7.7,SEER,13.0,ACCA,false,1.0,1.0,false,integrated,fuel oil,0.8,none,natural gas,none,,False,0,0.0,False,none,False,,1.0,1.0,natural gas,EnergyFactor,0.59,0.76,0,0,125,storage water heater,conditioned space,True,electricity,CombinedEnergyFactor,2.7,1.2,IntegratedModifiedEnergyFactor,0.95,387,0.1065,1.218,24,7.538462,3.5,True,1.2,True,electricity,False,1.2,True,RatedAnnualkWh,318,0.12,1.09,25,4,12,True,433,False,0,0.0,True,935,0.342,True,0,0.0,0.75,0,0,0.75,0,0,0.75,1.0,5,20,"66.2,66.2,66.2,66.2,69.8,69.8,69.8,69.8,69.8,69.8,69.8,69.8,69.8,69.8,69.8,69.8,69.8,69.8,69.8,69.8,69.8,66.2,66.2,66.2","66.2,66.2,66.2,66.2,69.8,69.8,69.8,69.8,69.8,69.8,69.8,69.8,69.8,69.8,69.8,69.8,69.8,69.8,69.8,69.8,69.8,66.2,66.2,66.2","71.6,71.6,71.6,71.6,71.6,71.6,71.6,71.6,71.6,71.6,71.6,71.6,71.6,71.6,71.6,71.6,71.6,71.6,71.6,71.6,71.6,71.6,71.6,71.6","71.6,71.6,71.6,71.6,71.6,71.6,71.6,71.6,71.6,71.6,71.6,71.6,71.6,71.6,71.6,71.6,71.6,71.6,71.6,71.6,71.6,71.6,71.6,71.6",none,0,0,Unadjusted,0,0,0,0,none,0,0,Unadjusted,0,0,0,False,0,0,0.67,70.0,,,true,10.4,single stage,,,,,,,,
2020s_CAN_QC_Montreal-McTavish.716120_CWEC2016.epw,True,-5,10,apartment unit,8,0.5556,90,0,0,4,0,0,4,0,0,4,0,0,4,1138,2015,2,1,VentedAttic,gable,6:12,1,SlabOnGrade,0,0,0.0,0.49,0.56,0.37,0.3,WoodStud,24.5,42.6,solid concrete,17.0,interior,0,WoodFrame,0.0,5.3,none,medium,0.5,0.0,0.0,Right,ACH,50,1.0,unit exterior only,normal,0.0,False,True,False,False,ElectricResistance,1.0,1.0,none,HSPF,0.0,SEER,0.0,ACCA,false,1.0,1.0,false,none,electricity,1.0,none,electricity,none,,False,0,0.0,False,none,False,,1.0,1.0,electricity,EnergyFactor,0.92,0.0,0,0,125,storage water heater,conditioned space,False,natural gas,CombinedEnergyFactor,2.7,0.8,IntegratedModifiedEnergyFactor,0.95,387,0.1065,1.218,24,7.538462,3.5,True,0.8,True,electricity,False,0.8,False,RatedAnnualkWh,0,0.0,0.0,0,0,0,True,348,False,0,0.0,False,0,0.0,True,0,0.0,0.12,0,0,0.12,0,0,0.12,1.0,5,20,"62.6,62.6,62.6,62.6,62.6,62.6,62.6,62.6,71.6,71.6,62.6,62.6,62.6,62.6,62.6,62.6,62.6,71.6,71.6,71.6,62.6,62.6,62.6,62.6","62.6,62.6,62.6,62.6,62.6,62.6,62.6,62.6,71.6,71.6,62.6,62.6,62.6,62.6,62.6,62.6,62.6,71.6,71.6,71.6,62.6,62.6,62.6,62.6","68.0,68.0,68.0,68.0,68.0,68.0,68.0,68.0,68.0,68.0,68.0,68.0,68.0,68.0,68.0,68.0,68.0,68.0,68.0,68.0,68.0,68.0,68.0,68.0","68.0,68.0,68.0,68.0,68.0,68.0,68.0,68.0,68.0,68.0,68.0,68.0,68.0,68.0,68.0,68.0,68.0,68.0,68.0,68.0,68.0,68.0,68.0,68.0",none,0,0,Unadjusted,0,0,0,0,none,0,0,Unadjusted,0,0,0,False,0,0,0.67,,,,,,,,,,,,,,
2020s_CAN_QC_Montreal-McTavish.716120_CWEC2016.epw,True,-5,1,single-family detached,8,1.8,180,0,0,4,0,0,4,0,0,4,0,0,4,1228,1995,4,2,VentedAttic,gable,6:12,2,ConditionedBasement,8,1,9.25,0.49,0.56,0.37,0.3,WoodStud,20.7,32.5,solid concrete,17.1,interior,0,WoodFrame,5.3,5.3,none,medium,1.0,12.0,22.0,Right,ACH,50,4.0,unit exterior only,normal,18.35,False,False,False,False,ElectricResistance,1.0,1.0,none,HSPF,0.0,SEER,0.0,ACCA,false,1.0,1.0,false,none,electricity,1.0,none,electricity,central air conditioner,single stage,False,0,0.0,False,none,True,,1.0,1.0,electricity,EnergyFactor,0.92,0.0,0,0,125,storage water heater,conditioned space,True,electricity,CombinedEnergyFactor,2.7,1.0,IntegratedModifiedEnergyFactor,0.95,387,0.1065,1.218,24,7.538462,3.5,True,1.0,True,electricity,False,1.0,True,RatedAnnualkWh,318,0.12,1.09,25,4,12,True,480,False,0,0.0,True,935,0.342,True,0,0.0,0.0,0,0,0.0,0,0,0.0,1.0,5,20,"64.4,64.4,64.4,64.4,64.4,64.4,69.8,69.8,64.4,64.4,64.4,64.4,64.4,64.4,64.4,64.4,69.8,69.8,69.8,69.8,69.8,69.8,69.8,69.8","64.4,64.4,64.4,64.4,64.4,64.4,69.8,69.8,64.4,64.4,64.4,64.4,64.4,64.4,64.4,64.4,69.8,69.8,69.8,69.8,69.8,69.8,69.8,69.8","69.8,69.8,69.8,69.8,69.8,69.8,69.8,69.8,69.8,69.8,69.8,69.8,69.8,69.8,69.8,69.8,69.8,69.8,69.8,69.8,69.8,69.8,69.8,69.8","69.8,69.8,69.8,69.8,69.8,69.8,69.8,69.8,69.8,69.8,69.8,69.8,69.8,69.8,69.8,69.8,69.8,69.8,69.8,69.8,69.8,69.8,69.8,69.8",none,0,0,Unadjusted,0,0,0,0,none,0,0,Unadjusted,0,0,0,False,0,0,0.67,40.0,,,,,,,,,,,,,
2020s_CAN_QC_Montreal-McTavish.716120_CWEC2016.epw,True,-5,1,single-family detached,8,1.8,315,0,0,4,0,0,4,0,0,4,0,0,4,3250,2015,4,4,VentedAttic,gable,6:12,2,ConditionedBasement,8,1,9.25,0.49,0.56,0.37,0.3,WoodStud,24.5,42.6,solid concrete,17.0,interior,0,WoodFrame,5.3,5.3,none,medium,1.0,0.0,0.0,Right,ACH,50,2.0,unit exterior only,normal,18.25,False,False,False,False,Furnace,1.0,1.0,none,HSPF,0.0,SEER,0.0,ACCA,false,1.0,1.0,false,none,electricity,1.0,none,electricity,none,,False,0,0.0,False,none,False,,1.0,1.0,electricity,EnergyFactor,0.92,0.0,0,0,125,storage water heater,conditioned space,True,electricity,CombinedEnergyFactor,2.7,1.0,IntegratedModifiedEnergyFactor,0.95,387,0.1065,1.218,24,7.538462,3.5,True,1.0,True,electricity,False,1.0,True,RatedAnnualkWh,318,0.12,1.09,25,4,12,True,433,False,0,0.0,False,0,0.0,True,0,0.0,0.75,0,0,0.75,0,0,0.75,1.0,5,20,"64.4,64.4,64.4,64.4,64.4,64.4,64.4,64.4,68.0,68.0,68.0,68.0,68.0,68.0,68.0,68.0,68.0,68.0,68.0,68.0,68.0,68.0,68.0,64.4","64.4,64.4,64.4,64.4,64.4,64.4,64.4,64.4,68.0,68.0,68.0,68.0,68.0,68.0,68.0,68.0,68.0,68.0,68.0,68.0,68.0,68.0,68.0,64.4","64.4,64.4,64.4,64.4,64.4,64.4,64.4,64.4,64.4,64.4,64.4,64.4,64.4,64.4,64.4,64.4,64.4,64.4,64.4,64.4,64.4,64.4,64.4,64.4","64.4,64.4,64.4,64.4,64.4,64.4,64.4,64.4,64.4,64.4,64.4,64.4,64.4,64.4,64.4,64.4,64.4,64.4,64.4,64.4,64.4,64.4,64.4,64.4",none,0,0,Unadjusted,0,0,0,0,none,0,0,Unadjusted,0,0,0,False,0,0,0.67,,,,,,,,,,,,,,
2020s_CAN_QC_Montreal-McTavish.716120_CWEC2016.epw,True,-5,326,apartment unit,8,0.5556,45,0,0,4,0,0,4,0,0,4,0,0,4,750,2005,2,1,VentedAttic,gable,6:12,1,SlabOnGrade,0,0,0.0,0.37,0.3,0.37,0.3,WoodStud,18.9,31.4,solid concrete,17.1,interior,0,WoodFrame,0.0,5.3,none,medium,0.5,0.0,0.0,Right,ACH,50,4.7430474813813905,unit exterior only,normal,0.0,True,True,True,False,ElectricResistance,1.0,1.0,none,HSPF,0.0,SEER,0.0,ACCA,false,1.0,1.0,false,none,electricity,1.0,none,electricity,none,,False,0,0.0,False,none,False,,1.0,1.0,electricity,EnergyFactor,0.92,0.0,0,0,125,storage water heater,conditioned space,False,natural gas,CombinedEnergyFactor,2.7,1.0,IntegratedModifiedEnergyFactor,0.95,387,0.1065,1.218,24,7.538462,3.5,True,1.0,True,electricity,False,1.0,False,RatedAnnualkWh,0,0.0,0.0,0,0,0,True,348,False,0,0.0,False,0,0.0,True,0,0.0,0.0,0,0,0.0,0,0,0.0,1.0,5,20,"60.8,60.8,60.8,60.8,60.8,60.8,60.8,68.0,68.0,68.0,68.0,68.0,68.0,68.0,68.0,68.0,68.0,68.0,68.0,68.0,68.0,68.0,68.0,68.0","60.8,60.8,60.8,60.8,60.8,60.8,60.8,68.0,68.0,68.0,68.0,68.0,68.0,68.0,68.0,68.0,68.0,68.0,68.0,68.0,68.0,68.0,68.0,68.0","73.4,73.4,73.4,73.4,73.4,73.4,73.4,73.4,73.4,73.4,73.4,73.4,73.4,73.4,73.4,73.4,73.4,73.4,73.4,73.4,73.4,73.4,73.4,73.4","73.4,73.4,73.4,73.4,73.4,73.4,73.4,73.4,73.4,73.4,73.4,73.4,73.4,73.4,73.4,73.4,73.4,73.4,73.4,73.4,73.4,73.4,73.4,73.4",none,0,0,Unadjusted,0,0,0,0,none,0,0,Unadjusted,0,0,0,False,0,0,0.67,,,,,,,,,,,,,,
2020s_CAN_QC_Montreal-McTavish.716120_CWEC2016.epw,True,-5,1,single-family detached,8,1.8,180,0,0,4,0,0,4,0,0,4,0,0,4,750,1940,1,1,VentedAttic,gable,6:12,1,UnventedCrawlspace,4,1,9.25,0.38,0.44,0.37,0.3,WoodStud,14.5,21.2,solid concrete,10.1,interior,0,WoodFrame,5.3,5.3,none,medium,0.5,20.0,12.0,Right,ACH,50,15.0,unit exterior only,normal,11.35,False,False,False,False,ElectricResistance,1.0,1.0,none,HSPF,0.0,SEER,0.0,ACCA,false,1.0,1.0,false,none,electricity,1.0,none,electricity,none,,False,0,0.0,False,none,True,,1.0,1.0,electricity,EnergyFactor,0.92,0.0,0,0,125,storage water heater,conditioned space,True,electricity,CombinedEnergyFactor,2.7,0.8,IntegratedModifiedEnergyFactor,0.95,387,0.1065,1.218,24,7.538462,3.5,True,0.8,True,electricity,False,0.8,True,RatedAnnualkWh,290,0.12,1.09,23,4,12,True,1139,True,383,1.0,True,935,0.342,True,0,0.0,0.75,0,0,0.75,0,0,0.75,1.0,5,20,"66.2,66.2,66.2,66.2,66.2,66.2,66.2,66.2,66.2,66.2,66.2,66.2,66.2,66.2,66.2,66.2,66.2,66.2,66.2,66.2,66.2,66.2,66.2,66.2","66.2,66.2,66.2,66.2,66.2,66.2,66.2,66.2,66.2,66.2,66.2,66.2,66.2,66.2,66.2,66.2,66.2,66.2,66.2,66.2,66.2,66.2,66.2,66.2","71.6,71.6,71.6,71.6,71.6,71.6,71.6,71.6,71.6,71.6,71.6,71.6,71.6,71.6,71.6,71.6,71.6,71.6,71.6,71.6,71.6,71.6,71.6,71.6","71.6,71.6,71.6,71.6,71.6,71.6,71.6,71.6,71.6,71.6,71.6,71.6,71.6,71.6,71.6,71.6,71.6,71.6,71.6,71.6,71.6,71.6,71.6,71.6",none,0,0,Unadjusted,0,0,0,0,none,0,0,Unadjusted,0,0,0,False,0,0,0.67,60.0,,,,,,,,,,,,,
2020s_CAN_QC_Saguenay-Bagotville.AP-CFB.Bagotville.717270_CWEC2016.epw,True,-5,1,single-family detached,8,1.8,270,0,0,4,0,0,4,0,0,4,0,0,4,750,1985,3,2,VentedAttic,gable,6:12,2,ConditionedBasement,8,1,9.25,0.49,0.56,0.37,0.3,WoodStud,20.7,32.5,solid concrete,17.1,interior,0,WoodFrame,5.3,5.3,none,medium,1.0,8.838834764831844,15.90990257669732,Right,ACH,50,7.0,unit exterior only,normal,18.35,False,False,False,False,none,0.0,1.0,air-to-air,HSPF,7.7,SEER,13.0,ACCA,false,1.0,1.0,false,integrated,fuel oil,0.8,none,natural gas,none,,False,0,0.0,False,none,False,,1.0,1.0,electricity,EnergyFactor,0.92,0.0,0,0,125,storage water heater,conditioned space,True,electricity,CombinedEnergyFactor,2.7,0.8,IntegratedModifiedEnergyFactor,0.95,387,0.1065,1.218,24,7.538462,3.5,True,0.8,True,electricity,False,0.8,True,RatedAnnualkWh,290,0.12,1.09,23,4,12,True,433,False,0,0.0,True,935,0.342,True,0,0.0,0.12,0,0,0.12,0,0,0.12,1.0,5,20,"69.8,69.8,69.8,69.8,69.8,69.8,69.8,69.8,69.8,69.8,69.8,69.8,69.8,69.8,69.8,69.8,69.8,69.8,69.8,69.8,69.8,69.8,69.8,69.8","69.8,69.8,69.8,69.8,69.8,69.8,69.8,69.8,69.8,69.8,69.8,69.8,69.8,69.8,69.8,69.8,69.8,69.8,69.8,69.8,69.8,69.8,69.8,69.8","75.2,75.2,75.2,75.2,75.2,75.2,75.2,75.2,75.2,75.2,75.2,75.2,75.2,75.2,75.2,75.2,75.2,75.2,75.2,75.2,75.2,75.2,75.2,75.2","75.2,75.2,75.2,75.2,75.2,75.2,75.2,75.2,75.2,75.2,75.2,75.2,75.2,75.2,75.2,75.2,75.2,75.2,75.2,75.2,75.2,75.2,75.2,75.2",none,0,0,Unadjusted,0,0,0,0,none,0,0,Unadjusted,0,0,0,False,0,0,0.67,40.0,,,true,10.4,single stage,,,,,,,,
2020s_CAN_QC_Montreal-McTavish.716120_CWEC2016.epw,True,-5,1,single-family detached,8,1.8,180,0,0,4,0,0,4,0,0,4,0,0,4,298,1995,2,1,VentedAttic,gable,6:12,1,ConditionedBasement,8,1,9.25,0.38,0.44,0.37,0.3,WoodStud,20.7,32.5,solid concrete,17.1,interior,0,WoodFrame,5.3,5.3,none,medium,0.75,0.0,0.0,Right,ACH,50,6.0,unit exterior only,normal,18.35,False,False,False,False,ElectricResistance,1.0,1.0,none,HSPF,0.0,SEER,0.0,ACCA,false,1.0,1.0,false,none,electricity,1.0,none,electricity,mini-split,variable speed,False,0,0.0,False,none,False,,1.0,1.0,electricity,EnergyFactor,0.92,0.0,0,0,125,storage water heater,conditioned space,True,electricity,CombinedEnergyFactor,2.7,1.0,IntegratedModifiedEnergyFactor,0.95,387,0.1065,1.218,24,7.538462,3.5,True,1.0,True,electricity,False,1.0,False,RatedAnnualkWh,0,0.0,0.0,0,0,0,True,383,False,0,0.0,False,0,0.0,True,0,0.0,0.75,0,0,0.75,0,0,0.75,1.0,5,20,"68.0,68.0,68.0,68.0,68.0,68.0,68.0,69.8,69.8,69.8,68.0,68.0,68.0,68.0,68.0,69.8,69.8,69.8,69.8,69.8,69.8,69.8,68.0,68.0","68.0,68.0,68.0,68.0,68.0,68.0,68.0,69.8,69.8,69.8,68.0,68.0,68.0,68.0,68.0,69.8,69.8,69.8,69.8,69.8,69.8,69.8,68.0,68.0","68.0,68.0,68.0,68.0,68.0,68.0,68.0,68.0,68.0,68.0,68.0,68.0,68.0,68.0,68.0,68.0,68.0,68.0,68.0,68.0,68.0,68.0,68.0,68.0","68.0,68.0,68.0,68.0,68.0,68.0,68.0,68.0,68.0,68.0,68.0,68.0,68.0,68.0,68.0,68.0,68.0,68.0,68.0,68.0,68.0,68.0,68.0,68.0",none,0,0,Unadjusted,0,0,0,0,none,0,0,Unadjusted,0,0,0,False,0,0,0.67,60.0,,,,,,,,,,,,,
2020s_CAN_QC_Montreal-McTavish.716120_CWEC2016.epw,True,-5,1,single-family detached,8,1.8,0,0,0,4,0,0,4,0,0,4,0,0,4,3750,2005,5,5,VentedAttic,gable,6:12,2,UnconditionedBasement,8,1,9.25,0.49,0.56,0.37,0.3,WoodStud,20.7,32.5,solid concrete,17.1,interior,0,WoodFrame,17.8,17.8,none,medium,1.0,0.0,0.0,Right,ACH,50,8.0,unit exterior only,normal,18.35,False,False,False,False,ElectricResistance,1.0,1.0,none,HSPF,0.0,SEER,0.0,ACCA,false,1.0,1.0,false,none,electricity,1.0,none,electricity,none,,False,0,0.0,True,electric resistance,False,,1.0,1.0,electricity,EnergyFactor,0.92,0.0,0,0,125,storage water heater,conditioned space,True,electricity,CombinedEnergyFactor,2.7,1.0,IntegratedModifiedEnergyFactor,0.95,387,0.1065,1.218,24,7.538462,3.5,True,1.0,True,electricity,False,1.0,True,RatedAnnualkWh,318,0.12,1.09,25,4,12,True,433,True,748,1.0,True,935,0.342,True,0,0.0,0.12,0,0,0.12,0,0,0.12,1.0,5,20,"66.2,66.2,66.2,66.2,66.2,66.2,66.2,66.2,66.2,69.8,69.8,69.8,69.8,69.8,69.8,69.8,69.8,66.2,66.2,66.2,66.2,66.2,66.2,66.2","66.2,66.2,66.2,66.2,66.2,66.2,66.2,66.2,66.2,69.8,69.8,69.8,69.8,69.8,69.8,69.8,69.8,66.2,66.2,66.2,66.2,66.2,66.2,66.2","71.6,71.6,71.6,71.6,71.6,71.6,71.6,71.6,71.6,71.6,71.6,71.6,71.6,71.6,71.6,71.6,71.6,71.6,71.6,71.6,71.6,71.6,71.6,71.6","71.6,71.6,71.6,71.6,71.6,71.6,71.6,71.6,71.6,71.6,71.6,71.6,71.6,71.6,71.6,71.6,71.6,71.6,71.6,71.6,71.6,71.6,71.6,71.6",none,0,0,Unadjusted,0,0,0,0,none,0,0,Unadjusted,0,0,0,False,0,0,0.67,40.0,,,,,,,,,,,0.0,1434.2176649305554,
2020s_CAN_QC_Montreal-McTavish.716120_CWEC2016.epw,True,-5,1,single-family detached,8,1.8,90,0,0,4,0,0,4,0,0,4,0,0,4,2179,2005,4,2,VentedAttic,gable,6:12,2,ConditionedBasement,8,1,9.25,0.49,0.56,0.37,0.3,WoodStud,20.7,32.5,solid concrete,17.1,interior,0,WoodFrame,5.3,5.3,none,medium,1.0,0.0,0.0,Right,ACH,50,5.0,unit exterior only,normal,18.35,False,False,False,False,WallFurnace,1.0,1.0,none,HSPF,0.0,SEER,0.0,ACCA,false,1.0,1.0,false,none,electricity,1.0,none,electricity,central air conditioner,single stage,False,0,0.0,False,none,False,,1.0,1.0,electricity,EnergyFactor,0.92,0.0,0,0,125,storage water heater,conditioned space,True,electricity,CombinedEnergyFactor,2.7,1.2,IntegratedModifiedEnergyFactor,0.95,387,0.1065,1.218,24,7.538462,3.5,True,1.2,True,electricity,False,1.2,True,RatedAnnualkWh,290,0.12,1.09,23,4,12,True,383,False,0,0.0,True,935,0.342,True,0,0.0,0.12,0,0,0.12,0,0,0.12,1.0,5,20,"66.2,66.2,66.2,66.2,66.2,66.2,66.2,66.2,66.2,66.2,66.2,66.2,66.2,66.2,66.2,66.2,66.2,66.2,66.2,66.2,66.2,66.2,66.2,66.2","66.2,66.2,66.2,66.2,66.2,66.2,66.2,66.2,66.2,66.2,66.2,66.2,66.2,66.2,66.2,66.2,66.2,66.2,66.2,66.2,66.2,66.2,66.2,66.2","64.4,64.4,64.4,64.4,64.4,64.4,64.4,64.4,64.4,64.4,64.4,64.4,64.4,64.4,64.4,64.4,64.4,64.4,64.4,64.4,64.4,64.4,64.4,64.4","64.4,64.4,64.4,64.4,64.4,64.4,64.4,64.4,64.4,64.4,64.4,64.4,64.4,64.4,64.4,64.4,64.4,64.4,64.4,64.4,64.4,64.4,64.4,64.4",none,0,0,Unadjusted,0,0,0,0,none,0,0,Unadjusted,0,0,0,False,0,0,0.67,60.0,,,,,,,,,,,,,
2020s_CAN_QC_Montreal-McTavish.716120_CWEC2016.epw,True,-5,116,apartment unit,8,0.5556,180,0,0,4,0,0,4,0,0,4,0,0,4,750,2005,2,3,VentedAttic,gable,6:12,1,SlabOnGrade,0,0,0.0,0.49,0.56,0.37,0.3,WoodStud,18.9,31.4,solid concrete,17.1,interior,0,WoodFrame,0.0,5.3,none,medium,0.5,0.0,0.0,Right,ACH,50,2.071508466077834,unit exterior only,normal,0.0,True,True,True,False,ElectricResistance,1.0,1.0,none,HSPF,0.0,SEER,0.0,ACCA,false,1.0,1.0,false,none,electricity,1.0,none,electricity,mini-split,variable speed,False,0,0.0,False,none,False,,1.0,1.0,electricity,EnergyFactor,0.92,0.0,0,0,125,storage water heater,conditioned space,True,electricity,CombinedEnergyFactor,2.7,1.0,IntegratedModifiedEnergyFactor,0.95,387,0.1065,1.218,24,7.538462,3.5,True,1.0,True,electricity,False,1.0,False,RatedAnnualkWh,0,0.0,0.0,0,0,0,True,1139,False,0,0.0,False,0,0.0,True,0,0.0,0.37,0,0,0.37,0,0,0.37,1.0,5,20,"60.8,60.8,60.8,60.8,60.8,60.8,60.8,60.8,64.4,64.4,64.4,64.4,64.4,64.4,64.4,64.4,64.4,64.4,64.4,64.4,64.4,64.4,64.4,60.8","60.8,60.8,60.8,60.8,60.8,60.8,60.8,60.8,64.4,64.4,64.4,64.4,64.4,64.4,64.4,64.4,64.4,64.4,64.4,64.4,64.4,64.4,64.4,60.8","73.4,73.4,73.4,73.4,73.4,73.4,73.4,73.4,73.4,73.4,73.4,73.4,73.4,73.4,73.4,73.4,73.4,73.4,73.4,73.4,73.4,73.4,73.4,73.4","73.4,73.4,73.4,73.4,73.4,73.4,73.4,73.4,73.4,73.4,73.4,73.4,73.4,73.4,73.4,73.4,73.4,73.4,73.4,73.4,73.4,73.4,73.4,73.4",none,0,0,Unadjusted,0,0,0,0,none,0,0,Unadjusted,0,0,0,False,0,0,0.67,60.0,,,,,,,,,,,,,
2020s_CAN_QC_Quebec-Lesage.Intl.AP.717140_CWEC2016.epw,True,-5,2,apartment unit,8,0.5556,180,0,0,4,0,0,4,0,0,4,0,0,4,2648,1940,5,5,VentedAttic,gable,6:12,1,SlabOnGrade,0,0,0.0,0.76,0.67,0.37,0.3,WoodStud,12.2,14.1,solid concrete,10.1,interior,0,WoodFrame,0.0,5.3,none,medium,0.5,0.0,0.0,Right,ACH,50,8.0,unit exterior only,normal,0.0,False,False,False,False,ElectricResistance,1.0,1.0,none,HSPF,0.0,SEER,0.0,ACCA,false,1.0,1.0,false,none,electricity,1.0,none,electricity,none,,False,0,0.0,False,none,True,heat pump,1.0,0.45,electricity,EnergyFactor,0.92,0.0,0,0,125,storage water heater,conditioned space,True,electricity,CombinedEnergyFactor,2.7,1.0,IntegratedModifiedEnergyFactor,0.95,387,0.1065,1.218,24,7.538462,3.5,True,1.0,True,electricity,False,1.0,True,RatedAnnualkWh,318,0.12,1.09,25,4,12,True,1139,False,0,0.0,False,0,0.0,True,0,0.0,0.37,0,0,0.37,0,0,0.37,1.0,5,20,"71.6,71.6,71.6,71.6,71.6,71.6,71.6,71.6,71.6,71.6,71.6,71.6,71.6,71.6,71.6,71.6,71.6,71.6,71.6,71.6,71.6,71.6,71.6,71.6","71.6,71.6,71.6,71.6,71.6,71.6,71.6,71.6,71.6,71.6,71.6,71.6,71.6,71.6,71.6,71.6,71.6,71.6,71.6,71.6,71.6,71.6,71.6,71.6","69.8,69.8,69.8,69.8,69.8,69.8,69.8,69.8,69.8,69.8,69.8,69.8,69.8,69.8,69.8,69.8,69.8,69.8,69.8,69.8,69.8,69.8,69.8,69.8","69.8,69.8,69.8,69.8,69.8,69.8,69.8,69.8,69.8,69.8,69.8,69.8,69.8,69.8,69.8,69.8,69.8,69.8,69.8,69.8,69.8,69.8,69.8,69.8",none,0,0,Unadjusted,0,0,0,0,none,0,0,Unadjusted,0,0,0,False,0,0,0.67,,10.0,1.0,,,,,,,,,,,
2020s_CAN_QC_Montreal-McTavish.716120_CWEC2016.epw,True,-5,183,apartment unit,8,0.5556,225,0,0,4,0,0,4,0,0,4,0,0,4,750,2015,1,1,VentedAttic,gable,6:12,1,SlabOnGrade,0,0,0.0,0.49,0.56,0.37,0.3,WoodStud,24.5,42.6,solid concrete,17.0,interior,0,WoodFrame,0.0,5.3,none,medium,0.5,0.0,0.0,Right,ACH,50,4.563678419567488,unit exterior only,normal,0.0,True,True,True,False,ElectricResistance,1.0,1.0,none,HSPF,0.0,SEER,0.0,ACCA,false,1.0,1.0,false,none,electricity,1.0,none,electricity,central air conditioner,single stage,False,0,0.0,False,none,False,,1.0,1.0,electricity,EnergyFactor,0.92,0.0,0,0,125,storage water heater,conditioned space,True,electricity,CombinedEnergyFactor,2.7,1.2,IntegratedModifiedEnergyFactor,0.95,387,0.1065,1.218,24,7.538462,3.5,True,1.2,False,natural gas,False,1.2,False,RatedAnnualkWh,0,0.0,0.0,0,0,0,True,1139,False,0,0.0,True,935,0.342,True,0,0.0,0.75,0,0,0.75,0,0,0.75,1.0,5,20,"64.4,64.4,64.4,64.4,64.4,64.4,64.4,69.8,69.8,69.8,69.8,69.8,69.8,69.8,69.8,69.8,64.4,64.4,64.4,64.4,64.4,64.4,64.4,64.4","64.4,64.4,64.4,64.4,64.4,64.4,64.4,69.8,69.8,69.8,69.8,69.8,69.8,69.8,69.8,69.8,64.4,64.4,64.4,64.4,64.4,64.4,64.4,64.4","64.4,64.4,64.4,64.4,64.4,64.4,64.4,64.4,64.4,64.4,64.4,64.4,64.4,64.4,64.4,64.4,64.4,64.4,64.4,64.4,64.4,64.4,64.4,64.4","64.4,64.4,64.4,64.4,64.4,64.4,64.4,64.4,64.4,64.4,64.4,64.4,64.4,64.4,64.4,64.4,64.4,64.4,64.4,64.4,64.4,64.4,64.4,64.4",none,0,0,Unadjusted,0,0,0,0,none,0,0,Unadjusted,0,0,0,False,0,0,0.67,40.0,,,,,,,,,,,,,
2020s_CAN_QC_Quebec-Lesage.Intl.AP.717140_CWEC2016.epw,True,-5,116,apartment unit,8,0.5556,0,0,0,4,0,0,4,0,0,4,0,0,4,750,1985,1,2,VentedAttic,gable,6:12,1,SlabOnGrade,0,0,0.0,0.37,0.3,0.37,0.3,WoodStud,18.9,31.4,solid concrete,17.1,interior,0,WoodFrame,0.0,5.3,none,medium,0.5,0.0,0.0,Right,ACH,50,3.2104515083487204,unit exterior only,normal,0.0,True,True,True,False,ElectricResistance,1.0,1.0,none,HSPF,0.0,SEER,0.0,ACCA,false,1.0,1.0,false,none,electricity,1.0,none,electricity,central air conditioner,single stage,False,0,0.0,False,none,False,,1.0,1.0,electricity,EnergyFactor,0.92,0.0,0,0,125,storage water heater,conditioned space,True,electricity,CombinedEnergyFactor,2.7,1.0,IntegratedModifiedEnergyFactor,0.0,0,0.0,0.0,0,0.0,0.0,False,1.0,True,electricity,False,1.0,True,RatedAnnualkWh,290,0.12,1.09,23,4,12,True,1139,False,0,0.0,True,935,0.342,True,0,0.0,0.75,0,0,0.75,0,0,0.75,1.0,5,20,"68.0,68.0,68.0,68.0,68.0,68.0,68.0,68.0,64.4,64.4,64.4,64.4,64.4,64.4,64.4,64.4,68.0,68.0,68.0,68.0,68.0,68.0,68.0,68.0","68.0,68.0,68.0,68.0,68.0,68.0,68.0,68.0,64.4,64.4,64.4,64.4,64.4,64.4,64.4,64.4,68.0,68.0,68.0,68.0,68.0,68.0,68.0,68.0","71.6,71.6,71.6,71.6,71.6,71.6,71.6,71.6,71.6,71.6,71.6,71.6,71.6,71.6,71.6,71.6,71.6,71.6,71.6,71.6,71.6,71.6,71.6,71.6","71.6,71.6,71.6,71.6,71.6,71.6,71.6,71.6,71.6,71.6,71.6,71.6,71.6,71.6,71.6,71.6,71.6,71.6,71.6,71.6,71.6,71.6,71.6,71.6",none,0,0,Unadjusted,0,0,0,0,none,0,0,Unadjusted,0,0,0,False,0,0,0.67,,,,,,,,,,,,,,
2020s_CAN_QC_Montreal-McTavish.716120_CWEC2016.epw,True,-5,116,apartment unit,8,0.5556,0,0,0,4,0,0,4,0,0,4,0,0,4,750,1995,2,1,VentedAttic,gable,6:12,1,SlabOnGrade,0,0,0.0,0.49,0.56,0.37,0.3,WoodStud,18.9,31.4,solid concrete,17.1,interior,0,WoodFrame,0.0,5.3,none,medium,0.5,0.0,0.0,Right,ACH,50,1.5495939874417772,unit exterior only,normal,0.0,True,False,True,False,ElectricResistance,1.0,1.0,none,HSPF,0.0,SEER,0.0,ACCA,false,1.0,1.0,false,none,electricity,1.0,none,electricity,none,,False,0,0.0,False,none,False,,1.0,1.0,electricity,EnergyFactor,0.92,0.0,0,0,125,storage water heater,conditioned space,False,natural gas,CombinedEnergyFactor,2.7,1.2,IntegratedModifiedEnergyFactor,0.0,0,0.0,0.0,0,0.0,0.0,False,1.2,True,electricity,False,1.2,False,RatedAnnualkWh,0,0.0,0.0,0,0,0,True,480,False,0,0.0,False,0,0.0,True,0,0.0,0.75,0,0,0.75,0,0,0.75,1.0,5,20,"69.8,69.8,69.8,69.8,69.8,68.0,68.0,64.4,64.4,64.4,64.4,64.4,64.4,64.4,64.4,64.4,64.4,64.4,68.0,68.0,68.0,68.0,68.0,68.0","69.8,69.8,69.8,69.8,69.8,68.0,68.0,64.4,64.4,64.4,64.4,64.4,64.4,64.4,64.4,64.4,64.4,64.4,68.0,68.0,68.0,68.0,68.0,68.0","69.8,69.8,69.8,69.8,69.8,69.8,69.8,69.8,69.8,69.8,69.8,69.8,69.8,69.8,69.8,69.8,69.8,69.8,69.8,69.8,69.8,69.8,69.8,69.8","69.8,69.8,69.8,69.8,69.8,69.8,69.8,69.8,69.8,69.8,69.8,69.8,69.8,69.8,69.8,69.8,69.8,69.8,69.8,69.8,69.8,69.8,69.8,69.8",none,0,0,Unadjusted,0,0,0,0,none,0,0,Unadjusted,0,0,0,False,0,0,0.67,40.0,,,,,,,,,,,,,
2020s_CAN_QC_Montreal-McTavish.716120_CWEC2016.epw,True,-5,12,apartment unit,8,0.5556,90,0,0,4,0,0,4,0,0,4,0,0,4,750,2005,2,1,VentedAttic,gable,6:12,1,SlabOnGrade,0,0,0.0,0.76,0.67,0.37,0.3,WoodStud,18.9,31.4,solid concrete,17.1,interior,0,WoodFrame,0.0,5.3,none,medium,0.5,0.0,0.0,Right,ACH,50,6.0,unit exterior only,normal,0.0,False,True,True,False,ElectricResistance,1.0,1.0,none,HSPF,0.0,SEER,0.0,ACCA,false,1.0,1.0,false,none,electricity,1.0,none,electricity,central air conditioner,single stage,False,0,0.0,False,none,False,,1.0,1.0,electricity,EnergyFactor,0.92,0.0,0,0,125,storage water heater,conditioned space,False,natural gas,CombinedEnergyFactor,2.7,1.2,IntegratedModifiedEnergyFactor,0.95,387,0.1065,1.218,24,7.538462,3.5,True,1.2,True,electricity,False,1.2,True,RatedAnnualkWh,290,0.12,1.09,23,4,12,True,433,False,0,0.0,False,0,0.0,True,0,0.0,0.0,0,0,0.0,0,0,0.0,1.0,5,20,"68.0,68.0,68.0,68.0,68.0,68.0,68.0,68.0,68.0,68.0,68.0,68.0,68.0,68.0,68.0,68.0,68.0,68.0,68.0,68.0,68.0,68.0,68.0,68.0","68.0,68.0,68.0,68.0,68.0,68.0,68.0,68.0,68.0,68.0,68.0,68.0,68.0,68.0,68.0,68.0,68.0,68.0,68.0,68.0,68.0,68.0,68.0,68.0","69.8,69.8,69.8,69.8,69.8,69.8,69.8,69.8,69.8,69.8,69.8,69.8,69.8,69.8,69.8,69.8,69.8,69.8,69.8,69.8,69.8,69.8,69.8,69.8","69.8,69.8,69.8,69.8,69.8,69.8,69.8,69.8,69.8,69.8,69.8,69.8,69.8,69.8,69.8,69.8,69.8,69.8,69.8,69.8,69.8,69.8,69.8,69.8",none,0,0,Unadjusted,0,0,0,0,none,0,0,Unadjusted,0,0,0,False,0,0,0.67,60.0,,,,,,,,,,,,,
2020s_CAN_QC_Montreal-McTavish.716120_CWEC2016.epw,True,-5,1,single-family detached,8,1.8,180,0,0,4,0,0,4,0,0,4,0,0,4,2179,1955,4,2,VentedAttic,gable,6:12,3,ConditionedBasement,8,1,9.25,0.49,0.56,0.37,0.3,WoodStud,14.0,26.2,solid concrete,12.0,interior,0,WoodFrame,5.3,5.3,none,medium,1.0,0.0,0.0,Right,ACH,50,10.0,unit exterior only,normal,13.25,False,False,False,False,none,0.0,1.0,mini-split,HSPF,13.3,SEER,33.0,ACCA,false,1.0,1.0,false,integrated,electricity,1.0,none,electricity,none,,False,0,0.0,False,none,True,heat pump,1.0,1.0,electricity,EnergyFactor,0.92,0.0,0,0,125,storage water heater,conditioned space,True,electricity,CombinedEnergyFactor,2.7,1.0,IntegratedModifiedEnergyFactor,0.95,387,0.1065,1.218,24,7.538462,3.5,True,1.0,True,electricity,False,1.0,True,RatedAnnualkWh,290,0.12,1.09,23,4,12,True,1139,False,0,0.0,True,935,0.342,True,0,0.0,0.0,0,0,0.0,0,0,0.0,1.0,5,20,"68.0,68.0,68.0,68.0,68.0,68.0,68.0,68.0,68.0,68.0,68.0,68.0,68.0,68.0,68.0,68.0,68.0,68.0,68.0,68.0,68.0,68.0,68.0,68.0","68.0,68.0,68.0,68.0,68.0,68.0,68.0,68.0,68.0,68.0,68.0,68.0,68.0,68.0,68.0,68.0,68.0,68.0,68.0,68.0,68.0,68.0,68.0,68.0","69.8,69.8,69.8,69.8,69.8,69.8,69.8,69.8,69.8,69.8,69.8,69.8,69.8,69.8,69.8,69.8,69.8,69.8,69.8,69.8,69.8,69.8,69.8,69.8","69.8,69.8,69.8,69.8,69.8,69.8,69.8,69.8,69.8,69.8,69.8,69.8,69.8,69.8,69.8,69.8,69.8,69.8,69.8,69.8,69.8,69.8,69.8,69.8",none,0,0,Unadjusted,0,0,0,0,none,0,0,Unadjusted,0,0,0,False,0,0,0.67,70.0,,,false,,variable speed,0.5,-15.0,,,,,,
2020s_CAN_QC_Saguenay-Bagotville.AP-CFB.Bagotville.717270_CWEC2016.epw,True,-5,1,single-family detached,8,1.8,315,0,0,4,0,0,4,0,0,4,0,0,4,2179,1940,3,2,VentedAttic,gable,6:12,3,ConditionedBasement,8,1,9.25,0.49,0.56,0.37,0.3,WoodStud,14.5,21.2,solid concrete,10.1,interior,0,WoodFrame,5.3,5.3,none,medium,1.0,0.0,0.0,Right,ACH,50,10.0,unit exterior only,normal,11.35,False,False,False,False,Boiler,0.72,1.0,none,HSPF,0.0,SEER,0.0,ACCA,false,1.0,1.0,false,none,electricity,1.0,none,wood,central air conditioner,single stage,False,0,0.0,False,none,False,,1.0,1.0,electricity,EnergyFactor,0.92,0.0,0,0,125,storage water heater,conditioned space,True,electricity,CombinedEnergyFactor,2.7,0.8,IntegratedModifiedEnergyFactor,0.95,387,0.1065,1.218,24,7.538462,3.5,True,0.8,True,electricity,False,0.8,True,RatedAnnualkWh,318,0.12,1.09,25,4,12,True,727,False,0,0.0,True,935,0.342,True,0,0.0,0.75,0,0,0.75,0,0,0.75,1.0,5,20,"68.0,68.0,68.0,68.0,68.0,68.0,68.0,68.0,68.0,68.0,68.0,68.0,68.0,68.0,68.0,68.0,68.0,68.0,68.0,68.0,68.0,68.0,68.0,68.0","68.0,68.0,68.0,68.0,68.0,68.0,68.0,68.0,68.0,68.0,68.0,68.0,68.0,68.0,68.0,68.0,68.0,68.0,68.0,68.0,68.0,68.0,68.0,68.0","68.0,68.0,68.0,68.0,68.0,68.0,68.0,68.0,68.0,68.0,68.0,68.0,68.0,68.0,68.0,68.0,68.0,68.0,68.0,68.0,68.0,68.0,68.0,68.0","68.0,68.0,68.0,68.0,68.0,68.0,68.0,68.0,68.0,68.0,68.0,68.0,68.0,68.0,68.0,68.0,68.0,68.0,68.0,68.0,68.0,68.0,68.0,68.0",none,0,0,Unadjusted,0,0,0,0,none,0,0,Unadjusted,0,0,0,False,0,0,0.67,40.0,,,,,,,,,,,,,
2020s_CAN_QC_Montreal-McTavish.716120_CWEC2016.epw,True,-5,1,single-family detached,8,1.8,90,0,0,4,0,0,4,0,0,4,0,0,4,1698,1940,3,2,VentedAttic,gable,6:12,3,ConditionedBasement,8,1,9.25,0.37,0.3,0.37,0.3,WoodStud,14.5,21.2,solid concrete,10.1,interior,0,WoodFrame,5.3,5.3,none,medium,1.0,0.0,0.0,Right,ACH,50,8.0,unit exterior only,normal,11.35,False,False,False,False,Boiler,0.72,1.0,none,HSPF,0.0,SEER,0.0,ACCA,false,1.0,1.0,false,none,electricity,1.0,none,wood,none,,False,0,0.0,False,none,False,,1.0,1.0,electricity,EnergyFactor,0.92,0.0,0,0,125,storage water heater,conditioned space,True,electricity,CombinedEnergyFactor,2.7,1.0,IntegratedModifiedEnergyFactor,0.95,387,0.1065,1.218,24,7.538462,3.5,True,1.0,True,electricity,False,1.0,False,RatedAnnualkWh,0,0.0,0.0,0,0,0,True,348,False,0,0.0,True,935,0.342,True,0,0.0,0.75,0,0,0.75,0,0,0.75,1.0,5,20,"64.4,64.4,64.4,64.4,64.4,64.4,71.6,71.6,64.4,64.4,64.4,64.4,64.4,64.4,64.4,64.4,71.6,71.6,71.6,71.6,71.6,71.6,71.6,71.6","64.4,64.4,64.4,64.4,64.4,64.4,71.6,71.6,64.4,64.4,64.4,64.4,64.4,64.4,64.4,64.4,71.6,71.6,71.6,71.6,71.6,71.6,71.6,71.6","73.4,73.4,73.4,73.4,73.4,73.4,73.4,73.4,73.4,73.4,73.4,73.4,73.4,73.4,73.4,73.4,73.4,73.4,73.4,73.4,73.4,73.4,73.4,73.4","73.4,73.4,73.4,73.4,73.4,73.4,73.4,73.4,73.4,73.4,73.4,73.4,73.4,73.4,73.4,73.4,73.4,73.4,73.4,73.4,73.4,73.4,73.4,73.4",none,0,0,Unadjusted,0,0,0,0,none,0,0,Unadjusted,0,0,0,False,0,0,0.67,40.0,,,,,,,,,,,,,
2020s_CAN_QC_Montreal-McTavish.716120_CWEC2016.epw,True,-5,1,single-family detached,8,1.8,180,0,0,4,0,0,4,0,0,4,0,0,4,1228,1985,5,2,VentedAttic,gable,6:12,2,ConditionedBasement,8,1,9.25,0.37,0.3,0.37,0.3,WoodStud,20.7,32.5,solid concrete,17.1,interior,0,WoodFrame,5.3,5.3,none,medium,1.0,12.0,22.0,Right,ACH,50,4.0,unit exterior only,normal,18.35,False,False,False,False,none,0.0,1.0,air-to-air,HSPF,7.7,SEER,13.0,ACCA,false,1.0,1.0,false,integrated,electricity,1.0,none,electricity,none,,False,0,0.0,False,none,False,,1.0,1.0,electricity,EnergyFactor,0.92,0.0,0,0,125,storage water heater,conditioned space,True,electricity,CombinedEnergyFactor,2.7,0.8,IntegratedModifiedEnergyFactor,0.95,387,0.1065,1.218,24,7.538462,3.5,True,0.8,True,electricity,False,0.8,True,RatedAnnualkWh,290,0.12,1.09,23,4,12,True,748,False,0,0.0,False,0,0.0,True,0,0.0,0.0,0,0,0.0,0,0,0.0,1.0,5,20,"66.2,66.2,66.2,66.2,66.2,66.2,66.2,66.2,66.2,66.2,66.2,66.2,66.2,66.2,66.2,66.2,66.2,66.2,66.2,66.2,66.2,66.2,66.2,66.2","66.2,66.2,66.2,66.2,66.2,66.2,66.2,66.2,66.2,66.2,66.2,66.2,66.2,66.2,66.2,66.2,66.2,66.2,66.2,66.2,66.2,66.2,66.2,66.2","71.6,71.6,71.6,71.6,71.6,71.6,71.6,71.6,71.6,71.6,71.6,71.6,71.6,71.6,71.6,71.6,71.6,71.6,71.6,71.6,71.6,71.6,71.6,71.6","71.6,71.6,71.6,71.6,71.6,71.6,71.6,71.6,71.6,71.6,71.6,71.6,71.6,71.6,71.6,71.6,71.6,71.6,71.6,71.6,71.6,71.6,71.6,71.6",none,0,0,Unadjusted,0,0,0,0,none,0,0,Unadjusted,0,0,0,False,0,0,0.67,,,,true,,single stage,,,,,,,,
2020s_CAN_QC_Montreal-McTavish.716120_CWEC2016.epw,True,-5,67,apartment unit,8,0.5556,225,0,0,4,0,0,4,0,0,4,0,0,4,4250,2020,2,1,VentedAttic,gable,6:12,1,SlabOnGrade,0,0,0.0,0.49,0.56,0.37,0.3,WoodStud,24.5,42.6,solid concrete,17.0,interior,0,WoodFrame,0.0,5.3,none,medium,0.5,0.0,0.0,Right,ACH,50,4.53733453596938,unit exterior only,normal,0.0,True,True,True,False,ElectricResistance,1.0,1.0,none,HSPF,0.0,SEER,0.0,ACCA,false,1.0,1.0,false,none,electricity,1.0,none,electricity,central air conditioner,single stage,False,0,0.0,False,none,False,,1.0,1.0,electricity,EnergyFactor,0.92,0.0,0,0,125,storage water heater,conditioned space,True,electricity,CombinedEnergyFactor,2.7,1.0,IntegratedModifiedEnergyFactor,0.0,0,0.0,0.0,0,0.0,0.0,False,1.0,True,electricity,False,1.0,False,RatedAnnualkWh,0,0.0,0.0,0,0,0,True,433,False,0,0.0,False,0,0.0,True,0,0.0,0.0,0,0,0.0,0,0,0.0,1.0,5,20,"66.2,66.2,66.2,66.2,66.2,66.2,71.6,69.8,69.8,69.8,69.8,69.8,69.8,69.8,69.8,69.8,69.8,71.6,71.6,71.6,71.6,71.6,71.6,71.6","66.2,66.2,66.2,66.2,66.2,66.2,71.6,69.8,69.8,69.8,69.8,69.8,69.8,69.8,69.8,69.8,69.8,71.6,71.6,71.6,71.6,71.6,71.6,71.6","77.0,77.0,77.0,77.0,77.0,77.0,77.0,77.0,77.0,77.0,77.0,77.0,77.0,77.0,77.0,77.0,77.0,77.0,77.0,77.0,77.0,77.0,77.0,77.0","77.0,77.0,77.0,77.0,77.0,77.0,77.0,77.0,77.0,77.0,77.0,77.0,77.0,77.0,77.0,77.0,77.0,77.0,77.0,77.0,77.0,77.0,77.0,77.0",none,0,0,Unadjusted,0,0,0,0,none,0,0,Unadjusted,0,0,0,False,0,0,0.67,60.0,,,,,,,,,,,,,
2020s_CAN_QC_Montreal-McTavish.716120_CWEC2016.epw,True,-5,1,single-family detached,8,1.8,315,0,0,4,0,0,4,0,0,4,0,0,4,1228,1940,3,1,VentedAttic,gable,6:12,3,ConditionedBasement,8,1,9.25,0.37,0.3,0.37,0.3,WoodStud,14.5,21.2,solid concrete,10.1,interior,0,WoodFrame,5.3,5.3,none,medium,1.0,12.0,22.0,Right,ACH,50,5.0,unit exterior only,normal,11.35,False,False,False,False,Boiler,0.72,1.0,none,HSPF,0.0,SEER,0.0,ACCA,false,1.0,1.0,false,none,electricity,1.0,none,wood,central air conditioner,single stage,False,0,0.0,False,none,False,,1.0,1.0,electricity,EnergyFactor,0.92,0.0,0,0,125,storage water heater,conditioned space,True,electricity,CombinedEnergyFactor,2.7,1.2,IntegratedModifiedEnergyFactor,0.95,387,0.1065,1.218,24,7.538462,3.5,True,1.2,True,electricity,False,1.2,False,RatedAnnualkWh,0,0.0,0.0,0,0,0,True,383,False,0,0.0,True,935,0.342,True,0,0.0,0.37,0,0,0.37,0,0,0.37,1.0,5,20,"66.2,66.2,66.2,66.2,66.2,68.0,68.0,71.6,71.6,71.6,71.6,71.6,71.6,71.6,71.6,71.6,71.6,68.0,68.0,68.0,68.0,68.0,68.0,68.0","66.2,66.2,66.2,66.2,66.2,68.0,68.0,71.6,71.6,71.6,71.6,71.6,71.6,71.6,71.6,71.6,71.6,68.0,68.0,68.0,68.0,68.0,68.0,68.0","71.6,71.6,71.6,71.6,71.6,71.6,71.6,71.6,71.6,71.6,71.6,71.6,71.6,71.6,71.6,71.6,71.6,71.6,71.6,71.6,71.6,71.6,71.6,71.6","71.6,71.6,71.6,71.6,71.6,71.6,71.6,71.6,71.6,71.6,71.6,71.6,71.6,71.6,71.6,71.6,71.6,71.6,71.6,71.6,71.6,71.6,71.6,71.6",none,0,0,Unadjusted,0,0,0,0,none,0,0,Unadjusted,0,0,0,False,0,0,0.67,60.0,,,,,,,,,,,,,
2020s_CAN_QC_Saguenay-Bagotville.AP-CFB.Bagotville.717270_CWEC2016.epw,True,-5,67,apartment unit,8,0.5556,315,0,0,4,0,0,4,0,0,4,0,0,4,2648,1985,1,1,VentedAttic,gable,6:12,1,SlabOnGrade,0,0,0.0,0.49,0.56,0.37,0.3,WoodStud,18.9,31.4,solid concrete,17.1,interior,0,WoodFrame,0.0,5.3,none,medium,0.5,0.0,0.0,Right,ACH,50,6.391713632154444,unit exterior only,normal,0.0,False,True,True,False,ElectricResistance,1.0,1.0,none,HSPF,0.0,SEER,0.0,ACCA,false,1.0,1.0,false,none,electricity,1.0,none,electricity,mini-split,variable speed,False,0,0.0,False,none,False,,1.0,1.0,electricity,EnergyFactor,0.92,0.0,0,0,125,storage water heater,conditioned space,True,electricity,CombinedEnergyFactor,2.7,1.0,IntegratedModifiedEnergyFactor,0.95,387,0.1065,1.218,24,7.538462,3.5,True,1.0,True,electricity,False,1.0,False,RatedAnnualkWh,0,0.0,0.0,0,0,0,True,383,False,0,0.0,False,0,0.0,True,0,0.0,0.12,0,0,0.12,0,0,0.12,1.0,5,20,"62.6,62.6,62.6,62.6,62.6,69.8,69.8,62.6,62.6,62.6,62.6,62.6,62.6,62.6,62.6,62.6,69.8,69.8,69.8,69.8,69.8,62.6,62.6,62.6","62.6,62.6,62.6,62.6,62.6,69.8,69.8,62.6,62.6,62.6,62.6,62.6,62.6,62.6,62.6,62.6,69.8,69.8,69.8,69.8,69.8,62.6,62.6,62.6","77.0,77.0,77.0,77.0,77.0,77.0,77.0,77.0,77.0,77.0,77.0,77.0,77.0,77.0,77.0,77.0,77.0,77.0,77.0,77.0,77.0,77.0,77.0,77.0","77.0,77.0,77.0,77.0,77.0,77.0,77.0,77.0,77.0,77.0,77.0,77.0,77.0,77.0,77.0,77.0,77.0,77.0,77.0,77.0,77.0,77.0,77.0,77.0",none,0,0,Unadjusted,0,0,0,0,none,0,0,Unadjusted,0,0,0,False,0,0,0.67,,,,,,,,,,,,,,
2020s_CAN_QC_Quebec-Lesage.Intl.AP.717140_CWEC2016.epw,True,-5,1,single-family detached,8,1.8,0,0,0,4,0,0,4,0,0,4,0,0,4,1228,2015,5,3,VentedAttic,gable,6:12,2,ConditionedBasement,8,1,9.25,0.49,0.56,0.37,0.3,WoodStud,24.5,42.6,solid concrete,17.0,interior,0,WoodFrame,5.3,5.3,none,medium,1.0,0.0,0.0,Right,ACH,50,5.0,unit exterior only,normal,18.25,False,False,False,False,WallFurnace,1.0,1.0,none,HSPF,0.0,SEER,0.0,ACCA,false,1.0,1.0,false,none,electricity,1.0,none,electricity,mini-split,variable speed,False,0,0.0,False,none,False,,1.0,1.0,electricity,EnergyFactor,0.92,0.0,0,0,125,storage water heater,conditioned space,True,electricity,CombinedEnergyFactor,2.7,1.0,IntegratedModifiedEnergyFactor,0.95,387,0.1065,1.218,24,7.538462,3.5,True,1.0,True,electricity,False,1.0,False,RatedAnnualkWh,0,0.0,0.0,0,0,0,True,383,False,0,0.0,True,935,0.342,True,0,0.0,0.37,0,0,0.37,0,0,0.37,1.0,5,20,"66.2,66.2,66.2,66.2,66.2,66.2,66.2,66.2,66.2,66.2,66.2,66.2,66.2,66.2,66.2,66.2,66.2,66.2,66.2,66.2,66.2,66.2,66.2,66.2","66.2,66.2,66.2,66.2,66.2,66.2,66.2,66.2,66.2,66.2,66.2,66.2,66.2,66.2,66.2,66.2,66.2,66.2,66.2,66.2,66.2,66.2,66.2,66.2","75.2,75.2,75.2,75.2,75.2,75.2,75.2,75.2,75.2,75.2,75.2,75.2,75.2,75.2,75.2,75.2,75.2,75.2,75.2,75.2,75.2,75.2,75.2,75.2","75.2,75.2,75.2,75.2,75.2,75.2,75.2,75.2,75.2,75.2,75.2,75.2,75.2,75.2,75.2,75.2,75.2,75.2,75.2,75.2,75.2,75.2,75.2,75.2",none,0,0,Unadjusted,0,0,0,0,none,0,0,Unadjusted,0,0,0,False,0,0,0.67,60.0,,,,,,,,,,,,,
2020s_CAN_QC_Montreal-McTavish.716120_CWEC2016.epw,True,-5,12,apartment unit,8,0.5556,270,0,0,4,0,0,4,0,0,4,0,0,4,1138,1975,2,1,VentedAttic,gable,6:12,1,SlabOnGrade,0,0,0.0,0.37,0.3,0.37,0.3,WoodStud,12.6,19.9,solid concrete,14.4,interior,0,WoodFrame,0.0,5.3,none,medium,0.5,0.0,0.0,Right,ACH,50,5.0,unit exterior only,normal,0.0,False,True,True,False,ElectricResistance,1.0,1.0,none,HSPF,0.0,SEER,0.0,ACCA,false,1.0,1.0,false,none,electricity,1.0,none,electricity,central air conditioner,single stage,False,0,0.0,False,none,False,,1.0,1.0,electricity,EnergyFactor,0.92,0.0,0,0,125,storage water heater,conditioned space,True,electricity,CombinedEnergyFactor,2.7,1.0,IntegratedModifiedEnergyFactor,0.95,387,0.1065,1.218,24,7.538462,3.5,True,1.0,True,electricity,False,1.0,False,RatedAnnualkWh,0,0.0,0.0,0,0,0,True,348,False,0,0.0,True,935,0.342,True,0,0.0,0.0,0,0,0.0,0,0,0.0,1.0,5,20,"69.8,69.8,69.8,69.8,69.8,69.8,69.8,69.8,69.8,69.8,69.8,69.8,69.8,69.8,69.8,69.8,69.8,69.8,69.8,69.8,69.8,69.8,69.8,69.8","69.8,69.8,69.8,69.8,69.8,69.8,69.8,69.8,69.8,69.8,69.8,69.8,69.8,69.8,69.8,69.8,69.8,69.8,69.8,69.8,69.8,69.8,69.8,69.8","73.4,73.4,73.4,73.4,73.4,73.4,73.4,73.4,73.4,73.4,73.4,73.4,73.4,73.4,73.4,73.4,73.4,73.4,73.4,73.4,73.4,73.4,73.4,73.4","73.4,73.4,73.4,73.4,73.4,73.4,73.4,73.4,73.4,73.4,73.4,73.4,73.4,73.4,73.4,73.4,73.4,73.4,73.4,73.4,73.4,73.4,73.4,73.4",none,0,0,Unadjusted,0,0,0,0,none,0,0,Unadjusted,0,0,0,False,0,0,0.67,40.0,,,,,,,,,,,,,
2020s_CAN_QC_Montreal-McTavish.716120_CWEC2016.epw,True,-5,116,apartment unit,8,0.5556,180,0,0,4,0,0,4,0,0,4,0,0,4,1138,2015,2,1,VentedAttic,gable,6:12,1,SlabOnGrade,0,0,0.0,0.49,0.56,0.37,0.3,WoodStud,24.5,42.6,solid concrete,17.0,interior,0,WoodFrame,0.0,5.3,none,medium,0.5,0.0,0.0,Right,ACH,50,0.7286590329407934,unit exterior only,normal,0.0,True,True,True,False,none,0.0,1.0,mini-split,HSPF,9.5,SEER,17.0,ACCA,false,1.0,1.0,false,integrated,electricity,1.0,none,electricity,none,,False,0,0.0,False,none,False,,1.0,1.0,electricity,EnergyFactor,0.92,0.0,0,0,125,storage water heater,conditioned space,True,electricity,CombinedEnergyFactor,2.7,1.2,IntegratedModifiedEnergyFactor,0.95,387,0.1065,1.218,24,7.538462,3.5,True,1.2,True,electricity,False,1.2,False,RatedAnnualkWh,0,0.0,0.0,0,0,0,True,480,False,0,0.0,False,0,0.0,True,0,0.0,0.37,0,0,0.37,0,0,0.37,1.0,5,20,"69.8,69.8,69.8,69.8,69.8,69.8,69.8,69.8,69.8,71.6,71.6,71.6,71.6,71.6,71.6,71.6,69.8,69.8,69.8,69.8,69.8,69.8,69.8,69.8","69.8,69.8,69.8,69.8,69.8,69.8,69.8,69.8,69.8,71.6,71.6,71.6,71.6,71.6,71.6,71.6,69.8,69.8,69.8,69.8,69.8,69.8,69.8,69.8","66.2,66.2,66.2,66.2,66.2,66.2,66.2,66.2,66.2,66.2,66.2,66.2,66.2,66.2,66.2,66.2,66.2,66.2,66.2,66.2,66.2,66.2,66.2,66.2","66.2,66.2,66.2,66.2,66.2,66.2,66.2,66.2,66.2,66.2,66.2,66.2,66.2,66.2,66.2,66.2,66.2,66.2,66.2,66.2,66.2,66.2,66.2,66.2",none,0,0,Unadjusted,0,0,0,0,none,0,0,Unadjusted,0,0,0,False,0,0,0.67,50.0,,,false,,variable speed,0.25,-5.0,,,,,,
2020s_CAN_QC_Quebec-Lesage.Intl.AP.717140_CWEC2016.epw,True,-5,1,single-family detached,8,1.8,180,0,0,4,0,0,4,0,0,4,0,0,4,750,1995,2,1,VentedAttic,gable,6:12,1,SlabOnGrade,0,0,0.0,0.49,0.56,0.37,0.3,WoodStud,20.7,32.5,solid concrete,17.1,interior,0,WoodFrame,0.0,5.3,none,medium,0.5,20.0,12.0,Right,ACH,50,6.0,unit exterior only,normal,0.0,False,False,False,False,Boiler,0.72,1.0,none,HSPF,0.0,SEER,0.0,ACCA,false,1.0,1.0,false,none,electricity,1.0,none,wood,none,,False,0,0.0,True,electric resistance,False,,1.0,1.0,electricity,EnergyFactor,0.92,0.0,0,0,125,storage water heater,conditioned space,True,electricity,CombinedEnergyFactor,2.7,1.0,IntegratedModifiedEnergyFactor,0.95,387,0.1065,1.218,24,7.538462,3.5,True,1.0,True,electricity,False,1.0,True,RatedAnnualkWh,290,0.12,1.09,23,4,12,True,748,False,0,0.0,True,935,0.342,True,0,0.0,0.12,0,0,0.12,0,0,0.12,1.0,5,20,"71.6,71.6,71.6,71.6,71.6,71.6,71.6,71.6,71.6,71.6,71.6,71.6,71.6,71.6,71.6,71.6,71.6,71.6,71.6,71.6,71.6,71.6,71.6,71.6","71.6,71.6,71.6,71.6,71.6,71.6,71.6,71.6,71.6,71.6,71.6,71.6,71.6,71.6,71.6,71.6,71.6,71.6,71.6,71.6,71.6,71.6,71.6,71.6","78.8,78.8,78.8,78.8,78.8,78.8,78.8,78.8,78.8,78.8,78.8,78.8,78.8,78.8,78.8,78.8,78.8,78.8,78.8,78.8,78.8,78.8,78.8,78.8","78.8,78.8,78.8,78.8,78.8,78.8,78.8,78.8,78.8,78.8,78.8,78.8,78.8,78.8,78.8,78.8,78.8,78.8,78.8,78.8,78.8,78.8,78.8,78.8",none,0,0,Unadjusted,0,0,0,0,none,0,0,Unadjusted,0,0,0,False,0,0,0.67,60.0,,,,,,,,,,,0.0,780.2463107638888,
2020s_CAN_QC_Montreal-McTavish.716120_CWEC2016.epw,True,-5,1,single-family detached,8,1.8,90,0,0,4,0,0,4,0,0,4,0,0,4,1698,1995,4,5,VentedAttic,gable,6:12,2,UnventedCrawlspace,4,1,9.25,0.49,0.56,0.37,0.3,WoodStud,20.7,32.5,solid concrete,17.1,interior,0,WoodFrame,5.3,5.3,none,medium,1.0,12.0,22.0,Right,ACH,50,7.0,unit exterior only,normal,18.35,False,False,False,False,none,0.0,1.0,mini-split,HSPF,12.7,SEER,25.0,ACCA,false,1.0,1.0,false,integrated,electricity,1.0,none,electricity,none,,False,0,0.0,False,none,False,,1.0,1.0,electricity,EnergyFactor,0.92,0.0,0,0,125,storage water heater,conditioned space,True,electricity,CombinedEnergyFactor,2.7,1.0,IntegratedModifiedEnergyFactor,0.95,387,0.1065,1.218,24,7.538462,3.5,True,1.0,True,electricity,False,1.0,True,RatedAnnualkWh,290,0.12,1.09,23,4,12,True,748,False,0,0.0,True,935,0.342,True,0,0.0,0.12,0,0,0.12,0,0,0.12,1.0,5,20,"62.6,62.6,62.6,62.6,62.6,62.6,62.6,62.6,66.2,66.2,66.2,66.2,66.2,66.2,66.2,66.2,66.2,66.2,66.2,66.2,66.2,66.2,62.6,62.6","62.6,62.6,62.6,62.6,62.6,62.6,62.6,62.6,66.2,66.2,66.2,66.2,66.2,66.2,66.2,66.2,66.2,66.2,66.2,66.2,66.2,66.2,62.6,62.6","77.0,77.0,77.0,77.0,77.0,77.0,77.0,77.0,77.0,77.0,77.0,77.0,77.0,77.0,77.0,77.0,77.0,77.0,77.0,77.0,77.0,77.0,77.0,77.0","77.0,77.0,77.0,77.0,77.0,77.0,77.0,77.0,77.0,77.0,77.0,77.0,77.0,77.0,77.0,77.0,77.0,77.0,77.0,77.0,77.0,77.0,77.0,77.0",none,0,0,Unadjusted,0,0,0,0,none,0,0,Unadjusted,0,0,0,False,0,0,0.67,40.0,,,false,,variable speed,0.5,-15.0,,,,,,
2020s_CAN_QC_Montreal-McTavish.716120_CWEC2016.epw,True,-5,1,single-family detached,8,1.8,0,0,0,4,0,0,4,0,0,4,0,0,4,2179,1975,4,2,VentedAttic,gable,6:12,2,ConditionedBasement,8,1,9.25,0.49,0.56,0.37,0.3,WoodStud,17.2,28.9,solid concrete,14.4,interior,0,WoodFrame,5.3,5.3,none,medium,1.0,12.0,22.0,Right,ACH,50,8.0,unit exterior only,normal,15.650000000000002,False,False,False,False,none,0.0,1.0,mini-split,HSPF,8.2,SEER,14.5,MaxLoad,false,1.0,1.0,false,integrated,electricity,1.0,none,electricity,none,,False,0,0.0,False,none,False,,1.0,1.0,electricity,EnergyFactor,0.92,0.0,0,0,125,storage water heater,conditioned space,True,electricity,CombinedEnergyFactor,2.7,1.0,IntegratedModifiedEnergyFactor,0.95,387,0.1065,1.218,24,7.538462,3.5,True,1.0,True,electricity,False,1.0,True,RatedAnnualkWh,290,0.12,1.09,23,4,12,True,348,False,0,0.0,False,0,0.0,True,0,0.0,0.0,0,0,0.0,0,0,0.0,1.0,5,20,"71.6,71.6,71.6,71.6,71.6,71.6,71.6,71.6,71.6,71.6,71.6,71.6,71.6,71.6,71.6,71.6,71.6,71.6,71.6,71.6,71.6,71.6,71.6,71.6","71.6,71.6,71.6,71.6,71.6,71.6,71.6,71.6,71.6,71.6,71.6,71.6,71.6,71.6,71.6,71.6,71.6,71.6,71.6,71.6,71.6,71.6,71.6,71.6","75.2,75.2,75.2,75.2,75.2,75.2,75.2,75.2,75.2,75.2,75.2,75.2,75.2,75.2,75.2,75.2,75.2,75.2,75.2,75.2,75.2,75.2,75.2,75.2","75.2,75.2,75.2,75.2,75.2,75.2,75.2,75.2,75.2,75.2,75.2,75.2,75.2,75.2,75.2,75.2,75.2,75.2,75.2,75.2,75.2,75.2,75.2,75.2",none,0,0,Unadjusted,0,0,0,0,none,0,0,Unadjusted,0,0,0,False,0,0,0.67,60.0,,,false,,variable speed,0.25,-5.0,,,,,,
2020s_CAN_QC_Montreal-McTavish.716120_CWEC2016.epw,True,-5,1,single-family detached,8,1.8,45,0,0,4,0,0,4,0,0,4,0,0,4,2179,1955,3,1,VentedAttic,gable,6:12,2,ConditionedBasement,8,1,9.25,0.49,0.56,0.37,0.3,WoodStud,14.0,26.2,solid concrete,12.0,interior,0,WoodFrame,5.3,5.3,none,medium,1.0,0.0,0.0,Right,ACH,50,5.0,unit exterior only,normal,13.25,False,False,False,False,ElectricResistance,1.0,1.0,none,HSPF,0.0,SEER,0.0,ACCA,false,1.0,1.0,false,none,electricity,1.0,none,electricity,mini-split,variable speed,False,0,0.0,False,none,False,,1.0,1.0,electricity,EnergyFactor,0.92,0.0,0,0,125,storage water heater,conditioned space,True,electricity,CombinedEnergyFactor,2.7,1.0,IntegratedModifiedEnergyFactor,0.95,387,0.1065,1.218,24,7.538462,3.5,True,1.0,True,electricity,False,1.0,False,RatedAnnualkWh,0,0.0,0.0,0,0,0,True,748,False,0,0.0,False,0,0.0,True,0,0.0,0.37,0,0,0.37,0,0,0.37,1.0,5,20,"66.2,66.2,66.2,66.2,66.2,66.2,66.2,66.2,66.2,66.2,66.2,66.2,66.2,66.2,66.2,66.2,66.2,66.2,66.2,66.2,66.2,66.2,66.2,66.2","66.2,66.2,66.2,66.2,66.2,66.2,66.2,66.2,66.2,66.2,66.2,66.2,66.2,66.2,66.2,66.2,66.2,66.2,66.2,66.2,66.2,66.2,66.2,66.2","75.2,75.2,75.2,75.2,75.2,75.2,75.2,75.2,75.2,75.2,75.2,75.2,75.2,75.2,75.2,75.2,75.2,75.2,75.2,75.2,75.2,75.2,75.2,75.2","75.2,75.2,75.2,75.2,75.2,75.2,75.2,75.2,75.2,75.2,75.2,75.2,75.2,75.2,75.2,75.2,75.2,75.2,75.2,75.2,75.2,75.2,75.2,75.2",none,0,0,Unadjusted,0,0,0,0,none,0,0,Unadjusted,0,0,0,False,0,0,0.67,22.0,,,,,,,,,,,,,
2020s_CAN_QC_Montreal-McTavish.716120_CWEC2016.epw,True,-5,5,apartment unit,8,0.5556,315,0,0,4,0,0,4,0,0,4,0,0,4,1682,1940,3,2,VentedAttic,gable,6:12,1,SlabOnGrade,0,0,0.0,0.49,0.56,0.37,0.3,WoodStud,12.2,14.1,solid concrete,10.1,interior,0,WoodFrame,0.0,5.3,none,medium,0.5,0.0,0.0,Right,ACH,50,17.213042195337856,unit exterior only,normal,0.0,False,True,True,False,ElectricResistance,1.0,1.0,none,HSPF,0.0,SEER,0.0,ACCA,false,1.0,1.0,false,none,electricity,1.0,none,electricity,central air conditioner,single stage,False,0,0.0,False,none,False,,1.0,1.0,electricity,EnergyFactor,0.92,0.0,0,0,125,storage water heater,conditioned space,True,electricity,CombinedEnergyFactor,2.7,1.2,IntegratedModifiedEnergyFactor,0.95,387,0.1065,1.218,24,7.538462,3.5,True,1.2,True,electricity,False,1.2,False,RatedAnnualkWh,0,0.0,0.0,0,0,0,True,433,False,0,0.0,False,0,0.0,True,0,0.0,0.12,0,0,0.12,0,0,0.12,1.0,5,20,"66.2,66.2,66.2,66.2,66.2,71.6,68.0,68.0,68.0,68.0,68.0,68.0,68.0,68.0,68.0,68.0,71.6,71.6,71.6,71.6,71.6,71.6,71.6,66.2","66.2,66.2,66.2,66.2,66.2,71.6,68.0,68.0,68.0,68.0,68.0,68.0,68.0,68.0,68.0,68.0,71.6,71.6,71.6,71.6,71.6,71.6,71.6,66.2","69.8,69.8,69.8,69.8,69.8,69.8,69.8,69.8,69.8,69.8,69.8,69.8,69.8,69.8,69.8,69.8,69.8,69.8,69.8,69.8,69.8,69.8,69.8,69.8","69.8,69.8,69.8,69.8,69.8,69.8,69.8,69.8,69.8,69.8,69.8,69.8,69.8,69.8,69.8,69.8,69.8,69.8,69.8,69.8,69.8,69.8,69.8,69.8",none,0,0,Unadjusted,0,0,0,0,none,0,0,Unadjusted,0,0,0,False,0,0,0.67,40.0,,,,,,,,,,,,,
2020s_CAN_QC_Montreal-McTavish.716120_CWEC2016.epw,True,-5,3,apartment unit,8,0.5556,180,0,0,4,0,0,4,0,0,4,0,0,4,1138,1940,2,1,VentedAttic,gable,6:12,1,SlabOnGrade,0,0,0.0,0.49,0.56,0.37,0.3,WoodStud,12.2,14.1,solid concrete,10.1,interior,0,WoodFrame,0.0,5.3,none,medium,0.5,0.0,0.0,Right,ACH,50,15.0,unit exterior only,normal,0.0,False,False,False,False,Boiler,1.0,1.0,none,HSPF,0.0,SEER,0.0,ACCA,false,1.0,1.0,false,none,electricity,1.0,none,natural gas,central air conditioner,single stage,False,0,0.0,False,none,False,,1.0,1.0,electricity,EnergyFactor,0.92,0.0,0,0,125,storage water heater,conditioned space,True,electricity,CombinedEnergyFactor,2.7,0.8,IntegratedModifiedEnergyFactor,0.95,387,0.1065,1.218,24,7.538462,3.5,True,0.8,True,electricity,False,0.8,True,RatedAnnualkWh,290,0.12,1.09,23,4,12,True,348,False,0,0.0,False,0,0.0,True,0,0.0,0.37,0,0,0.37,0,0,0.37,1.0,5,20,"66.2,66.2,66.2,66.2,66.2,66.2,66.2,66.2,66.2,68.0,68.0,68.0,68.0,68.0,68.0,68.0,68.0,68.0,68.0,68.0,68.0,66.2,66.2,66.2","66.2,66.2,66.2,66.2,66.2,66.2,66.2,66.2,66.2,68.0,68.0,68.0,68.0,68.0,68.0,68.0,68.0,68.0,68.0,68.0,68.0,66.2,66.2,66.2","71.6,71.6,71.6,71.6,71.6,71.6,71.6,71.6,71.6,71.6,71.6,71.6,71.6,71.6,71.6,71.6,71.6,71.6,71.6,71.6,71.6,71.6,71.6,71.6","71.6,71.6,71.6,71.6,71.6,71.6,71.6,71.6,71.6,71.6,71.6,71.6,71.6,71.6,71.6,71.6,71.6,71.6,71.6,71.6,71.6,71.6,71.6,71.6",none,0,0,Unadjusted,0,0,0,0,none,0,0,Unadjusted,0,0,0,False,0,0,0.67,,10.0,1.0,,,,,,,,,,,
2020s_CAN_QC_Montreal-McTavish.716120_CWEC2016.epw,True,-5,1,single-family detached,8,1.8,45,0,0,4,0,0,4,0,0,4,0,0,4,2179,1995,5,2,VentedAttic,gable,6:12,3,ConditionedBasement,8,1,9.25,0.76,0.67,0.37,0.3,WoodStud,20.7,32.5,solid concrete,17.1,interior,0,WoodFrame,5.3,5.3,none,medium,1.0,12.0,22.0,Right,ACH,50,4.0,unit exterior only,normal,18.35,False,False,False,False,ElectricResistance,1.0,1.0,none,HSPF,0.0,SEER,0.0,ACCA,false,1.0,1.0,false,none,electricity,1.0,none,electricity,mini-split,variable speed,False,0,0.0,False,none,False,,1.0,1.0,electricity,EnergyFactor,0.92,0.0,0,0,125,storage water heater,conditioned space,True,electricity,CombinedEnergyFactor,2.7,1.2,IntegratedModifiedEnergyFactor,0.95,387,0.1065,1.218,24,7.538462,3.5,True,1.2,True,electricity,False,1.2,True,RatedAnnualkWh,318,0.12,1.09,25,4,12,True,1139,False,0,0.0,True,935,0.342,True,0,0.0,0.75,0,0,0.75,0,0,0.75,1.0,5,20,"66.2,66.2,66.2,66.2,66.2,66.2,66.2,66.2,68.0,68.0,68.0,68.0,68.0,68.0,68.0,68.0,68.0,68.0,68.0,68.0,68.0,68.0,68.0,66.2","66.2,66.2,66.2,66.2,66.2,66.2,66.2,66.2,68.0,68.0,68.0,68.0,68.0,68.0,68.0,68.0,68.0,68.0,68.0,68.0,68.0,68.0,68.0,66.2","75.2,75.2,75.2,75.2,75.2,75.2,75.2,75.2,75.2,75.2,75.2,75.2,75.2,75.2,75.2,75.2,75.2,75.2,75.2,75.2,75.2,75.2,75.2,75.2","75.2,75.2,75.2,75.2,75.2,75.2,75.2,75.2,75.2,75.2,75.2,75.2,75.2,75.2,75.2,75.2,75.2,75.2,75.2,75.2,75.2,75.2,75.2,75.2",none,0,0,Unadjusted,0,0,0,0,none,0,0,Unadjusted,0,0,0,False,0,0,0.67,40.0,,,,,,,,,,,,,
2020s_CAN_QC_Quebec-Lesage.Intl.AP.717140_CWEC2016.epw,True,-5,67,apartment unit,8,0.5556,0,0,0,4,0,0,4,0,0,4,0,0,4,322,2015,1,1,VentedAttic,gable,6:12,1,SlabOnGrade,0,0,0.0,0.49,0.56,0.37,0.3,WoodStud,24.5,42.6,solid concrete,17.0,interior,0,WoodFrame,0.0,5.3,none,medium,0.75,0.0,0.0,Right,ACH,50,1.1681139409045875,unit exterior only,normal,0.0,True,False,True,False,ElectricResistance,1.0,1.0,none,HSPF,0.0,SEER,0.0,ACCA,false,1.0,1.0,false,none,electricity,1.0,none,electricity,none,,False,0,0.0,False,none,False,,1.0,1.0,electricity,EnergyFactor,0.92,0.0,0,0,125,storage water heater,conditioned space,True,electricity,CombinedEnergyFactor,2.7,1.0,IntegratedModifiedEnergyFactor,0.0,0,0.0,0.0,0,0.0,0.0,False,1.0,True,electricity,False,1.0,True,RatedAnnualkWh,290,0.12,1.09,23,4,12,True,748,False,0,0.0,False,0,0.0,True,0,0.0,0.0,0,0,0.0,0,0,0.0,1.0,5,20,"64.4,64.4,64.4,64.4,64.4,64.4,68.0,68.0,68.0,68.0,68.0,68.0,68.0,68.0,68.0,68.0,68.0,68.0,68.0,68.0,68.0,68.0,68.0,68.0","64.4,64.4,64.4,64.4,64.4,64.4,68.0,68.0,68.0,68.0,68.0,68.0,68.0,68.0,68.0,68.0,68.0,68.0,68.0,68.0,68.0,68.0,68.0,68.0","69.8,69.8,69.8,69.8,69.8,69.8,69.8,69.8,69.8,69.8,69.8,69.8,69.8,69.8,69.8,69.8,69.8,69.8,69.8,69.8,69.8,69.8,69.8,69.8","69.8,69.8,69.8,69.8,69.8,69.8,69.8,69.8,69.8,69.8,69.8,69.8,69.8,69.8,69.8,69.8,69.8,69.8,69.8,69.8,69.8,69.8,69.8,69.8",none,0,0,Unadjusted,0,0,0,0,none,0,0,Unadjusted,0,0,0,False,0,0,0.67,40.0,,,,,,,,,,,,,
2020s_CAN_QC_Montreal-McTavish.716120_CWEC2016.epw,True,-5,1,single-family detached,8,1.8,180,0,0,4,0,0,4,0,0,4,0,0,4,2678,1975,5,5,VentedAttic,gable,6:12,2,ConditionedBasement,8,1,9.25,0.37,0.3,0.37,0.3,WoodStud,17.2,28.9,solid concrete,14.4,interior,0,WoodFrame,5.3,5.3,none,medium,1.0,0.0,0.0,Right,ACH,50,6.0,unit exterior only,normal,15.650000000000002,False,False,False,False,ElectricResistance,1.0,1.0,none,HSPF,0.0,SEER,0.0,ACCA,false,1.0,1.0,false,none,electricity,1.0,none,electricity,mini-split,variable speed,False,0,0.0,True,electric resistance,True,,1.0,0.45,electricity,EnergyFactor,0.92,0.0,0,0,125,storage water heater,conditioned space,True,electricity,CombinedEnergyFactor,2.7,0.8,IntegratedModifiedEnergyFactor,0.95,387,0.1065,1.218,24,7.538462,3.5,True,0.8,False,natural gas,False,0.8,True,RatedAnnualkWh,290,0.12,1.09,23,4,12,True,433,False,0,0.0,True,935,0.342,True,0,0.0,0.37,0,0,0.37,0,0,0.37,1.0,5,20,"59.0,59.0,59.0,59.0,59.0,59.0,59.0,68.0,68.0,59.0,59.0,59.0,59.0,59.0,59.0,59.0,59.0,68.0,68.0,68.0,68.0,68.0,68.0,59.0","59.0,59.0,59.0,59.0,59.0,59.0,59.0,68.0,68.0,59.0,59.0,59.0,59.0,59.0,59.0,59.0,59.0,68.0,68.0,68.0,68.0,68.0,68.0,59.0","69.8,69.8,69.8,69.8,69.8,69.8,69.8,69.8,69.8,69.8,69.8,69.8,69.8,69.8,69.8,69.8,69.8,69.8,69.8,69.8,69.8,69.8,69.8,69.8","69.8,69.8,69.8,69.8,69.8,69.8,69.8,69.8,69.8,69.8,69.8,69.8,69.8,69.8,69.8,69.8,69.8,69.8,69.8,69.8,69.8,69.8,69.8,69.8",none,0,0,Unadjusted,0,0,0,0,none,0,0,Unadjusted,0,0,0,False,0,0,0.67,60.0,,,,,,,,,,,0.0,1291.726345486111,
2020s_CAN_QC_Quebec-Lesage.Intl.AP.717140_CWEC2016.epw,True,-5,116,apartment unit,8,0.5556,270,0,0,4,0,0,4,0,0,4,0,0,4,1138,2015,3,1,VentedAttic,gable,6:12,1,SlabOnGrade,0,0,0.0,0.49,0.56,0.37,0.3,WoodStud,24.5,42.6,solid concrete,17.0,interior,0,WoodFrame,0.0,5.3,none,medium,0.5,0.0,0.0,Right,ACH,50,4.991708590903055,unit exterior only,normal,0.0,True,False,True,False,ElectricResistance,1.0,1.0,none,HSPF,0.0,SEER,0.0,ACCA,false,1.0,1.0,false,none,electricity,1.0,none,electricity,mini-split,variable speed,False,0,0.0,False,none,False,,1.0,1.0,electricity,EnergyFactor,0.92,0.0,0,0,125,storage water heater,conditioned space,True,electricity,CombinedEnergyFactor,2.7,1.2,IntegratedModifiedEnergyFactor,0.95,387,0.1065,1.218,24,7.538462,3.5,True,1.2,True,natural gas,False,1.2,False,RatedAnnualkWh,0,0.0,0.0,0,0,0,True,480,False,0,0.0,False,0,0.0,True,0,0.0,0.0,0,0,0.0,0,0,0.0,1.0,5,20,"69.8,69.8,69.8,69.8,69.8,69.8,69.8,69.8,69.8,69.8,69.8,69.8,69.8,69.8,69.8,69.8,69.8,69.8,69.8,69.8,69.8,69.8,69.8,69.8","69.8,69.8,69.8,69.8,69.8,69.8,69.8,69.8,69.8,69.8,69.8,69.8,69.8,69.8,69.8,69.8,69.8,69.8,69.8,69.8,69.8,69.8,69.8,69.8","77.0,77.0,77.0,77.0,77.0,77.0,77.0,77.0,77.0,77.0,77.0,77.0,77.0,77.0,77.0,77.0,77.0,77.0,77.0,77.0,77.0,77.0,77.0,77.0","77.0,77.0,77.0,77.0,77.0,77.0,77.0,77.0,77.0,77.0,77.0,77.0,77.0,77.0,77.0,77.0,77.0,77.0,77.0,77.0,77.0,77.0,77.0,77.0",none,0,0,Unadjusted,0,0,0,0,none,0,0,Unadjusted,0,0,0,False,0,0,0.67,40.0,,,,,,,,,,,,,
2020s_CAN_QC_Montreal-McTavish.716120_CWEC2016.epw,True,-5,2,single-family attached,8,0.5556,180,0,0,4,0,0,4,0,0,4,0,0,4,2152,1940,3,2,VentedAttic,gable,6:12,3,ConditionedBasement,8,1,9.25,0.76,0.67,0.37,0.3,WoodStud,14.5,21.2,solid concrete,10.1,interior,0,WoodFrame,5.3,5.3,none,medium,1.0,0.0,0.0,Right,ACH,50,15.0,unit exterior only,normal,11.35,True,False,False,False,ElectricResistance,1.0,1.0,none,HSPF,0.0,SEER,0.0,ACCA,false,1.0,1.0,false,none,electricity,1.0,none,electricity,mini-split,variable speed,False,0,0.0,False,none,False,,1.0,1.0,electricity,,0.92,0.0,0,0,125,storage water heater,conditioned space,True,electricity,CombinedEnergyFactor,2.7,1.0,IntegratedModifiedEnergyFactor,0.95,387,0.1065,1.218,24,7.538462,3.5,True,1.0,True,electricity,False,1.0,True,RatedAnnualkWh,290,0.12,1.09,23,4,12,True,727,False,0,0.0,True,935,0.342,True,0,0.0,0.75,0,0,0.75,0,0,0.75,1.0,5,20,"68.0,68.0,68.0,68.0,68.0,68.0,68.0,71.6,71.6,71.6,71.6,71.6,71.6,71.6,71.6,71.6,71.6,71.6,68.0,68.0,68.0,68.0,68.0,68.0","68.0,68.0,68.0,68.0,68.0,68.0,68.0,71.6,71.6,71.6,71.6,71.6,71.6,71.6,71.6,71.6,71.6,71.6,68.0,68.0,68.0,68.0,68.0,68.0","71.6,71.6,71.6,71.6,71.6,71.6,71.6,71.6,71.6,71.6,71.6,71.6,71.6,71.6,71.6,71.6,71.6,71.6,71.6,71.6,71.6,71.6,71.6,71.6","71.6,71.6,71.6,71.6,71.6,71.6,71.6,71.6,71.6,71.6,71.6,71.6,71.6,71.6,71.6,71.6,71.6,71.6,71.6,71.6,71.6,71.6,71.6,71.6",none,0,0,Unadjusted,0,0,0,0,none,0,0,Unadjusted,0,0,0,False,0,0,0.67,,,,,,,,,,,,,,
2020s_CAN_QC_Montreal-McTavish.716120_CWEC2016.epw,True,-5,2,apartment unit,8,0.5556,225,0,0,4,0,0,4,0,0,4,0,0,4,750,1940,2,4,VentedAttic,gable,6:12,1,SlabOnGrade,0,0,0.0,0.76,0.67,0.37,0.3,WoodStud,12.2,14.1,solid concrete,10.1,interior,0,WoodFrame,0.0,5.3,none,medium,0.5,0.0,0.0,Right,ACH,50,10.0,unit exterior only,normal,0.0,False,False,False,False,ElectricResistance,1.0,1.0,none,HSPF,0.0,SEER,0.0,ACCA,false,1.0,1.0,false,none,electricity,1.0,none,electricity,mini-split,variable speed,False,0,0.0,False,none,False,,1.0,1.0,electricity,,0.92,0.0,0,0,125,storage water heater,other multifamily buffer space,True,electricity,CombinedEnergyFactor,2.7,1.0,IntegratedModifiedEnergyFactor,0.95,387,0.1065,1.218,24,7.538462,3.5,True,1.0,True,electricity,False,1.0,False,RatedAnnualkWh,0,0.0,0.0,0,0,0,True,433,False,0,0.0,False,0,0.0,True,0,0.0,0.12,0,0,0.12,0,0,0.12,1.0,5,20,"66.2,66.2,66.2,66.2,66.2,66.2,66.2,66.2,69.8,68.0,68.0,68.0,68.0,68.0,68.0,68.0,69.8,69.8,69.8,69.8,69.8,66.2,66.2,66.2","66.2,66.2,66.2,66.2,66.2,66.2,66.2,66.2,69.8,68.0,68.0,68.0,68.0,68.0,68.0,68.0,69.8,69.8,69.8,69.8,69.8,66.2,66.2,66.2","69.8,69.8,69.8,69.8,69.8,69.8,69.8,69.8,69.8,69.8,69.8,69.8,69.8,69.8,69.8,69.8,69.8,69.8,69.8,69.8,69.8,69.8,69.8,69.8","69.8,69.8,69.8,69.8,69.8,69.8,69.8,69.8,69.8,69.8,69.8,69.8,69.8,69.8,69.8,69.8,69.8,69.8,69.8,69.8,69.8,69.8,69.8,69.8",none,0,0,Unadjusted,0,0,0,0,none,0,0,Unadjusted,0,0,0,False,0,0,0.67,,10.0,1.0,,,,,,,,,,,
2020s_CAN_QC_Montreal-McTavish.716120_CWEC2016.epw,True,-5,2,single-family attached,8,0.5556,45,0,0,4,0,0,4,0,0,4,0,0,4,2152,1985,5,2,VentedAttic,gable,6:12,2,SlabOnGrade,0,0,0.0,0.49,0.56,0.37,0.3,WoodStud,20.7,32.5,solid concrete,17.1,interior,0,WoodFrame,0.0,5.3,none,medium,1.0,0.0,0.0,Right,ACH,50,5.0,unit exterior only,normal,0.0,True,False,False,False,ElectricResistance,1.0,1.0,none,HSPF,0.0,SEER,0.0,ACCA,false,1.0,1.0,false,none,electricity,1.0,none,electricity,none,,True,1,,False,none,False,,1.0,1.0,electricity,EnergyFactor,0.99,0.0,0,0,125,instantaneous water heater,conditioned space,True,electricity,CombinedEnergyFactor,2.7,0.8,IntegratedModifiedEnergyFactor,0.95,387,0.1065,1.218,24,7.538462,3.5,True,0.8,True,electricity,False,0.8,False,RatedAnnualkWh,0,0.0,0.0,0,0,0,True,383,False,0,0.0,False,0,0.0,True,0,0.0,0.75,0,0,0.75,0,0,0.75,1.0,5,20,"60.8,60.8,60.8,60.8,60.8,60.8,60.8,60.8,60.8,68.0,71.6,71.6,71.6,71.6,71.6,71.6,71.6,68.0,68.0,68.0,68.0,60.8,60.8,60.8","60.8,60.8,60.8,60.8,60.8,60.8,60.8,60.8,60.8,68.0,71.6,71.6,71.6,71.6,71.6,71.6,71.6,68.0,68.0,68.0,68.0,60.8,60.8,60.8","66.2,66.2,66.2,66.2,66.2,66.2,66.2,66.2,66.2,66.2,66.2,66.2,66.2,66.2,66.2,66.2,66.2,66.2,66.2,66.2,66.2,66.2,66.2,66.2","66.2,66.2,66.2,66.2,66.2,66.2,66.2,66.2,66.2,66.2,66.2,66.2,66.2,66.2,66.2,66.2,66.2,66.2,66.2,66.2,66.2,66.2,66.2,66.2",none,0,0,Unadjusted,0,0,0,0,none,0,0,Unadjusted,0,0,0,False,0,0,0.67,,,,,,,,,,,,,,3274.0
2020s_CAN_QC_Quebec-Lesage.Intl.AP.717140_CWEC2016.epw,True,-5,1,single-family detached,8,1.8,0,0,0,4,0,0,4,0,0,4,0,0,4,1228,1940,3,1,VentedAttic,gable,6:12,2,ConditionedBasement,8,1,9.25,0.26,0.31,0.37,0.3,WoodStud,14.5,21.2,solid concrete,10.1,interior,0,WoodFrame,5.3,5.3,none,medium,1.0,12.0,22.0,Right,ACH,50,10.0,unit exterior only,normal,11.35,False,False,False,False,Boiler,1.0,1.0,none,HSPF,0.0,SEER,0.0,ACCA,false,1.0,1.0,false,none,electricity,1.0,none,electricity,mini-split,variable speed,False,0,0.0,False,none,False,,1.0,1.0,electricity,,0.92,0.0,0,0,125,storage water heater,conditioned space,True,electricity,CombinedEnergyFactor,2.7,1.0,IntegratedModifiedEnergyFactor,0.95,387,0.1065,1.218,24,7.538462,3.5,True,1.0,True,electricity,False,1.0,True,RatedAnnualkWh,290,0.12,1.09,23,4,12,True,348,False,0,0.0,True,935,0.342,True,0,0.0,0.75,0,0,0.75,0,0,0.75,1.0,5,20,"66.2,66.2,66.2,66.2,66.2,66.2,66.2,71.6,71.6,71.6,71.6,71.6,71.6,71.6,71.6,71.6,71.6,71.6,71.6,71.6,71.6,71.6,71.6,71.6","66.2,66.2,66.2,66.2,66.2,66.2,66.2,71.6,71.6,71.6,71.6,71.6,71.6,71.6,71.6,71.6,71.6,71.6,71.6,71.6,71.6,71.6,71.6,71.6","73.4,73.4,73.4,73.4,73.4,73.4,73.4,73.4,73.4,73.4,73.4,73.4,73.4,73.4,73.4,73.4,73.4,73.4,73.4,73.4,73.4,73.4,73.4,73.4","73.4,73.4,73.4,73.4,73.4,73.4,73.4,73.4,73.4,73.4,73.4,73.4,73.4,73.4,73.4,73.4,73.4,73.4,73.4,73.4,73.4,73.4,73.4,73.4",none,0,0,Unadjusted,0,0,0,0,none,0,0,Unadjusted,0,0,0,False,0,0,0.67,60.0,,,,,,,,,,,,,
2020s_CAN_QC_Quebec-Lesage.Intl.AP.717140_CWEC2016.epw,True,-5,1,single-family detached,8,1.8,180,0,0,4,0,0,4,0,0,4,0,0,4,1698,1965,3,1,VentedAttic,gable,6:12,2,ConditionedBasement,8,1,9.25,0.49,0.56,0.37,0.3,WoodStud,14.0,26.2,solid concrete,12.0,interior,0,WoodFrame,5.3,5.3,none,medium,1.0,12.0,22.0,Right,ACH,50,8.0,unit exterior only,normal,13.25,False,False,False,False,Boiler,1.0,1.0,none,HSPF,0.0,SEER,0.0,ACCA,false,1.0,1.0,false,none,electricity,1.0,none,electricity,mini-split,variable speed,False,0,0.0,False,none,False,,1.0,1.0,electricity,EnergyFactor,0.92,0.0,0,0,125,storage water heater,conditioned space,True,electricity,CombinedEnergyFactor,2.7,1.0,IntegratedModifiedEnergyFactor,0.95,387,0.1065,1.218,24,7.538462,3.5,True,1.0,True,electricity,False,1.0,True,RatedAnnualkWh,290,0.12,1.09,23,4,12,True,748,False,0,0.0,True,935,0.342,True,0,0.0,0.75,0,0,0.75,0,0,0.75,1.0,5,20,"66.2,66.2,66.2,66.2,66.2,66.2,66.2,66.2,69.8,69.8,69.8,68.0,68.0,68.0,68.0,68.0,68.0,68.0,68.0,69.8,69.8,69.8,66.2,66.2","66.2,66.2,66.2,66.2,66.2,66.2,66.2,66.2,69.8,69.8,69.8,68.0,68.0,68.0,68.0,68.0,68.0,68.0,68.0,69.8,69.8,69.8,66.2,66.2","69.8,69.8,69.8,69.8,69.8,69.8,69.8,69.8,69.8,69.8,69.8,69.8,69.8,69.8,69.8,69.8,69.8,69.8,69.8,69.8,69.8,69.8,69.8,69.8","69.8,69.8,69.8,69.8,69.8,69.8,69.8,69.8,69.8,69.8,69.8,69.8,69.8,69.8,69.8,69.8,69.8,69.8,69.8,69.8,69.8,69.8,69.8,69.8",none,0,0,Unadjusted,0,0,0,0,none,0,0,Unadjusted,0,0,0,False,0,0,0.67,40.0,,,,,,,,,,,,,
2020s_CAN_QC_Quebec-Lesage.Intl.AP.717140_CWEC2016.epw,True,-5,2,apartment unit,8,0.5556,225,0,0,4,0,0,4,0,0,4,0,0,4,1682,1995,4,3,VentedAttic,gable,6:12,1,SlabOnGrade,0,0,0.0,0.49,0.56,0.37,0.3,WoodStud,18.9,31.4,solid concrete,17.1,interior,0,WoodFrame,0.0,5.3,none,medium,0.5,0.0,0.0,Right,ACH,50,3.0,unit exterior only,normal,0.0,False,False,False,False,none,0.0,1.0,mini-split,HSPF,13.3,SEER,33.0,ACCA,false,1.0,1.0,false,integrated,electricity,1.0,none,electricity,none,,False,0,0.0,False,none,False,,1.0,1.0,electricity,EnergyFactor,0.92,0.0,0,0,125,storage water heater,conditioned space,False,natural gas,CombinedEnergyFactor,2.7,1.0,IntegratedModifiedEnergyFactor,0.95,387,0.1065,1.218,24,7.538462,3.5,True,1.0,True,electricity,False,1.0,True,RatedAnnualkWh,290,0.12,1.09,23,4,12,True,433,False,0,0.0,True,935,0.342,True,0,0.0,0.75,0,0,0.75,0,0,0.75,1.0,5,20,"69.8,69.8,69.8,69.8,69.8,69.8,69.8,69.8,69.8,69.8,69.8,69.8,69.8,69.8,69.8,69.8,69.8,69.8,69.8,69.8,69.8,69.8,69.8,69.8","69.8,69.8,69.8,69.8,69.8,69.8,69.8,69.8,69.8,69.8,69.8,69.8,69.8,69.8,69.8,69.8,69.8,69.8,69.8,69.8,69.8,69.8,69.8,69.8","66.2,66.2,66.2,66.2,66.2,66.2,66.2,66.2,66.2,66.2,66.2,66.2,66.2,66.2,66.2,66.2,66.2,66.2,66.2,66.2,66.2,66.2,66.2,66.2","66.2,66.2,66.2,66.2,66.2,66.2,66.2,66.2,66.2,66.2,66.2,66.2,66.2,66.2,66.2,66.2,66.2,66.2,66.2,66.2,66.2,66.2,66.2,66.2",none,0,0,Unadjusted,0,0,0,0,none,0,0,Unadjusted,0,0,0,False,0,0,0.67,40.0,10.0,1.0,false,,variable speed,0.5,-15.0,,,,,,
2020s_CAN_QC_Quebec-Lesage.Intl.AP.717140_CWEC2016.epw,True,-5,1,single-family detached,8,1.8,0,0,0,4,0,0,4,0,0,4,0,0,4,3250,1985,3,2,VentedAttic,gable,6:12,2,ConditionedBasement,8,1,9.25,0.37,0.3,0.37,0.3,WoodStud,20.7,32.5,solid concrete,17.1,interior,0,WoodFrame,5.3,5.3,none,medium,1.0,12.0,22.0,Right,ACH,50,3.0,unit exterior only,normal,18.35,False,False,False,False,ElectricResistance,1.0,1.0,none,HSPF,0.0,SEER,0.0,ACCA,false,1.0,1.0,false,none,electricity,1.0,none,electricity,central air conditioner,single stage,False,0,0.0,False,none,False,,1.0,1.0,electricity,EnergyFactor,0.92,0.0,0,0,125,storage water heater,conditioned space,True,electricity,CombinedEnergyFactor,2.7,1.0,IntegratedModifiedEnergyFactor,0.95,387,0.1065,1.218,24,7.538462,3.5,True,1.0,False,natural gas,False,1.0,True,RatedAnnualkWh,290,0.12,1.09,23,4,12,True,383,True,1139,1.0,True,935,0.342,True,0,0.0,0.12,0,0,0.12,0,0,0.12,1.0,5,20,"64.4,64.4,64.4,64.4,64.4,64.4,69.8,69.8,69.8,69.8,69.8,69.8,69.8,69.8,69.8,69.8,69.8,69.8,69.8,69.8,69.8,69.8,64.4,64.4","64.4,64.4,64.4,64.4,64.4,64.4,69.8,69.8,69.8,69.8,69.8,69.8,69.8,69.8,69.8,69.8,69.8,69.8,69.8,69.8,69.8,69.8,64.4,64.4","68.0,68.0,68.0,68.0,68.0,68.0,68.0,68.0,68.0,68.0,68.0,68.0,68.0,68.0,68.0,68.0,68.0,68.0,68.0,68.0,68.0,68.0,68.0,68.0","68.0,68.0,68.0,68.0,68.0,68.0,68.0,68.0,68.0,68.0,68.0,68.0,68.0,68.0,68.0,68.0,68.0,68.0,68.0,68.0,68.0,68.0,68.0,68.0",none,0,0,Unadjusted,0,0,0,0,none,0,0,Unadjusted,0,0,0,False,0,0,0.67,40.0,,,,,,,,,,,,,
2020s_CAN_QC_Montreal-McTavish.716120_CWEC2016.epw,True,-5,1,single-family detached,8,1.8,270,0,0,4,0,0,4,0,0,4,0,0,4,1228,1995,3,2,VentedAttic,gable,6:12,2,SlabOnGrade,0,0,0.0,0.49,0.56,0.37,0.3,WoodStud,20.7,32.5,solid concrete,17.1,interior,0,WoodFrame,0.0,5.3,none,medium,1.0,0.0,0.0,Right,ACH,50,4.0,unit exterior only,normal,0.0,False,False,False,False,ElectricResistance,1.0,1.0,none,HSPF,0.0,SEER,0.0,ACCA,false,1.0,1.0,false,none,electricity,1.0,none,electricity,mini-split,variable speed,False,0,0.0,False,none,False,,1.0,1.0,electricity,EnergyFactor,0.92,0.0,0,0,125,storage water heater,conditioned space,True,electricity,CombinedEnergyFactor,2.7,1.0,IntegratedModifiedEnergyFactor,0.95,387,0.1065,1.218,24,7.538462,3.5,True,1.0,True,electricity,False,1.0,True,RatedAnnualkWh,318,0.12,1.09,25,4,12,True,383,True,727,1.0,True,935,0.342,True,0,0.0,0.75,0,0,0.75,0,0,0.75,1.0,5,20,"66.2,66.2,66.2,66.2,66.2,66.2,66.2,68.0,62.6,62.6,62.6,62.6,62.6,62.6,62.6,62.6,62.6,68.0,68.0,68.0,68.0,66.2,66.2,66.2","66.2,66.2,66.2,66.2,66.2,66.2,66.2,68.0,62.6,62.6,62.6,62.6,62.6,62.6,62.6,62.6,62.6,68.0,68.0,68.0,68.0,66.2,66.2,66.2","73.4,73.4,73.4,73.4,73.4,73.4,73.4,73.4,73.4,73.4,73.4,73.4,73.4,73.4,73.4,73.4,73.4,73.4,73.4,73.4,73.4,73.4,73.4,73.4","73.4,73.4,73.4,73.4,73.4,73.4,73.4,73.4,73.4,73.4,73.4,73.4,73.4,73.4,73.4,73.4,73.4,73.4,73.4,73.4,73.4,73.4,73.4,73.4",none,0,0,Unadjusted,0,0,0,0,none,0,0,Unadjusted,0,0,0,False,0,0,0.67,60.0,,,,,,,,,,,,,
2020s_CAN_QC_Montreal-McTavish.716120_CWEC2016.epw,True,-5,1,single-family detached,8,1.8,180,0,0,4,0,0,4,0,0,4,0,0,4,4250,2005,4,4,VentedAttic,gable,6:12,3,SlabOnGrade,0,0,0.0,0.76,0.67,0.37,0.3,WoodStud,20.7,32.5,solid concrete,17.1,interior,0,WoodFrame,0.0,5.3,none,medium,1.0,0.0,0.0,Right,ACH,50,5.0,unit exterior only,normal,0.0,False,False,False,False,WallFurnace,1.0,1.0,none,HSPF,0.0,SEER,0.0,ACCA,false,1.0,1.0,false,none,electricity,1.0,none,electricity,mini-split,variable speed,False,0,0.0,False,none,True,heat pump,0.3,1.0,electricity,EnergyFactor,0.92,0.0,0,0,125,storage water heater,conditioned space,True,electricity,CombinedEnergyFactor,2.7,0.8,IntegratedModifiedEnergyFactor,0.95,387,0.1065,1.218,24,7.538462,3.5,True,0.8,True,electricity,False,0.8,True,RatedAnnualkWh,318,0.12,1.09,25,4,12,True,480,False,0,0.0,False,0,0.0,True,0,0.0,0.75,0,0,0.75,0,0,0.75,1.0,5,20,"71.6,71.6,71.6,71.6,71.6,71.6,71.6,71.6,71.6,71.6,71.6,71.6,71.6,71.6,71.6,71.6,71.6,71.6,71.6,71.6,71.6,71.6,71.6,71.6","71.6,71.6,71.6,71.6,71.6,71.6,71.6,71.6,71.6,71.6,71.6,71.6,71.6,71.6,71.6,71.6,71.6,71.6,71.6,71.6,71.6,71.6,71.6,71.6","73.4,73.4,73.4,73.4,73.4,73.4,73.4,73.4,73.4,73.4,73.4,73.4,73.4,73.4,73.4,73.4,73.4,73.4,73.4,73.4,73.4,73.4,73.4,73.4","73.4,73.4,73.4,73.4,73.4,73.4,73.4,73.4,73.4,73.4,73.4,73.4,73.4,73.4,73.4,73.4,73.4,73.4,73.4,73.4,73.4,73.4,73.4,73.4",none,0,0,Unadjusted,0,0,0,0,none,0,0,Unadjusted,0,0,0,False,0,0,0.67,60.0,,,,,,,,,,,,,
2020s_CAN_QC_Montreal-McTavish.716120_CWEC2016.epw,True,-5,3,apartment unit,8,0.5556,315,0,0,4,0,0,4,0,0,4,0,0,4,1682,1940,3,4,VentedAttic,gable,6:12,1,SlabOnGrade,0,0,0.0,0.84,0.63,0.37,0.3,WoodStud,12.2,14.1,solid concrete,10.1,interior,0,WoodFrame,0.0,5.3,none,medium,0.5,0.0,0.0,Right,ACH,50,10.0,unit exterior only,normal,0.0,False,False,False,False,Boiler,0.8,1.0,none,HSPF,0.0,SEER,0.0,ACCA,false,1.0,1.0,false,none,electricity,1.0,none,natural gas,mini-split,variable speed,False,0,0.0,False,none,False,,1.0,1.0,natural gas,EnergyFactor,0.59,0.76,0,0,125,storage water heater,other multifamily buffer space,True,electricity,CombinedEnergyFactor,2.7,1.0,IntegratedModifiedEnergyFactor,0.0,0,0.0,0.0,0,0.0,0.0,False,1.0,True,electricity,False,1.0,True,RatedAnnualkWh,318,0.12,1.09,25,4,12,True,748,False,0,0.0,False,0,0.0,True,0,0.0,0.0,0,0,0.0,0,0,0.0,1.0,5,20,"59.0,59.0,59.0,59.0,59.0,59.0,59.0,59.0,59.0,71.6,66.2,66.2,66.2,66.2,66.2,66.2,71.6,71.6,71.6,71.6,71.6,71.6,71.6,71.6","59.0,59.0,59.0,59.0,59.0,59.0,59.0,59.0,59.0,71.6,66.2,66.2,66.2,66.2,66.2,66.2,71.6,71.6,71.6,71.6,71.6,71.6,71.6,71.6","69.8,69.8,69.8,69.8,69.8,69.8,69.8,69.8,69.8,69.8,69.8,69.8,69.8,69.8,69.8,69.8,69.8,69.8,69.8,69.8,69.8,69.8,69.8,69.8","69.8,69.8,69.8,69.8,69.8,69.8,69.8,69.8,69.8,69.8,69.8,69.8,69.8,69.8,69.8,69.8,69.8,69.8,69.8,69.8,69.8,69.8,69.8,69.8",none,0,0,Unadjusted,0,0,0,0,none,0,0,Unadjusted,0,0,0,False,0,0,0.67,,10.0,1.0,,,,,,,,,,,
2020s_CAN_QC_Montreal-McTavish.716120_CWEC2016.epw,True,-5,1,single-family detached,8,1.8,180,0,0,4,0,0,4,0,0,4,0,0,4,1228,2020,2,2,VentedAttic,gable,6:12,1,SlabOnGrade,0,0,0.0,0.49,0.56,0.37,0.3,WoodStud,24.5,42.6,solid concrete,17.0,interior,0,WoodFrame,0.0,5.3,none,medium,0.5,0.0,0.0,Right,ACH,50,3.0,unit exterior only,normal,0.0,False,False,False,False,none,0.0,1.0,mini-split,HSPF,9.5,SEER,17.0,ACCA,false,1.0,1.0,false,integrated,electricity,1.0,none,electricity,none,,False,0,0.0,False,none,False,,1.0,1.0,electricity,EnergyFactor,0.92,0.0,0,0,125,storage water heater,conditioned space,True,electricity,CombinedEnergyFactor,2.7,1.0,IntegratedModifiedEnergyFactor,0.95,387,0.1065,1.218,24,7.538462,3.5,True,1.0,True,electricity,False,1.0,True,RatedAnnualkWh,318,0.12,1.09,25,4,12,True,433,True,433,1.0,True,935,0.342,True,0,0.0,0.75,0,0,0.75,0,0,0.75,1.0,5,20,"66.2,66.2,66.2,66.2,66.2,66.2,68.0,68.0,68.0,68.0,68.0,68.0,68.0,68.0,68.0,68.0,68.0,68.0,68.0,68.0,68.0,68.0,68.0,68.0","66.2,66.2,66.2,66.2,66.2,66.2,68.0,68.0,68.0,68.0,68.0,68.0,68.0,68.0,68.0,68.0,68.0,68.0,68.0,68.0,68.0,68.0,68.0,68.0","69.8,69.8,69.8,69.8,69.8,69.8,69.8,69.8,69.8,69.8,69.8,69.8,69.8,69.8,69.8,69.8,69.8,69.8,69.8,69.8,69.8,69.8,69.8,69.8","69.8,69.8,69.8,69.8,69.8,69.8,69.8,69.8,69.8,69.8,69.8,69.8,69.8,69.8,69.8,69.8,69.8,69.8,69.8,69.8,69.8,69.8,69.8,69.8",none,0,0,Unadjusted,0,0,0,0,none,0,0,Unadjusted,0,0,0,False,0,0,0.67,60.0,,,false,,variable speed,0.25,-5.0,,,,,,
2020s_CAN_QC_Montreal-McTavish.716120_CWEC2016.epw,True,-5,2,apartment unit,8,0.5556,45,0,0,4,0,0,4,0,0,4,0,0,4,1138,1940,3,4,VentedAttic,gable,6:12,1,SlabOnGrade,0,0,0.0,0.49,0.56,0.37,0.3,WoodStud,12.2,14.1,solid concrete,10.1,interior,0,WoodFrame,0.0,5.3,none,medium,0.5,0.0,0.0,Right,ACH,50,10.0,unit exterior only,normal,0.0,False,False,False,False,none,0.0,1.0,mini-split,HSPF,14.0,SEER,29.3,ACCA,false,1.0,1.0,false,integrated,electricity,1.0,none,electricity,none,,False,0,0.0,False,none,False,,1.0,1.0,electricity,EnergyFactor,0.92,0.0,0,0,125,storage water heater,conditioned space,True,electricity,CombinedEnergyFactor,2.7,1.2,IntegratedModifiedEnergyFactor,0.95,387,0.1065,1.218,24,7.538462,3.5,True,1.2,True,electricity,False,1.2,False,RatedAnnualkWh,0,0.0,0.0,0,0,0,True,748,False,0,0.0,False,0,0.0,True,0,0.0,0.37,0,0,0.37,0,0,0.37,1.0,5,20,"71.6,71.6,71.6,71.6,71.6,71.6,71.6,71.6,71.6,71.6,71.6,71.6,71.6,71.6,71.6,71.6,71.6,71.6,71.6,71.6,71.6,71.6,71.6,71.6","71.6,71.6,71.6,71.6,71.6,71.6,71.6,71.6,71.6,71.6,71.6,71.6,71.6,71.6,71.6,71.6,71.6,71.6,71.6,71.6,71.6,71.6,71.6,71.6","73.4,73.4,73.4,73.4,73.4,73.4,73.4,73.4,73.4,73.4,73.4,73.4,73.4,73.4,73.4,73.4,73.4,73.4,73.4,73.4,73.4,73.4,73.4,73.4","73.4,73.4,73.4,73.4,73.4,73.4,73.4,73.4,73.4,73.4,73.4,73.4,73.4,73.4,73.4,73.4,73.4,73.4,73.4,73.4,73.4,73.4,73.4,73.4",none,0,0,Unadjusted,0,0,0,0,none,0,0,Unadjusted,0,0,0,False,0,0,0.67,60.0,10.0,1.0,false,,variable speed,0.5,-15.0,,,,,,
2020s_CAN_QC_Montreal-McTavish.716120_CWEC2016.epw,True,-5,326,apartment unit,8,0.5556,45,0,0,4,0,0,4,0,0,4,0,0,4,3250,1995,4,1,VentedAttic,gable,6:12,1,SlabOnGrade,0,0,0.0,0.49,0.56,0.37,0.3,WoodStud,18.9,31.4,solid concrete,17.1,interior,0,WoodFrame,0.0,5.3,none,medium,0.5,0.0,0.0,Right,ACH,50,2.774536085316798,unit exterior only,normal,0.0,True,True,True,False,ElectricResistance,1.0,1.0,none,HSPF,0.0,SEER,0.0,ACCA,false,1.0,1.0,false,none,electricity,1.0,none,electricity,none,,False,0,0.0,False,none,False,,1.0,1.0,electricity,EnergyFactor,0.92,0.0,0,0,125,storage water heater,conditioned space,True,electricity,CombinedEnergyFactor,2.7,1.0,IntegratedModifiedEnergyFactor,0.95,387,0.1065,1.218,24,7.538462,3.5,True,1.0,True,electricity,False,1.0,False,RatedAnnualkWh,0,0.0,0.0,0,0,0,True,727,False,0,0.0,False,0,0.0,True,0,0.0,0.37,0,0,0.37,0,0,0.37,1.0,5,20,"66.2,66.2,66.2,66.2,66.2,73.4,73.4,73.4,73.4,73.4,73.4,73.4,73.4,73.4,73.4,73.4,73.4,73.4,73.4,73.4,73.4,73.4,73.4,66.2","66.2,66.2,66.2,66.2,66.2,73.4,73.4,73.4,73.4,73.4,73.4,73.4,73.4,73.4,73.4,73.4,73.4,73.4,73.4,73.4,73.4,73.4,73.4,66.2","68.0,68.0,68.0,68.0,68.0,68.0,68.0,68.0,68.0,68.0,68.0,68.0,68.0,68.0,68.0,68.0,68.0,68.0,68.0,68.0,68.0,68.0,68.0,68.0","68.0,68.0,68.0,68.0,68.0,68.0,68.0,68.0,68.0,68.0,68.0,68.0,68.0,68.0,68.0,68.0,68.0,68.0,68.0,68.0,68.0,68.0,68.0,68.0",none,0,0,Unadjusted,0,0,0,0,none,0,0,Unadjusted,0,0,0,False,0,0,0.67,,,,,,,,,,,,,,
2020s_CAN_QC_Montreal-McTavish.716120_CWEC2016.epw,True,-5,1,single-family detached,8,1.8,315,0,0,4,0,0,4,0,0,4,0,0,4,3250,2005,6,4,VentedAttic,gable,6:12,3,SlabOnGrade,0,0,0.0,0.49,0.56,0.37,0.3,WoodStud,20.7,32.5,solid concrete,17.1,interior,0,WoodFrame,0.0,5.3,none,medium,1.0,0.0,0.0,Right,ACH,50,5.0,unit exterior only,normal,0.0,False,False,False,False,ElectricResistance,1.0,1.0,none,HSPF,0.0,SEER,0.0,ACCA,false,1.0,1.0,false,none,electricity,1.0,none,electricity,none,,False,0,0.0,False,none,False,,1.0,1.0,electricity,EnergyFactor,0.92,0.0,0,0,125,storage water heater,conditioned space,True,electricity,CombinedEnergyFactor,2.7,1.2,IntegratedModifiedEnergyFactor,0.95,387,0.1065,1.218,24,7.538462,3.5,True,1.2,True,electricity,False,1.2,True,RatedAnnualkWh,318,0.12,1.09,25,4,12,True,480,False,0,0.0,True,935,0.342,True,0,0.0,0.12,0,0,0.12,0,0,0.12,1.0,5,20,"69.8,69.8,69.8,69.8,69.8,69.8,69.8,69.8,69.8,69.8,69.8,69.8,69.8,69.8,69.8,69.8,69.8,69.8,69.8,69.8,69.8,69.8,69.8,69.8","69.8,69.8,69.8,69.8,69.8,69.8,69.8,69.8,69.8,69.8,69.8,69.8,69.8,69.8,69.8,69.8,69.8,69.8,69.8,69.8,69.8,69.8,69.8,69.8","73.4,73.4,73.4,73.4,73.4,73.4,73.4,73.4,73.4,73.4,73.4,73.4,73.4,73.4,73.4,73.4,73.4,73.4,73.4,73.4,73.4,73.4,73.4,73.4","73.4,73.4,73.4,73.4,73.4,73.4,73.4,73.4,73.4,73.4,73.4,73.4,73.4,73.4,73.4,73.4,73.4,73.4,73.4,73.4,73.4,73.4,73.4,73.4",none,0,0,Unadjusted,0,0,0,0,none,0,0,Unadjusted,0,0,0,False,0,0,0.67,60.0,,,,,,,,,,,,,
2020s_CAN_QC_Montreal-McTavish.716120_CWEC2016.epw,True,-5,3,apartment unit,8,0.5556,180,0,0,4,0,0,4,0,0,4,0,0,4,750,1965,2,2,VentedAttic,gable,6:12,1,SlabOnGrade,0,0,0.0,0.49,0.56,0.37,0.3,WoodStud,12.6,19.9,solid concrete,12.0,interior,0,WoodFrame,0.0,5.3,none,medium,0.5,0.0,0.0,Right,ACH,50,5.0,unit exterior only,normal,0.0,False,False,False,False,ElectricResistance,1.0,1.0,none,HSPF,0.0,SEER,0.0,ACCA,false,1.0,1.0,false,none,electricity,1.0,none,electricity,central air conditioner,single stage,False,0,0.0,False,none,False,,1.0,1.0,electricity,,0.92,0.0,0,0,125,storage water heater,conditioned space,True,electricity,CombinedEnergyFactor,2.7,1.2,IntegratedModifiedEnergyFactor,0.95,387,0.1065,1.218,24,7.538462,3.5,True,1.2,True,electricity,False,1.2,False,RatedAnnualkWh,0,0.0,0.0,0,0,0,True,1139,True,727,1.0,False,0,0.0,True,0,0.0,0.0,0,0,0.0,0,0,0.0,1.0,5,20,"62.6,62.6,62.6,62.6,62.6,62.6,71.6,66.2,66.2,66.2,66.2,66.2,66.2,66.2,66.2,66.2,66.2,71.6,71.6,71.6,71.6,62.6,62.6,62.6","62.6,62.6,62.6,62.6,62.6,62.6,71.6,66.2,66.2,66.2,66.2,66.2,66.2,66.2,66.2,66.2,66.2,71.6,71.6,71.6,71.6,62.6,62.6,62.6","66.2,66.2,66.2,66.2,66.2,66.2,66.2,66.2,66.2,66.2,66.2,66.2,66.2,66.2,66.2,66.2,66.2,66.2,66.2,66.2,66.2,66.2,66.2,66.2","66.2,66.2,66.2,66.2,66.2,66.2,66.2,66.2,66.2,66.2,66.2,66.2,66.2,66.2,66.2,66.2,66.2,66.2,66.2,66.2,66.2,66.2,66.2,66.2",none,0,0,Unadjusted,0,0,0,0,none,0,0,Unadjusted,0,0,0,False,0,0,0.67,60.0,10.0,1.0,,,,,,,,,,,
2020s_CAN_QC_Montreal-McTavish.716120_CWEC2016.epw,True,-5,1,single-family detached,8,1.8,180,0,0,4,0,0,4,0,0,4,0,0,4,1228,1955,5,5,VentedAttic,gable,6:12,2,ConditionedBasement,8,1,9.25,0.49,0.56,0.37,0.3,WoodStud,14.0,26.2,solid concrete,12.0,interior,0,WoodFrame,5.3,5.3,none,medium,1.0,0.0,0.0,Right,ACH,50,10.0,unit exterior only,normal,13.25,False,False,False,False,none,0.0,1.0,ground-to-air,COP,3.8,EER,18.6,MaxLoad,false,1.0,1.0,false,none,electricity,1.0,vertical,electricity,none,,False,0,0.0,False,none,False,,1.0,1.0,electricity,EnergyFactor,0.92,0.0,0,0,125,storage water heater,conditioned space,True,electricity,CombinedEnergyFactor,2.7,1.2,IntegratedModifiedEnergyFactor,0.95,387,0.1065,1.218,24,7.538462,3.5,True,1.2,True,electricity,False,1.2,False,RatedAnnualkWh,0,0.0,0.0,0,0,0,True,748,False,0,0.0,True,935,0.342,True,0,0.0,0.0,0,0,0.0,0,0,0.0,1.0,5,20,"64.4,64.4,64.4,64.4,64.4,75.2,75.2,75.2,75.2,75.2,75.2,75.2,75.2,75.2,75.2,75.2,75.2,75.2,75.2,75.2,75.2,64.4,64.4,64.4","64.4,64.4,64.4,64.4,64.4,75.2,75.2,75.2,75.2,75.2,75.2,75.2,75.2,75.2,75.2,75.2,75.2,75.2,75.2,75.2,75.2,64.4,64.4,64.4","73.4,73.4,73.4,73.4,73.4,73.4,73.4,73.4,73.4,73.4,73.4,73.4,73.4,73.4,73.4,73.4,73.4,73.4,73.4,73.4,73.4,73.4,73.4,73.4","73.4,73.4,73.4,73.4,73.4,73.4,73.4,73.4,73.4,73.4,73.4,73.4,73.4,73.4,73.4,73.4,73.4,73.4,73.4,73.4,73.4,73.4,73.4,73.4",none,0,0,Unadjusted,0,0,0,0,none,0,0,Unadjusted,0,0,0,False,0,0,0.67,60.0,,,true,,single stage,,,thermally enhanced,thermally enhanced,experimental,,,
2020s_CAN_QC_Montreal-McTavish.716120_CWEC2016.epw,True,-5,1,single-family detached,8,1.8,90,0,0,4,0,0,4,0,0,4,0,0,4,1228,1955,4,2,VentedAttic,gable,6:12,3,ConditionedBasement,8,1,9.25,0.49,0.56,0.37,0.3,WoodStud,14.0,26.2,solid concrete,12.0,interior,0,WoodFrame,5.3,5.3,none,medium,1.0,12.0,22.0,Right,ACH,50,15.0,unit exterior only,normal,13.25,False,False,False,False,ElectricResistance,1.0,1.0,none,HSPF,0.0,SEER,0.0,ACCA,false,1.0,1.0,false,none,electricity,1.0,none,electricity,none,,False,0,0.0,False,none,True,,1.0,1.0,electricity,EnergyFactor,0.92,0.0,0,0,125,storage water heater,conditioned space,True,electricity,CombinedEnergyFactor,2.7,0.8,IntegratedModifiedEnergyFactor,0.95,387,0.1065,1.218,24,7.538462,3.5,True,0.8,True,electricity,False,0.8,True,RatedAnnualkWh,318,0.12,1.09,25,4,12,True,433,True,1139,1.0,False,0,0.0,True,0,0.0,0.75,0,0,0.75,0,0,0.75,1.0,5,20,"66.2,66.2,66.2,66.2,66.2,66.2,66.2,66.2,66.2,66.2,66.2,66.2,66.2,66.2,66.2,66.2,66.2,66.2,66.2,66.2,66.2,66.2,66.2,66.2","66.2,66.2,66.2,66.2,66.2,66.2,66.2,66.2,66.2,66.2,66.2,66.2,66.2,66.2,66.2,66.2,66.2,66.2,66.2,66.2,66.2,66.2,66.2,66.2","69.8,69.8,69.8,69.8,69.8,69.8,69.8,69.8,69.8,69.8,69.8,69.8,69.8,69.8,69.8,69.8,69.8,69.8,69.8,69.8,69.8,69.8,69.8,69.8","69.8,69.8,69.8,69.8,69.8,69.8,69.8,69.8,69.8,69.8,69.8,69.8,69.8,69.8,69.8,69.8,69.8,69.8,69.8,69.8,69.8,69.8,69.8,69.8",none,0,0,Unadjusted,0,0,0,0,none,0,0,Unadjusted,0,0,0,False,0,0,0.67,40.0,,,,,,,,,,,,,
2020s_CAN_QC_Montreal-McTavish.716120_CWEC2016.epw,True,-5,3,apartment unit,8,0.5556,135,0,0,4,0,0,4,0,0,4,0,0,4,1138,1985,3,2,VentedAttic,gable,6:12,1,SlabOnGrade,0,0,0.0,0.38,0.44,0.37,0.3,WoodStud,18.9,31.4,solid concrete,17.1,interior,0,WoodFrame,0.0,5.3,none,medium,0.5,0.0,0.0,Right,ACH,50,1.0,unit exterior only,normal,0.0,False,False,False,False,ElectricResistance,1.0,1.0,none,HSPF,0.0,SEER,0.0,ACCA,false,1.0,1.0,false,none,electricity,1.0,none,electricity,mini-split,variable speed,False,0,0.0,False,none,False,,1.0,1.0,electricity,EnergyFactor,0.92,0.0,0,0,125,storage water heater,conditioned space,True,electricity,CombinedEnergyFactor,2.7,1.0,IntegratedModifiedEnergyFactor,0.95,387,0.1065,1.218,24,7.538462,3.5,True,1.0,True,electricity,False,1.0,True,RatedAnnualkWh,290,0.12,1.09,23,4,12,True,748,False,0,0.0,True,935,0.342,True,0,0.0,0.75,0,0,0.75,0,0,0.75,1.0,5,20,"66.2,66.2,66.2,66.2,66.2,71.6,71.6,66.2,66.2,66.2,66.2,66.2,66.2,66.2,66.2,71.6,71.6,71.6,71.6,71.6,71.6,71.6,71.6,66.2","66.2,66.2,66.2,66.2,66.2,71.6,71.6,66.2,66.2,66.2,66.2,66.2,66.2,66.2,66.2,71.6,71.6,71.6,71.6,71.6,71.6,71.6,71.6,66.2","73.4,73.4,73.4,73.4,73.4,73.4,73.4,73.4,73.4,73.4,73.4,73.4,73.4,73.4,73.4,73.4,73.4,73.4,73.4,73.4,73.4,73.4,73.4,73.4","73.4,73.4,73.4,73.4,73.4,73.4,73.4,73.4,73.4,73.4,73.4,73.4,73.4,73.4,73.4,73.4,73.4,73.4,73.4,73.4,73.4,73.4,73.4,73.4",none,0,0,Unadjusted,0,0,0,0,none,0,0,Unadjusted,0,0,0,False,0,0,0.67,40.0,10.0,1.0,,,,,,,,,,,
2020s_CAN_QC_Montreal-McTavish.716120_CWEC2016.epw,True,-5,1,single-family detached,8,1.8,270,0,0,4,0,0,4,0,0,4,0,0,4,2179,1975,4,4,VentedAttic,gable,6:12,2,ConditionedBasement,8,1,9.25,0.49,0.56,0.37,0.3,WoodStud,17.2,28.9,solid concrete,14.4,interior,0,WoodFrame,5.3,5.3,none,medium,1.0,12.0,22.0,Right,ACH,50,3.0,unit exterior only,normal,15.650000000000002,False,False,False,False,Furnace,1.0,1.0,none,HSPF,0.0,SEER,0.0,ACCA,false,1.0,1.0,false,none,electricity,1.0,none,natural gas,central air conditioner,single stage,False,0,0.0,False,none,True,,0.3,0.45,natural gas,EnergyFactor,0.59,0.76,0,0,125,storage water heater,conditioned space,True,electricity,CombinedEnergyFactor,2.7,1.0,IntegratedModifiedEnergyFactor,0.95,387,0.1065,1.218,24,7.538462,3.5,True,1.0,True,natural gas,False,1.0,True,RatedAnnualkWh,290,0.12,1.09,23,4,12,True,727,False,0,0.0,False,0,0.0,True,0,0.0,0.75,0,0,0.75,0,0,0.75,1.0,5,20,"73.4,73.4,73.4,73.4,73.4,73.4,71.6,73.4,73.4,73.4,73.4,73.4,73.4,73.4,73.4,73.4,73.4,71.6,71.6,71.6,71.6,71.6,71.6,71.6","73.4,73.4,73.4,73.4,73.4,73.4,71.6,73.4,73.4,73.4,73.4,73.4,73.4,73.4,73.4,73.4,73.4,71.6,71.6,71.6,71.6,71.6,71.6,71.6","75.2,75.2,75.2,75.2,75.2,75.2,75.2,75.2,75.2,75.2,75.2,75.2,75.2,75.2,75.2,75.2,75.2,75.2,75.2,75.2,75.2,75.2,75.2,75.2","75.2,75.2,75.2,75.2,75.2,75.2,75.2,75.2,75.2,75.2,75.2,75.2,75.2,75.2,75.2,75.2,75.2,75.2,75.2,75.2,75.2,75.2,75.2,75.2",none,0,0,Unadjusted,0,0,0,0,none,0,0,Unadjusted,0,0,0,False,0,0,0.67,40.0,,,,,,,,,,,,,
2020s_CAN_QC_Montreal-McTavish.716120_CWEC2016.epw,True,-5,1,single-family detached,8,1.8,0,0,0,4,0,0,4,0,0,4,0,0,4,2179,2015,4,1,VentedAttic,gable,6:12,3,ConditionedBasement,8,1,9.25,0.37,0.3,0.37,0.3,WoodStud,24.5,42.6,solid concrete,17.0,interior,0,WoodFrame,5.3,5.3,none,medium,1.0,0.0,0.0,Right,ACH,50,2.0,unit exterior only,normal,18.25,False,False,False,False,ElectricResistance,1.0,1.0,none,HSPF,0.0,SEER,0.0,ACCA,false,1.0,1.0,false,none,electricity,1.0,none,electricity,none,,False,0,0.0,False,none,False,,1.0,1.0,electricity,EnergyFactor,0.92,0.0,0,0,125,storage water heater,conditioned space,False,natural gas,CombinedEnergyFactor,2.7,1.0,IntegratedModifiedEnergyFactor,0.95,387,0.1065,1.218,24,7.538462,3.5,True,1.0,True,electricity,False,1.0,False,RatedAnnualkWh,0,0.0,0.0,0,0,0,True,348,False,0,0.0,True,935,0.342,True,0,0.0,0.12,0,0,0.12,0,0,0.12,1.0,5,20,"50.0,50.0,50.0,50.0,50.0,50.0,50.0,71.6,71.6,71.6,71.6,71.6,71.6,71.6,71.6,71.6,71.6,71.6,50.0,50.0,50.0,50.0,50.0,50.0","50.0,50.0,50.0,50.0,50.0,50.0,50.0,71.6,71.6,71.6,71.6,71.6,71.6,71.6,71.6,71.6,71.6,71.6,50.0,50.0,50.0,50.0,50.0,50.0","69.8,69.8,69.8,69.8,69.8,69.8,69.8,69.8,69.8,69.8,69.8,69.8,69.8,69.8,69.8,69.8,69.8,69.8,69.8,69.8,69.8,69.8,69.8,69.8","69.8,69.8,69.8,69.8,69.8,69.8,69.8,69.8,69.8,69.8,69.8,69.8,69.8,69.8,69.8,69.8,69.8,69.8,69.8,69.8,69.8,69.8,69.8,69.8",none,0,0,Unadjusted,0,0,0,0,none,0,0,Unadjusted,0,0,0,False,0,0,0.67,,,,,,,,,,,,,,
2020s_CAN_QC_Saguenay-Bagotville.AP-CFB.Bagotville.717270_CWEC2016.epw,True,-5,1,single-family detached,8,1.8,270,0,0,4,0,0,4,0,0,4,0,0,4,1228,2015,2,1,VentedAttic,gable,6:12,1,SlabOnGrade,0,0,0.0,0.37,0.3,0.37,0.3,WoodStud,24.5,42.6,solid concrete,17.0,interior,0,WoodFrame,0.0,5.3,none,medium,0.5,0.0,0.0,Right,ACH,50,2.0,unit exterior only,normal,0.0,False,False,False,False,Boiler,0.72,1.0,none,HSPF,0.0,SEER,0.0,ACCA,false,1.0,1.0,false,none,electricity,1.0,none,wood,none,,False,0,0.0,False,none,False,,1.0,1.0,electricity,EnergyFactor,0.92,0.0,0,0,125,storage water heater,conditioned space,True,electricity,CombinedEnergyFactor,2.7,0.8,IntegratedModifiedEnergyFactor,0.95,387,0.1065,1.218,24,7.538462,3.5,True,0.8,True,electricity,False,0.8,True,RatedAnnualkWh,290,0.12,1.09,23,4,12,True,748,False,0,0.0,True,935,0.342,True,0,0.0,0.0,0,0,0.0,0,0,0.0,1.0,5,20,"69.8,69.8,69.8,69.8,69.8,69.8,69.8,69.8,71.6,71.6,71.6,71.6,71.6,71.6,71.6,71.6,69.8,69.8,69.8,69.8,69.8,69.8,69.8,69.8","69.8,69.8,69.8,69.8,69.8,69.8,69.8,69.8,71.6,71.6,71.6,71.6,71.6,71.6,71.6,71.6,69.8,69.8,69.8,69.8,69.8,69.8,69.8,69.8","77.0,77.0,77.0,77.0,77.0,77.0,77.0,77.0,77.0,77.0,77.0,77.0,77.0,77.0,77.0,77.0,77.0,77.0,77.0,77.0,77.0,77.0,77.0,77.0","77.0,77.0,77.0,77.0,77.0,77.0,77.0,77.0,77.0,77.0,77.0,77.0,77.0,77.0,77.0,77.0,77.0,77.0,77.0,77.0,77.0,77.0,77.0,77.0",none,0,0,Unadjusted,0,0,0,0,none,0,0,Unadjusted,0,0,0,False,0,0,0.67,60.0,,,,,,,,,,,,,
2020s_CAN_QC_Montreal-McTavish.716120_CWEC2016.epw,True,-5,1,single-family detached,8,1.8,0,0,0,4,0,0,4,0,0,4,0,0,4,750,1985,3,3,VentedAttic,gable,6:12,2,ConditionedBasement,8,1,9.25,0.49,0.56,0.37,0.3,WoodStud,20.7,32.5,solid concrete,17.1,interior,0,WoodFrame,5.3,5.3,none,medium,1.0,8.838834764831844,15.90990257669732,Right,ACH,50,6.0,unit exterior only,normal,18.35,False,False,False,False,none,0.0,1.0,air-to-air,HSPF,6.2,SEER,10.0,ACCA,false,1.0,1.0,false,integrated,fuel oil,0.8,none,natural gas,none,,False,0,0.0,True,electric resistance,False,,1.0,1.0,propane,EnergyFactor,0.59,0.76,0,0,125,storage water heater,conditioned space,True,electricity,CombinedEnergyFactor,2.7,1.0,IntegratedModifiedEnergyFactor,0.0,0,0.0,0.0,0,0.0,0.0,False,1.0,True,electricity,False,1.0,True,RatedAnnualkWh,290,0.12,1.09,23,4,12,True,383,False,0,0.0,True,935,0.342,True,0,0.0,0.75,0,0,0.75,0,0,0.75,1.0,5,20,"75.2,75.2,75.2,75.2,75.2,75.2,75.2,75.2,75.2,75.2,75.2,75.2,75.2,75.2,75.2,75.2,75.2,75.2,75.2,75.2,75.2,75.2,75.2,75.2","75.2,75.2,75.2,75.2,75.2,75.2,75.2,75.2,75.2,75.2,75.2,75.2,75.2,75.2,75.2,75.2,75.2,75.2,75.2,75.2,75.2,75.2,75.2,75.2","73.4,73.4,73.4,73.4,73.4,73.4,73.4,73.4,73.4,73.4,73.4,73.4,73.4,73.4,73.4,73.4,73.4,73.4,73.4,73.4,73.4,73.4,73.4,73.4","73.4,73.4,73.4,73.4,73.4,73.4,73.4,73.4,73.4,73.4,73.4,73.4,73.4,73.4,73.4,73.4,73.4,73.4,73.4,73.4,73.4,73.4,73.4,73.4",none,0,0,Unadjusted,0,0,0,0,none,0,0,Unadjusted,0,0,0,False,0,0,0.67,50.0,,,true,10.4,single stage,,,,,,0.0,865.3157552083333,
2020s_CAN_QC_Montreal-McTavish.716120_CWEC2016.epw,True,-5,3,apartment unit,8,0.5556,270,0,0,4,0,0,4,0,0,4,0,0,4,4250,1985,2,1,VentedAttic,gable,6:12,1,SlabOnGrade,0,0,0.0,0.49,0.56,0.37,0.3,WoodStud,18.9,31.4,solid concrete,17.1,interior,0,WoodFrame,0.0,5.3,none,medium,0.5,0.0,0.0,Right,ACH,50,4.0,unit exterior only,normal,0.0,False,False,False,False,ElectricResistance,1.0,1.0,none,HSPF,0.0,SEER,0.0,ACCA,false,1.0,1.0,false,none,electricity,1.0,none,electricity,none,,False,0,0.0,False,none,False,,1.0,1.0,electricity,EnergyFactor,0.92,0.0,0,0,125,storage water heater,conditioned space,True,electricity,CombinedEnergyFactor,2.7,0.8,IntegratedModifiedEnergyFactor,0.0,0,0.0,0.0,0,0.0,0.0,False,0.8,True,electricity,False,0.8,False,RatedAnnualkWh,0,0.0,0.0,0,0,0,True,383,False,0,0.0,True,935,0.342,True,0,0.0,0.37,0,0,0.37,0,0,0.37,1.0,5,20,"64.4,64.4,64.4,64.4,64.4,64.4,64.4,64.4,64.4,73.4,73.4,73.4,73.4,73.4,73.4,73.4,73.4,73.4,73.4,73.4,73.4,73.4,73.4,73.4","64.4,64.4,64.4,64.4,64.4,64.4,64.4,64.4,64.4,73.4,73.4,73.4,73.4,73.4,73.4,73.4,73.4,73.4,73.4,73.4,73.4,73.4,73.4,73.4","71.6,71.6,71.6,71.6,71.6,71.6,71.6,71.6,71.6,71.6,71.6,71.6,71.6,71.6,71.6,71.6,71.6,71.6,71.6,71.6,71.6,71.6,71.6,71.6","71.6,71.6,71.6,71.6,71.6,71.6,71.6,71.6,71.6,71.6,71.6,71.6,71.6,71.6,71.6,71.6,71.6,71.6,71.6,71.6,71.6,71.6,71.6,71.6",none,0,0,Unadjusted,0,0,0,0,none,0,0,Unadjusted,0,0,0,False,0,0,0.67,22.0,10.0,1.0,,,,,,,,,,,
2020s_CAN_QC_Quebec-Lesage.Intl.AP.717140_CWEC2016.epw,True,-5,1,single-family detached,8,1.8,45,0,0,4,0,0,4,0,0,4,0,0,4,2179,1965,5,4,VentedAttic,gable,6:12,2,ConditionedBasement,8,1,9.25,0.37,0.3,0.37,0.3,WoodStud,14.0,26.2,solid concrete,12.0,interior,0,WoodFrame,5.3,5.3,none,medium,1.0,0.0,0.0,Right,ACH,50,10.0,unit exterior only,normal,13.25,False,False,False,False,Boiler,0.72,1.0,none,HSPF,0.0,SEER,0.0,ACCA,false,1.0,1.0,false,none,electricity,1.0,none,wood,central air conditioner,single stage,False,0,0.0,False,none,True,heat pump,1.0,1.0,electricity,EnergyFactor,0.92,0.0,0,0,125,storage water heater,conditioned space,True,electricity,CombinedEnergyFactor,2.7,1.0,IntegratedModifiedEnergyFactor,0.95,387,0.1065,1.218,24,7.538462,3.5,True,1.0,True,electricity,False,1.0,True,RatedAnnualkWh,318,0.12,1.09,25,4,12,True,383,False,0,0.0,True,935,0.342,True,0,0.0,0.0,0,0,0.0,0,0,0.0,1.0,5,20,"68.0,68.0,68.0,68.0,68.0,68.0,69.8,69.8,69.8,69.8,69.8,69.8,69.8,69.8,69.8,69.8,69.8,69.8,69.8,69.8,69.8,69.8,68.0,68.0","68.0,68.0,68.0,68.0,68.0,68.0,69.8,69.8,69.8,69.8,69.8,69.8,69.8,69.8,69.8,69.8,69.8,69.8,69.8,69.8,69.8,69.8,68.0,68.0","68.0,68.0,68.0,68.0,68.0,68.0,68.0,68.0,68.0,68.0,68.0,68.0,68.0,68.0,68.0,68.0,68.0,68.0,68.0,68.0,68.0,68.0,68.0,68.0","68.0,68.0,68.0,68.0,68.0,68.0,68.0,68.0,68.0,68.0,68.0,68.0,68.0,68.0,68.0,68.0,68.0,68.0,68.0,68.0,68.0,68.0,68.0,68.0",none,0,0,Unadjusted,0,0,0,0,none,0,0,Unadjusted,0,0,0,False,0,0,0.67,60.0,,,,,,,,,,,,,
2020s_CAN_QC_Quebec-Lesage.Intl.AP.717140_CWEC2016.epw,True,-5,1,single-family detached,8,1.8,0,0,0,4,0,0,4,0,0,4,0,0,4,1228,1985,4,2,VentedAttic,gable,6:12,2,ConditionedBasement,8,1,9.25,0.37,0.3,0.37,0.3,WoodStud,20.7,32.5,solid concrete,17.1,interior,0,WoodFrame,5.3,5.3,none,medium,1.0,0.0,0.0,Right,ACH,50,10.0,unit exterior only,normal,18.35,False,False,False,False,Boiler,0.72,1.0,none,HSPF,0.0,SEER,0.0,ACCA,false,1.0,1.0,false,none,electricity,1.0,none,wood,mini-split,variable speed,False,0,0.0,False,none,True,heat pump,1.0,1.0,electricity,,0.92,0.0,0,0,125,,conditioned space,True,electricity,CombinedEnergyFactor,2.7,1.2,IntegratedModifiedEnergyFactor,0.95,387,0.1065,1.218,24,7.538462,3.5,True,1.2,True,electricity,False,1.2,True,RatedAnnualkWh,290,0.12,1.09,23,4,12,True,748,False,0,0.0,False,0,0.0,True,0,0.0,0.0,0,0,0.0,0,0,0.0,1.0,5,20,"66.2,66.2,66.2,66.2,66.2,66.2,66.2,66.2,66.2,66.2,66.2,66.2,66.2,66.2,66.2,66.2,66.2,66.2,66.2,66.2,66.2,66.2,66.2,66.2","66.2,66.2,66.2,66.2,66.2,66.2,66.2,66.2,66.2,66.2,66.2,66.2,66.2,66.2,66.2,66.2,66.2,66.2,66.2,66.2,66.2,66.2,66.2,66.2","73.4,73.4,73.4,73.4,73.4,73.4,73.4,73.4,73.4,73.4,73.4,73.4,73.4,73.4,73.4,73.4,73.4,73.4,73.4,73.4,73.4,73.4,73.4,73.4","73.4,73.4,73.4,73.4,73.4,73.4,73.4,73.4,73.4,73.4,73.4,73.4,73.4,73.4,73.4,73.4,73.4,73.4,73.4,73.4,73.4,73.4,73.4,73.4",none,0,0,Unadjusted,0,0,0,0,none,0,0,Unadjusted,0,0,0,False,0,0,0.67,,,,,,,,,,,,,,
2020s_CAN_QC_Quebec-Lesage.Intl.AP.717140_CWEC2016.epw,True,-5,1,single-family detached,8,1.8,0,0,0,4,0,0,4,0,0,4,0,0,4,1698,1955,3,2,VentedAttic,gable,6:12,2,ConditionedBasement,8,1,9.25,0.38,0.44,0.37,0.3,WoodStud,14.0,26.2,solid concrete,12.0,interior,0,WoodFrame,5.3,5.3,none,medium,1.0,0.0,0.0,Right,ACH,50,10.0,unit exterior only,normal,13.25,False,False,False,False,Furnace,1.0,1.0,none,HSPF,0.0,SEER,0.0,ACCA,false,1.0,1.0,false,none,electricity,1.0,none,electricity,central air conditioner,single stage,False,0,0.0,False,none,False,,1.0,1.0,electricity,EnergyFactor,0.92,0.0,0,0,125,storage water heater,conditioned space,True,electricity,CombinedEnergyFactor,2.7,0.8,IntegratedModifiedEnergyFactor,0.95,387,0.1065,1.218,24,7.538462,3.5,True,0.8,True,electricity,False,0.8,True,RatedAnnualkWh,318,0.12,1.09,25,4,12,True,383,False,0,0.0,False,0,0.0,True,0,0.0,0.75,0,0,0.75,0,0,0.75,1.0,5,20,"69.8,69.8,69.8,69.8,69.8,69.8,69.8,69.8,69.8,71.6,71.6,71.6,71.6,71.6,71.6,71.6,69.8,69.8,69.8,69.8,69.8,69.8,69.8,69.8","69.8,69.8,69.8,69.8,69.8,69.8,69.8,69.8,69.8,71.6,71.6,71.6,71.6,71.6,71.6,71.6,69.8,69.8,69.8,69.8,69.8,69.8,69.8,69.8","68.0,68.0,68.0,68.0,68.0,68.0,68.0,68.0,68.0,68.0,68.0,68.0,68.0,68.0,68.0,68.0,68.0,68.0,68.0,68.0,68.0,68.0,68.0,68.0","68.0,68.0,68.0,68.0,68.0,68.0,68.0,68.0,68.0,68.0,68.0,68.0,68.0,68.0,68.0,68.0,68.0,68.0,68.0,68.0,68.0,68.0,68.0,68.0",none,0,0,Unadjusted,0,0,0,0,none,0,0,Unadjusted,0,0,0,False,0,0,0.67,40.0,,,,,,,,,,,,,
2020s_CAN_QC_Quebec-Lesage.Intl.AP.717140_CWEC2016.epw,True,-5,2,apartment unit,8,0.5556,180,0,0,4,0,0,4,0,0,4,0,0,4,750,1995,2,1,VentedAttic,gable,6:12,1,SlabOnGrade,0,0,0.0,0.37,0.3,0.37,0.3,WoodStud,18.9,31.4,solid concrete,17.1,interior,0,WoodFrame,0.0,5.3,none,medium,0.5,0.0,0.0,Right,ACH,50,1.0,unit exterior only,normal,0.0,False,False,False,False,none,0.0,1.0,mini-split,HSPF,12.7,SEER,25.0,ACCA,false,1.0,1.0,false,integrated,electricity,1.0,none,electricity,none,,False,0,0.0,False,none,False,,1.0,1.0,electricity,,0.92,0.0,0,0,125,storage water heater,other multifamily buffer space,True,electricity,CombinedEnergyFactor,2.7,1.0,IntegratedModifiedEnergyFactor,0.95,387,0.1065,1.218,24,7.538462,3.5,True,1.0,True,electricity,False,1.0,False,RatedAnnualkWh,0,0.0,0.0,0,0,0,True,348,False,0,0.0,False,0,0.0,True,0,0.0,0.12,0,0,0.12,0,0,0.12,1.0,5,20,"66.2,66.2,66.2,66.2,66.2,66.2,66.2,66.2,66.2,69.8,69.8,68.0,68.0,68.0,68.0,68.0,69.8,69.8,69.8,69.8,69.8,69.8,69.8,69.8","66.2,66.2,66.2,66.2,66.2,66.2,66.2,66.2,66.2,69.8,69.8,68.0,68.0,68.0,68.0,68.0,69.8,69.8,69.8,69.8,69.8,69.8,69.8,69.8","66.2,66.2,66.2,66.2,66.2,66.2,66.2,66.2,66.2,66.2,66.2,66.2,66.2,66.2,66.2,66.2,66.2,66.2,66.2,66.2,66.2,66.2,66.2,66.2","66.2,66.2,66.2,66.2,66.2,66.2,66.2,66.2,66.2,66.2,66.2,66.2,66.2,66.2,66.2,66.2,66.2,66.2,66.2,66.2,66.2,66.2,66.2,66.2",none,0,0,Unadjusted,0,0,0,0,none,0,0,Unadjusted,0,0,0,False,0,0,0.67,,10.0,1.0,false,,variable speed,0.5,-15.0,,,,,,
2020s_CAN_QC_Montreal-McTavish.716120_CWEC2016.epw,True,-5,1,single-family detached,8,1.8,270,0,0,4,0,0,4,0,0,4,0,0,4,1228,1940,4,3,VentedAttic,gable,6:12,2,ConditionedBasement,8,1,9.25,0.49,0.56,0.37,0.3,WoodStud,14.5,21.2,solid concrete,10.1,interior,0,WoodFrame,5.3,5.3,none,medium,1.0,0.0,0.0,Right,ACH,50,6.0,unit exterior only,normal,11.35,False,False,False,False,none,0.0,1.0,air-to-air,HSPF,7.7,SEER,13.0,ACCA,false,1.0,1.0,false,integrated,electricity,1.0,none,electricity,none,,False,0,0.0,False,none,False,,1.0,1.0,electricity,EnergyFactor,0.92,0.0,0,0,125,storage water heater,conditioned space,True,electricity,CombinedEnergyFactor,2.7,1.0,IntegratedModifiedEnergyFactor,0.95,387,0.1065,1.218,24,7.538462,3.5,True,1.0,True,electricity,False,1.0,False,RatedAnnualkWh,0,0.0,0.0,0,0,0,True,727,False,0,0.0,True,935,0.342,True,0,0.0,0.12,0,0,0.12,0,0,0.12,1.0,5,20,"64.4,64.4,64.4,64.4,71.6,71.6,71.6,69.8,69.8,69.8,69.8,69.8,69.8,69.8,69.8,69.8,69.8,71.6,71.6,71.6,71.6,71.6,64.4,64.4","64.4,64.4,64.4,64.4,71.6,71.6,71.6,69.8,69.8,69.8,69.8,69.8,69.8,69.8,69.8,69.8,69.8,71.6,71.6,71.6,71.6,71.6,64.4,64.4","73.4,73.4,73.4,73.4,73.4,73.4,73.4,73.4,73.4,73.4,73.4,73.4,73.4,73.4,73.4,73.4,73.4,73.4,73.4,73.4,73.4,73.4,73.4,73.4","73.4,73.4,73.4,73.4,73.4,73.4,73.4,73.4,73.4,73.4,73.4,73.4,73.4,73.4,73.4,73.4,73.4,73.4,73.4,73.4,73.4,73.4,73.4,73.4",none,0,0,Unadjusted,0,0,0,0,none,0,0,Unadjusted,0,0,0,False,0,0,0.67,40.0,,,true,,single stage,,,,,,,,
2020s_CAN_QC_Saguenay-Bagotville.AP-CFB.Bagotville.717270_CWEC2016.epw,True,-5,1,single-family detached,8,1.8,315,0,0,4,0,0,4,0,0,4,0,0,4,1698,1975,5,2,VentedAttic,gable,6:12,3,ConditionedBasement,8,1,9.25,0.37,0.3,0.37,0.3,WoodStud,17.2,28.9,solid concrete,14.4,interior,0,WoodFrame,5.3,5.3,none,medium,1.0,12.0,22.0,Right,ACH,50,6.0,unit exterior only,normal,15.650000000000002,False,False,False,False,Furnace,0.8,1.0,none,HSPF,0.0,SEER,0.0,ACCA,false,1.0,1.0,false,none,electricity,1.0,none,fuel oil,none,,True,1,,False,none,False,,1.0,1.0,electricity,EnergyFactor,0.92,0.0,0,0,125,storage water heater,conditioned space,True,electricity,CombinedEnergyFactor,2.7,1.2,IntegratedModifiedEnergyFactor,0.95,387,0.1065,1.218,24,7.538462,3.5,True,1.2,True,electricity,False,1.2,True,RatedAnnualkWh,290,0.12,1.09,23,4,12,True,748,False,0,0.0,False,0,0.0,True,0,0.0,0.37,0,0,0.37,0,0,0.37,1.0,5,20,"66.2,66.2,66.2,66.2,66.2,66.2,66.2,69.8,69.8,71.6,71.6,71.6,71.6,71.6,71.6,71.6,69.8,69.8,69.8,69.8,69.8,69.8,69.8,69.8","66.2,66.2,66.2,66.2,66.2,66.2,66.2,69.8,69.8,71.6,71.6,71.6,71.6,71.6,71.6,71.6,69.8,69.8,69.8,69.8,69.8,69.8,69.8,69.8","71.6,71.6,71.6,71.6,71.6,71.6,71.6,71.6,71.6,71.6,71.6,71.6,71.6,71.6,71.6,71.6,71.6,71.6,71.6,71.6,71.6,71.6,71.6,71.6","71.6,71.6,71.6,71.6,71.6,71.6,71.6,71.6,71.6,71.6,71.6,71.6,71.6,71.6,71.6,71.6,71.6,71.6,71.6,71.6,71.6,71.6,71.6,71.6",none,0,0,Unadjusted,0,0,0,0,none,0,0,Unadjusted,0,0,0,False,0,0,0.67,,,,,,,,,,,,,,3274.0
2020s_CAN_QC_Montreal-McTavish.716120_CWEC2016.epw,True,-5,67,apartment unit,8,0.5556,180,0,0,4,0,0,4,0,0,4,0,0,4,1138,2005,3,2,VentedAttic,gable,6:12,1,SlabOnGrade,0,0,0.0,0.49,0.56,0.37,0.3,WoodStud,18.9,31.4,solid concrete,17.1,interior,0,WoodFrame,0.0,5.3,none,medium,0.5,0.0,0.0,Right,ACH,50,5.398507223030824,unit exterior only,normal,0.0,True,False,True,False,ElectricResistance,1.0,1.0,none,HSPF,0.0,SEER,0.0,ACCA,false,1.0,1.0,false,none,electricity,1.0,none,electricity,mini-split,variable speed,False,0,0.0,False,none,False,,1.0,1.0,electricity,EnergyFactor,0.92,0.0,0,0,125,storage water heater,conditioned space,True,electricity,CombinedEnergyFactor,2.7,0.8,IntegratedModifiedEnergyFactor,0.95,387,0.1065,1.218,24,7.538462,3.5,True,0.8,True,electricity,False,0.8,False,RatedAnnualkWh,0,0.0,0.0,0,0,0,True,383,False,0,0.0,False,0,0.0,True,0,0.0,0.0,0,0,0.0,0,0,0.0,1.0,5,20,"64.4,64.4,64.4,64.4,64.4,64.4,64.4,64.4,68.0,64.4,64.4,64.4,64.4,64.4,68.0,68.0,68.0,68.0,68.0,68.0,68.0,68.0,68.0,64.4","64.4,64.4,64.4,64.4,64.4,64.4,64.4,64.4,68.0,64.4,64.4,64.4,64.4,64.4,68.0,68.0,68.0,68.0,68.0,68.0,68.0,68.0,68.0,64.4","69.8,69.8,69.8,69.8,69.8,69.8,69.8,69.8,69.8,69.8,69.8,69.8,69.8,69.8,69.8,69.8,69.8,69.8,69.8,69.8,69.8,69.8,69.8,69.8","69.8,69.8,69.8,69.8,69.8,69.8,69.8,69.8,69.8,69.8,69.8,69.8,69.8,69.8,69.8,69.8,69.8,69.8,69.8,69.8,69.8,69.8,69.8,69.8",none,0,0,Unadjusted,0,0,0,0,none,0,0,Unadjusted,0,0,0,False,0,0,0.67,,,,,,,,,,,,,,
2020s_CAN_QC_Montreal-McTavish.716120_CWEC2016.epw,True,-5,16,apartment unit,8,0.5556,270,0,0,4,0,0,4,0,0,4,0,0,4,322,2005,3,2,VentedAttic,gable,6:12,1,SlabOnGrade,0,0,0.0,0.38,0.44,0.37,0.3,WoodStud,18.9,31.4,solid concrete,17.1,interior,0,WoodFrame,0.0,5.3,none,medium,0.75,0.0,0.0,Right,ACH,50,1.0,unit exterior only,normal,0.0,False,True,False,False,ElectricResistance,1.0,1.0,none,HSPF,0.0,SEER,0.0,ACCA,false,1.0,1.0,false,none,electricity,1.0,none,electricity,none,,False,0,0.0,False,none,False,,1.0,1.0,electricity,EnergyFactor,0.92,0.0,0,0,125,storage water heater,conditioned space,True,electricity,CombinedEnergyFactor,2.7,1.0,IntegratedModifiedEnergyFactor,0.95,387,0.1065,1.218,24,7.538462,3.5,True,1.0,True,electricity,False,1.0,True,RatedAnnualkWh,290,0.12,1.09,23,4,12,True,727,False,0,0.0,False,0,0.0,True,0,0.0,0.75,0,0,0.75,0,0,0.75,1.0,5,20,"69.8,69.8,69.8,69.8,69.8,69.8,69.8,69.8,69.8,69.8,69.8,69.8,69.8,69.8,69.8,69.8,69.8,69.8,69.8,71.6,71.6,71.6,71.6,69.8","69.8,69.8,69.8,69.8,69.8,69.8,69.8,69.8,69.8,69.8,69.8,69.8,69.8,69.8,69.8,69.8,69.8,69.8,69.8,71.6,71.6,71.6,71.6,69.8","75.2,75.2,75.2,75.2,75.2,75.2,75.2,75.2,75.2,75.2,75.2,75.2,75.2,75.2,75.2,75.2,75.2,75.2,75.2,75.2,75.2,75.2,75.2,75.2","75.2,75.2,75.2,75.2,75.2,75.2,75.2,75.2,75.2,75.2,75.2,75.2,75.2,75.2,75.2,75.2,75.2,75.2,75.2,75.2,75.2,75.2,75.2,75.2",none,0,0,Unadjusted,0,0,0,0,none,0,0,Unadjusted,0,0,0,False,0,0,0.67,,,,,,,,,,,,,,
2020s_CAN_QC_Quebec-Lesage.Intl.AP.717140_CWEC2016.epw,True,-5,1,single-family detached,8,1.8,180,0,0,4,0,0,4,0,0,4,0,0,4,1228,1985,3,3,VentedAttic,gable,6:12,3,ConditionedBasement,8,1,9.25,0.37,0.3,0.37,0.3,WoodStud,20.7,32.5,solid concrete,17.1,interior,0,WoodFrame,5.3,5.3,none,medium,1.0,12.0,22.0,Right,ACH,50,10.0,unit exterior only,normal,18.35,False,False,False,False,none,0.0,1.0,air-to-air,HSPF,8.5,SEER,15.0,ACCA,false,1.0,1.0,false,integrated,electricity,1.0,none,electricity,none,,False,0,0.0,True,electric resistance,False,,1.0,1.0,electricity,EnergyFactor,0.92,0.0,0,0,125,storage water heater,conditioned space,True,electricity,CombinedEnergyFactor,2.7,1.2,IntegratedModifiedEnergyFactor,0.95,387,0.1065,1.218,24,7.538462,3.5,True,1.2,True,electricity,False,1.2,True,RatedAnnualkWh,318,0.12,1.09,25,4,12,True,348,False,0,0.0,True,935,0.342,True,0,0.0,0.37,0,0,0.37,0,0,0.37,1.0,5,20,"50.0,50.0,50.0,50.0,55.4,55.4,55.4,64.4,64.4,64.4,64.4,64.4,64.4,64.4,64.4,64.4,64.4,64.4,55.4,55.4,55.4,55.4,55.4,55.4","50.0,50.0,50.0,50.0,55.4,55.4,55.4,64.4,64.4,64.4,64.4,64.4,64.4,64.4,64.4,64.4,64.4,64.4,55.4,55.4,55.4,55.4,55.4,55.4","69.8,69.8,69.8,69.8,69.8,69.8,69.8,69.8,69.8,69.8,69.8,69.8,69.8,69.8,69.8,69.8,69.8,69.8,69.8,69.8,69.8,69.8,69.8,69.8","69.8,69.8,69.8,69.8,69.8,69.8,69.8,69.8,69.8,69.8,69.8,69.8,69.8,69.8,69.8,69.8,69.8,69.8,69.8,69.8,69.8,69.8,69.8,69.8",none,0,0,Unadjusted,0,0,0,0,none,0,0,Unadjusted,0,0,0,False,0,0,0.67,,,,true,,single stage,,,,,,0.0,928.8519965277777,
